web_scraper_order,web_scraper_start_url,brand_link,product_link,product_image,product_name,product_price
"1784052014-1","https://www.olizstore.com/brands","https://www.olizstore.com/brand/zhiyun","https://www.olizstore.com/product/zhiyun-tech-transmount-multifunctional-camera-belt","https://wsrv.nl/?w=560&url=https://cdn2.blanxer.com/uploads/682feff88c633f25b4c7ce32/product_image-zhiyun-tech-crane-3s-pro-handheld-stabilizer-side-4627.webp","Zhiyun-Tech TransMount Multifunctional Camera Belt","3,200"
"1784052016-2","https://www.olizstore.com/brands","https://www.olizstore.com/brand/zhiyun","https://www.olizstore.com/product/zhiyun-tech-transmount-quick-setup-adapter-for-weebill-lab-(2-pack)","https://wsrv.nl/?w=560&url=https://cdn2.blanxer.com/uploads/682feff88c633f25b4c7ce32/product_image-zhiyun-tech-crane-3s-pro-handheld-stabilizer-side-4627.webp","Zhiyun-Tech TransMount Quick Setup Adapter for WEEBILL LAB (2-Pack)","4,500"
"1784052018-3","https://www.olizstore.com/brands","https://www.olizstore.com/brand/zhiyun","https://www.olizstore.com/product/zhiyun-tech-transmount-phone-holder-with-crown-gear-for-crane-3-lab-and-weebill-lab","https://wsrv.nl/?w=560&url=https://cdn2.blanxer.com/uploads/682feff88c633f25b4c7ce32/product_image-zhiyun-tech-crane-3s-pro-handheld-stabilizer-side-4627.webp","Zhiyun-Tech TransMount Phone Holder with Crown Gear for Crane 3-Lab & WEEBILL LAB","5,500"
"1784052021-4","https://www.olizstore.com/brands","https://www.olizstore.com/brand/zhiyun","https://www.olizstore.com/product/zhiyun-tech-smooth-x-smartphone-gimbal-combo-kit","https://wsrv.nl/?w=560&url=https://cdn2.blanxer.com/uploads/682feff88c633f25b4c7ce32/product_image-zhiyun-tech-crane-3s-pro-handheld-stabilizer-side-4627.webp","Zhiyun-Tech SMOOTH-X Smartphone Gimbal Combo Kit","10,500"
"1784052023-5","https://www.olizstore.com/brands","https://www.olizstore.com/brand/zhiyun","https://www.olizstore.com/product/zhiyun-tech-smooth-xs-2-axis-smartphone-stabilizer","https://wsrv.nl/?w=560&url=https://cdn2.blanxer.com/uploads/682feff88c633f25b4c7ce32/product_image-zhiyun-tech-crane-3s-pro-handheld-stabilizer-side-4627.webp","Zhiyun-Tech SMOOTH-XS 2-Axis Smartphone Stabilizer","12,000"
"1784052025-6","https://www.olizstore.com/brands","https://www.olizstore.com/brand/zhiyun","https://www.olizstore.com/product/zhiyun-tech-smooth-q2-smartphone-gimbal-stabilizer","https://wsrv.nl/?w=560&url=https://cdn2.blanxer.com/uploads/682feff88c633f25b4c7ce32/product_image-zhiyun-tech-crane-3s-pro-handheld-stabilizer-side-4627.webp","Zhiyun-Tech Smooth-Q2 Smartphone Gimbal Stabilizer","18,900"
"1784052027-7","https://www.olizstore.com/brands","https://www.olizstore.com/brand/zhiyun","https://www.olizstore.com/product/zhiyun-tech-transmount-multifunctional-gimbal-bag","https://wsrv.nl/?w=560&url=https://cdn2.blanxer.com/uploads/682feff88c633f25b4c7ce32/product_image-zhiyun-tech-crane-3s-pro-handheld-stabilizer-side-4627.webp","Zhiyun-Tech TransMount Multifunctional Gimbal Bag","19,500"
"1784052029-8","https://www.olizstore.com/brands","https://www.olizstore.com/brand/zhiyun","https://www.olizstore.com/product/zhiyun-tech-transmount-focus-and-zoom-servo-combo-kit-for-crane-3-lab","https://wsrv.nl/?w=560&url=https://cdn2.blanxer.com/uploads/682feff88c633f25b4c7ce32/product_image-zhiyun-tech-crane-3s-pro-handheld-stabilizer-side-4627.webp","Zhiyun-Tech TransMount Focus & Zoom Servo Combo Kit for Crane 3-Lab","20,000"
"1784052031-9","https://www.olizstore.com/brands","https://www.olizstore.com/brand/zhiyun","https://www.olizstore.com/product/zhiyun-tech-weebill-s-handheld-gimbal-stabilizer","https://wsrv.nl/?w=560&url=https://cdn2.blanxer.com/uploads/682feff88c633f25b4c7ce32/product_image-zhiyun-tech-crane-3s-pro-handheld-stabilizer-side-4627.webp","Zhiyun-Tech WEEBILL-S Handheld Gimbal Stabilizer","53,000"
"1784052034-10","https://www.olizstore.com/brands","https://www.olizstore.com/brand/zhiyun","https://www.olizstore.com/product/zhiyun-tech-crane-m3-standard-kit","https://wsrv.nl/?w=560&url=https://cdn2.blanxer.com/uploads/682feff88c633f25b4c7ce32/product_image-zhiyun-tech-crane-3s-pro-handheld-stabilizer-side-4627.webp","Zhiyun-Tech CRANE-M3 Standard Kit","55,000"
"1784052036-11","https://www.olizstore.com/brands","https://www.olizstore.com/brand/zhiyun","https://www.olizstore.com/product/zhiyun-crane-3-lab-3s-master-accessories-kit","https://wsrv.nl/?w=560&url=https://cdn2.blanxer.com/uploads/682feff88c633f25b4c7ce32/product_image-zhiyun-tech-crane-3s-pro-handheld-stabilizer-side-4627.webp","Zhiyun Crane 3 LAB / 3S Master Accessories Kit","55,000"
"1784052038-12","https://www.olizstore.com/brands","https://www.olizstore.com/brand/zhiyun","https://www.olizstore.com/product/zhiyun-tech-crane-m3-combo-kit","https://wsrv.nl/?w=560&url=https://cdn2.blanxer.com/uploads/682feff88c633f25b4c7ce32/product_image-zhiyun-tech-crane-3s-pro-handheld-stabilizer-side-4627.webp","Zhiyun-Tech CRANE-M3 Combo Kit","68,000"
"1784052040-13","https://www.olizstore.com/brands","https://www.olizstore.com/brand/zhiyun","https://www.olizstore.com/product/zhiyun-tech-weebill-2-3-axis-gimbal-stabilizer-with-rotating-touchscreen","https://wsrv.nl/?w=560&url=https://cdn2.blanxer.com/uploads/682feff88c633f25b4c7ce32/product_image-zhiyun-tech-crane-3s-pro-handheld-stabilizer-side-4627.webp","Zhiyun-Tech WEEBILL-2 3-Axis Gimbal Stabilizer with Rotating Touchscreen","72,500"
"1784052042-14","https://www.olizstore.com/brands","https://www.olizstore.com/brand/zhiyun","https://www.olizstore.com/product/zhiyun-mini-tripod-for-smooth-q2-gimbal-stabilizers-price-in-nepal","https://wsrv.nl/?w=560&url=https://cdn2.blanxer.com/uploads/682feff88c633f25b4c7ce32/product_image-zhiyun-tech-crane-3s-pro-handheld-stabilizer-side-4627.webp","Zhiyun Mini Tripod for Smooth Q2 Gimbal Stabilizers","2,250"
"1784052044-15","https://www.olizstore.com/brands","https://www.olizstore.com/brand/zhiyun","https://www.olizstore.com/product/zhiyun-tech-gmb-b117-18650-battery-(2-pack)-price-in-nepal","https://wsrv.nl/?w=560&url=https://cdn2.blanxer.com/uploads/682feff88c633f25b4c7ce32/product_image-zhiyun-tech-crane-3s-pro-handheld-stabilizer-side-4627.webp","Zhiyun-Tech GMB-B117 18650 Battery (2-Pack)","3,200"
"1784052046-16","https://www.olizstore.com/brands","https://www.olizstore.com/brand/zhiyun","https://www.olizstore.com/product/zhiyun-tech-smooth-q3-smartphone-gimbal-stabilizer-price-in-nepal","https://wsrv.nl/?w=560&url=https://cdn2.blanxer.com/uploads/682feff88c633f25b4c7ce32/product_image-zhiyun-tech-crane-3s-pro-handheld-stabilizer-side-4627.webp","Zhiyun-Tech Smooth-Q3 Smartphone Gimbal Stabilizer","15,500"
"1784052049-17","https://www.olizstore.com/brands","https://www.olizstore.com/brand/zhiyun","https://www.olizstore.com/product/zhiyun-tech-transmount-telescopic-monopod-with-locking-buckle","https://wsrv.nl/?w=560&url=https://cdn2.blanxer.com/uploads/682feff88c633f25b4c7ce32/product_image-zhiyun-tech-crane-3s-pro-handheld-stabilizer-side-4627.webp","Zhiyun-Tech TransMount Telescopic Monopod with Locking Buckle","15,500"
"1784052051-18","https://www.olizstore.com/brands","https://www.olizstore.com/brand/zhiyun","https://www.olizstore.com/product/zhiyun-tech-smooth-q3-smartphone-gimbal-stabilizer-combo-price-in-nepal","https://wsrv.nl/?w=560&url=https://cdn2.blanxer.com/uploads/682feff88c633f25b4c7ce32/product_image-zhiyun-tech-crane-3s-pro-handheld-stabilizer-side-4627.webp","Zhiyun-Tech Smooth-Q3 Smartphone Gimbal Stabilizer Combo","18,500"
"1784052053-19","https://www.olizstore.com/brands","https://www.olizstore.com/brand/zhiyun","https://www.olizstore.com/product/zhiyun-tech-weebill-lab-handheld-stabilizer-for-mirrorless-cameras-price-in-nepal","https://wsrv.nl/?w=560&url=https://cdn2.blanxer.com/uploads/682feff88c633f25b4c7ce32/product_image-zhiyun-tech-crane-3s-pro-handheld-stabilizer-side-4627.webp","Zhiyun-Tech WEEBILL LAB Handheld Stabilizer for Mirrorless Cameras","76,000"
"1784052055-20","https://www.olizstore.com/brands","https://www.olizstore.com/brand/zhiyun","https://www.olizstore.com/product/zhiyun-tech-crane-2s-handheld-gimbal-stabilizer-price-in-nepal","https://wsrv.nl/?w=560&url=https://cdn2.blanxer.com/uploads/682feff88c633f25b4c7ce32/product_image-zhiyun-tech-crane-3s-pro-handheld-stabilizer-side-4627.webp","Zhiyun-Tech CRANE 2S Handheld Gimbal Stabilizer","79,500"
"1784052057-21","https://www.olizstore.com/brands","https://www.olizstore.com/brand/zhiyun","https://www.olizstore.com/product/zhiyun-tech-crane-2s-combo-kit-handheld-gimbal-stabilizer","https://wsrv.nl/?w=560&url=https://cdn2.blanxer.com/uploads/682feff88c633f25b4c7ce32/product_image-zhiyun-tech-crane-3s-pro-handheld-stabilizer-side-4627.webp","Zhiyun-Tech CRANE 2S Combo Kit Handheld Gimbal Stabilizer","89,500"
"1784052059-22","https://www.olizstore.com/brands","https://www.olizstore.com/brand/zhiyun","https://www.olizstore.com/product/zhiyun-tech-crane-m3-pro-kit-price-in-nepal","https://wsrv.nl/?w=560&url=https://cdn2.blanxer.com/uploads/682feff88c633f25b4c7ce32/product_image-zhiyun-tech-crane-3s-pro-handheld-stabilizer-side-4627.webp","Zhiyun-Tech CRANE-M3 Pro Kit","98,000"
"1784052061-23","https://www.olizstore.com/brands","https://www.olizstore.com/brand/zhiyun","https://www.olizstore.com/product/zhiyun-tech-crane-3s-handheld-stabilizer-price-in-nepal","https://wsrv.nl/?w=560&url=https://cdn2.blanxer.com/uploads/682feff88c633f25b4c7ce32/product_image-zhiyun-tech-crane-3s-pro-handheld-stabilizer-side-4627.webp","Zhiyun-Tech CRANE 3S Handheld Stabilizer","1,03,000"
"1784052063-24","https://www.olizstore.com/brands","https://www.olizstore.com/brand/zhiyun","https://www.olizstore.com/product/zhiyun-tech-crane-2s-pro-handheld-gimbal-stabilizer-price-in-nepal","https://wsrv.nl/?w=560&url=https://cdn2.blanxer.com/uploads/682feff88c633f25b4c7ce32/product_image-zhiyun-tech-crane-3s-pro-handheld-stabilizer-side-4627.webp","Zhiyun-Tech CRANE 2S PRO Handheld Gimbal Stabilizer","1,15,000"
"1784052066-25","https://www.olizstore.com/brands","https://www.olizstore.com/brand/zhiyun","https://www.olizstore.com/product/zhiyun-tech-crane-3s-pro-handheld-stabilizer-price-in-nepal","https://wsrv.nl/?w=560&url=https://cdn2.blanxer.com/uploads/682feff88c633f25b4c7ce32/product_image-zhiyun-tech-crane-3s-pro-handheld-stabilizer-side-4627.webp","Zhiyun-Tech CRANE 3S PRO Handheld Stabilizer","1,55,000"
"1784052199-26","https://www.olizstore.com/brands","https://www.olizstore.com/brand/yololiv","https://www.olizstore.com/product/yololiv-yolobox-extreme-price-in-nepal","https://wsrv.nl/?w=560&url=https://cdn2.blanxer.com/uploads/682feff88c633f25b4c7ce32/product_image-yololiv-yolocam-s7-2149.webp","YoloLiv YoloBox Extreme","3,08,000"
"1784052201-27","https://www.olizstore.com/brands","https://www.olizstore.com/brand/yololiv","https://www.olizstore.com/product/yololiv-yolobox-ultra-price-in-nepal","https://wsrv.nl/?w=560&url=https://cdn2.blanxer.com/uploads/682feff88c633f25b4c7ce32/product_image-yololiv-yolocam-s7-2149.webp","Yololiv YoloBox Ultra","2,15,000"
"1784052204-28","https://www.olizstore.com/brands","https://www.olizstore.com/brand/yololiv","https://www.olizstore.com/product/yololiv-yolobox-pro-price-in-nepal","https://wsrv.nl/?w=560&url=https://cdn2.blanxer.com/uploads/682feff88c633f25b4c7ce32/product_image-yololiv-yolocam-s7-2149.webp","YoloLiv YoloBox Pro","1,54,000"
"1784052206-29","https://www.olizstore.com/brands","https://www.olizstore.com/brand/yololiv","https://www.olizstore.com/product/yololiv-instream-price-in-nepal","https://wsrv.nl/?w=560&url=https://cdn2.blanxer.com/uploads/682feff88c633f25b4c7ce32/product_image-yololiv-yolocam-s7-2149.webp","YoloLiv Instream","1,54,000"
"1784052208-30","https://www.olizstore.com/brands","https://www.olizstore.com/brand/yololiv","https://www.olizstore.com/product/yololiv-yolodeck-price-in-nepal","https://wsrv.nl/?w=560&url=https://cdn2.blanxer.com/uploads/682feff88c633f25b4c7ce32/product_image-yololiv-yolocam-s7-2149.webp","YoloLiv YoloDeck","23,100"
"1784052210-31","https://www.olizstore.com/brands","https://www.olizstore.com/brand/yololiv","https://www.olizstore.com/product/yololiv-yolocam-s7-price-in-nepal","https://wsrv.nl/?w=560&url=https://cdn2.blanxer.com/uploads/682feff88c633f25b4c7ce32/product_image-yololiv-yolocam-s7-2149.webp","YoloLiv YoloCam S7","1,48,000"
"1784052236-32","https://www.olizstore.com/brands","https://www.olizstore.com/brand/yeelight","https://www.olizstore.com/product/yeelight-pura-monitor-light-bar-pro-price-in-nepal","https://wsrv.nl/?w=560&url=https://cdn2.blanxer.com/uploads/682feff88c633f25b4c7ce32/product_image-yeelight-rgb-jupiter-d-smart-ceiling-light-8132.webp","Yeelight Pura Monitor Light Bar Pro",""
"1784052238-33","https://www.olizstore.com/brands","https://www.olizstore.com/brand/yeelight","https://www.olizstore.com/product/yeelight-led-neck-book-light-price-in-nepal","https://wsrv.nl/?w=560&url=https://cdn2.blanxer.com/uploads/682feff88c633f25b4c7ce32/product_image-yeelight-rgb-jupiter-d-smart-ceiling-light-8132.webp","Yeelight Led Neck Book Light",""
"1784052240-34","https://www.olizstore.com/brands","https://www.olizstore.com/brand/yeelight","https://www.olizstore.com/product/yeelight-candela-lamp-price-in-nepal","https://wsrv.nl/?w=560&url=https://cdn2.blanxer.com/uploads/682feff88c633f25b4c7ce32/product_image-yeelight-rgb-jupiter-d-smart-ceiling-light-8132.webp","Yeelight Candela Lamp",""
"1784052242-35","https://www.olizstore.com/brands","https://www.olizstore.com/brand/yeelight","https://www.olizstore.com/product/yeelight-cube-smart-lamp-spot-extension-wifi-price-in-nepal","https://wsrv.nl/?w=560&url=https://cdn2.blanxer.com/uploads/682feff88c633f25b4c7ce32/product_image-yeelight-rgb-jupiter-d-smart-ceiling-light-8132.webp","Yeelight Cube Smart Lamp - Spot Extension Wifi",""
"1784052244-36","https://www.olizstore.com/brands","https://www.olizstore.com/brand/yeelight","https://www.olizstore.com/product/yeelight-cube-smart-lamp-panel-extension-wifi","https://wsrv.nl/?w=560&url=https://cdn2.blanxer.com/uploads/682feff88c633f25b4c7ce32/product_image-yeelight-rgb-jupiter-d-smart-ceiling-light-8132.webp","Yeelight Cube Smart Lamp - Panel Extension WiFi",""
"1784052246-37","https://www.olizstore.com/brands","https://www.olizstore.com/brand/yeelight","https://www.olizstore.com/product/yeelight-cube-smart-lamp-matrix-extension-wifi-price-in-nepal","https://wsrv.nl/?w=560&url=https://cdn2.blanxer.com/uploads/682feff88c633f25b4c7ce32/product_image-yeelight-rgb-jupiter-d-smart-ceiling-light-8132.webp","Yeelight Cube Smart Lamp - Matrix Extension WiFi",""
"1784052248-38","https://www.olizstore.com/brands","https://www.olizstore.com/brand/yeelight","https://www.olizstore.com/product/yeelight-4-in-1-rechargeable-desk-lamp-price-in-nepal","https://wsrv.nl/?w=560&url=https://cdn2.blanxer.com/uploads/682feff88c633f25b4c7ce32/product_image-yeelight-rgb-jupiter-d-smart-ceiling-light-8132.webp","Yeelight 4-in-1 Rechargeable Desk Lamp",""
"1784052251-39","https://www.olizstore.com/brands","https://www.olizstore.com/brand/yeelight","https://www.olizstore.com/product/yeelight-beam-rgbic-light-bar-dual-pack-price-in-nepal","https://wsrv.nl/?w=560&url=https://cdn2.blanxer.com/uploads/682feff88c633f25b4c7ce32/product_image-yeelight-rgb-jupiter-d-smart-ceiling-light-8132.webp","Yeelight Beam RGBIC Light Bar-Dual Pack",""
"1784052253-40","https://www.olizstore.com/brands","https://www.olizstore.com/brand/yeelight","https://www.olizstore.com/product/yeelight-led-folding-desk-lamp-z1-pro-price-in-nepal","https://wsrv.nl/?w=560&url=https://cdn2.blanxer.com/uploads/682feff88c633f25b4c7ce32/product_image-yeelight-rgb-jupiter-d-smart-ceiling-light-8132.webp","Yeelight LED Folding Desk Lamp Z1 Pro",""
"1784052255-41","https://www.olizstore.com/brands","https://www.olizstore.com/brand/yeelight","https://www.olizstore.com/product/yeelight-crystal-pendant-light-(erp)-price-in-nepal","https://wsrv.nl/?w=560&url=https://cdn2.blanxer.com/uploads/682feff88c633f25b4c7ce32/product_image-yeelight-rgb-jupiter-d-smart-ceiling-light-8132.webp","Yeelight Crystal Pendant Light (ERP)",""
"1784052257-42","https://www.olizstore.com/brands","https://www.olizstore.com/brand/yeelight","https://www.olizstore.com/product/yeelight-pura-monitor-light-bar-price-in-nepal","https://wsrv.nl/?w=560&url=https://cdn2.blanxer.com/uploads/682feff88c633f25b4c7ce32/product_image-yeelight-rgb-jupiter-d-smart-ceiling-light-8132.webp","Yeelight Pura Monitor Light Bar",""
"1784052259-43","https://www.olizstore.com/brands","https://www.olizstore.com/brand/yeelight","https://www.olizstore.com/product/yeelight-pura-reading-desk-lamp-price-in-nepal","https://wsrv.nl/?w=560&url=https://cdn2.blanxer.com/uploads/682feff88c633f25b4c7ce32/product_image-yeelight-rgb-jupiter-d-smart-ceiling-light-8132.webp","Yeelight Pura Reading Desk Lamp",""
"1784052261-44","https://www.olizstore.com/brands","https://www.olizstore.com/brand/yeelight","https://www.olizstore.com/product/yeelight-cube-4-matrix-pack-price-in-nepal","https://wsrv.nl/?w=560&url=https://cdn2.blanxer.com/uploads/682feff88c633f25b4c7ce32/product_image-yeelight-rgb-jupiter-d-smart-ceiling-light-8132.webp","Yeelight Cube 4-Matrix Pack",""
"1784052263-45","https://www.olizstore.com/brands","https://www.olizstore.com/brand/yeelight","https://www.olizstore.com/product/yeelight-arwen-ceiling-light-500d-price-in-nepal","https://wsrv.nl/?w=560&url=https://cdn2.blanxer.com/uploads/682feff88c633f25b4c7ce32/product_image-yeelight-rgb-jupiter-d-smart-ceiling-light-8132.webp","Yeelight Arwen Ceiling Light 500D",""
"1784052265-46","https://www.olizstore.com/brands","https://www.olizstore.com/brand/yeelight","https://www.olizstore.com/product/yeelight-jasmine-rechargeable-desk-lamp-price-in-nepal","https://wsrv.nl/?w=560&url=https://cdn2.blanxer.com/uploads/682feff88c633f25b4c7ce32/product_image-yeelight-rgb-jupiter-d-smart-ceiling-light-8132.webp","Yeelight Jasmine Rechargeable Desk Lamp",""
"1784052268-47","https://www.olizstore.com/brands","https://www.olizstore.com/brand/yeelight","https://www.olizstore.com/product/yeelight-smart-lamp-cube-lite-price-in-nepal","https://wsrv.nl/?w=560&url=https://cdn2.blanxer.com/uploads/682feff88c633f25b4c7ce32/product_image-yeelight-rgb-jupiter-d-smart-ceiling-light-8132.webp","Yeelight Smart Lamp Cube Lite",""
"1784052270-48","https://www.olizstore.com/brands","https://www.olizstore.com/brand/yeelight","https://www.olizstore.com/product/yeelight-rgb-jupiter-d-smart-ceiling-light-price-in-nepal","https://wsrv.nl/?w=560&url=https://cdn2.blanxer.com/uploads/682feff88c633f25b4c7ce32/product_image-yeelight-rgb-jupiter-d-smart-ceiling-light-8132.webp","Yeelight RGB Jupiter D Smart Ceiling Light",""
"1784052512-49","https://www.olizstore.com/brands","https://www.olizstore.com/brand/yaber","https://www.olizstore.com/product/yaber-k3-smart-full-hd-projector-price-in-nepal","https://wsrv.nl/?w=560&url=https://cdn2.blanxer.com/uploads/682feff88c633f25b4c7ce32/product_image-yaber-t1-pro-portable-projector-cover-2326.webp","Yaber K3 Smart Full HD Projector","74,000"
"1784052514-50","https://www.olizstore.com/brands","https://www.olizstore.com/brand/yaber","https://www.olizstore.com/product/yaber-t2-plus-portable-full-hd-projector-price-in-nepal","https://wsrv.nl/?w=560&url=https://cdn2.blanxer.com/uploads/682feff88c633f25b4c7ce32/product_image-yaber-t1-pro-portable-projector-cover-2326.webp","Yaber T2 Plus Portable Full HD Projector","52,000"
"1784052516-51","https://www.olizstore.com/brands","https://www.olizstore.com/brand/yaber","https://www.olizstore.com/product/yaber-l2-plus-smart-full-hd-projector-price-in-nepal","https://wsrv.nl/?w=560&url=https://cdn2.blanxer.com/uploads/682feff88c633f25b4c7ce32/product_image-yaber-t1-pro-portable-projector-cover-2326.webp","Yaber L2 Plus Smart Full HD Projector","42,000"
"1784052518-52","https://www.olizstore.com/brands","https://www.olizstore.com/brand/yaber","https://www.olizstore.com/product/yaber-t1-pro-portable-full-hd-projector-price-in-nepal","https://wsrv.nl/?w=560&url=https://cdn2.blanxer.com/uploads/682feff88c633f25b4c7ce32/product_image-yaber-t1-pro-portable-projector-cover-2326.webp","Yaber T1 Pro Portable Full HD Projector","28,000"
"1784052641-53","https://www.olizstore.com/brands","https://www.olizstore.com/brand/xreal","https://www.olizstore.com/product/xreal-hub","https://wsrv.nl/?w=560&url=https://cdn2.blanxer.com/uploads/682feff88c633f25b4c7ce32/product_image-xreal-0980.webp","XREAL Hub","5,500"
"1784052643-54","https://www.olizstore.com/brands","https://www.olizstore.com/brand/xreal","https://www.olizstore.com/product/xreal-eye","https://wsrv.nl/?w=560&url=https://cdn2.blanxer.com/uploads/682feff88c633f25b4c7ce32/product_image-xreal-0980.webp","XREAL Eye","20,500"
"1784052645-55","https://www.olizstore.com/brands","https://www.olizstore.com/brand/xreal","https://www.olizstore.com/product/xreal-one-pro-ar-glasses","https://wsrv.nl/?w=560&url=https://cdn2.blanxer.com/uploads/682feff88c633f25b4c7ce32/product_image-xreal-0980.webp","XREAL ONE Pro AR GLASSES","1,35,000"
"1784052650-56","https://www.olizstore.com/brands","https://www.olizstore.com/brand/xiaomi","https://www.olizstore.com/product/xiaomi-14t-price-in-nepal","https://wsrv.nl/?w=560&url=https://cdn2.blanxer.com/uploads/682feff88c633f25b4c7ce32/product_image-xiaomi-15-ultra-colours-4485.webp","Xiaomi 14T","64,999"
"1784052652-57","https://www.olizstore.com/brands","https://www.olizstore.com/brand/xiaomi","https://www.olizstore.com/product/xiaomi-15-ultra-price-in-nepal","https://wsrv.nl/?w=560&url=https://cdn2.blanxer.com/uploads/682feff88c633f25b4c7ce32/product_image-xiaomi-15-ultra-colours-4485.webp","Xiaomi 15 Ultra","1,49,999"
"1784053120-58","https://www.olizstore.com/brands","https://www.olizstore.com/brand/xgimi","https://www.olizstore.com/product/xgimi-aura-2-price-in-nepal","https://wsrv.nl/?w=560&url=https://cdn2.blanxer.com/uploads/682feff88c633f25b4c7ce32/product_image-xgimi-multifunctional-portable-stand-tripod-3352.webp","XGIMI Aura 2","4,85,000"
"1784053122-59","https://www.olizstore.com/brands","https://www.olizstore.com/brand/xgimi","https://www.olizstore.com/product/xgimi-aura-price-in-nepal","https://wsrv.nl/?w=560&url=https://cdn2.blanxer.com/uploads/682feff88c633f25b4c7ce32/product_image-xgimi-multifunctional-portable-stand-tripod-3352.webp","XGIMI Aura","4,10,000"
"1784053125-60","https://www.olizstore.com/brands","https://www.olizstore.com/brand/xgimi","https://www.olizstore.com/product/xgimi-horizon-s-max-price-in-nepal","https://wsrv.nl/?w=560&url=https://cdn2.blanxer.com/uploads/682feff88c633f25b4c7ce32/product_image-xgimi-multifunctional-portable-stand-tripod-3352.webp","XGIMI Horizon S Max","3,55,000"
"1784053127-61","https://www.olizstore.com/brands","https://www.olizstore.com/brand/xgimi","https://www.olizstore.com/product/xgimi-horizon-ultra-price-in-nepal","https://wsrv.nl/?w=560&url=https://cdn2.blanxer.com/uploads/682feff88c633f25b4c7ce32/product_image-xgimi-multifunctional-portable-stand-tripod-3352.webp","XGIMI Horizon Ultra","3,10,000"
"1784053129-62","https://www.olizstore.com/brands","https://www.olizstore.com/brand/xgimi","https://www.olizstore.com/product/xgimi-horizon-pro-price-in-nepal","https://wsrv.nl/?w=560&url=https://cdn2.blanxer.com/uploads/682feff88c633f25b4c7ce32/product_image-xgimi-multifunctional-portable-stand-tripod-3352.webp","XGIMI Horizon Pro","2,48,500"
"1784053131-63","https://www.olizstore.com/brands","https://www.olizstore.com/brand/xgimi","https://www.olizstore.com/product/xgimi-horizon-price-in-nepal","https://wsrv.nl/?w=560&url=https://cdn2.blanxer.com/uploads/682feff88c633f25b4c7ce32/product_image-xgimi-multifunctional-portable-stand-tripod-3352.webp","XGIMI Horizon EU","1,46,500"
"1784053133-64","https://www.olizstore.com/brands","https://www.olizstore.com/brand/xgimi","https://www.olizstore.com/product/xgimi-halo+-eu-price-in-nepal","https://wsrv.nl/?w=560&url=https://cdn2.blanxer.com/uploads/682feff88c633f25b4c7ce32/product_image-xgimi-multifunctional-portable-stand-tripod-3352.webp","XGIMI Halo+ EU","1,48,000"
"1784053135-65","https://www.olizstore.com/brands","https://www.olizstore.com/brand/xgimi","https://www.olizstore.com/product/xgimi-mogo-3-pro-price-in-nepal","https://wsrv.nl/?w=560&url=https://cdn2.blanxer.com/uploads/682feff88c633f25b4c7ce32/product_image-xgimi-multifunctional-portable-stand-tripod-3352.webp","XGIMI MoGo 3 Pro","95,000"
"1784053137-66","https://www.olizstore.com/brands","https://www.olizstore.com/brand/xgimi","https://www.olizstore.com/product/xgimi-mogo-2-pro-price-in-nepal","https://wsrv.nl/?w=560&url=https://cdn2.blanxer.com/uploads/682feff88c633f25b4c7ce32/product_image-xgimi-multifunctional-portable-stand-tripod-3352.webp","XGIMI MoGo 2 Pro","90,500"
"1784053140-67","https://www.olizstore.com/brands","https://www.olizstore.com/brand/xgimi","https://www.olizstore.com/product/xgimi-elfin-price-in-nepal","https://wsrv.nl/?w=560&url=https://cdn2.blanxer.com/uploads/682feff88c633f25b4c7ce32/product_image-xgimi-multifunctional-portable-stand-tripod-3352.webp","XGIMI Elfin","95,000"
"1784053142-68","https://www.olizstore.com/brands","https://www.olizstore.com/brand/xgimi","https://www.olizstore.com/product/xgimi-elfin-flip-price-in-nepal","https://wsrv.nl/?w=560&url=https://cdn2.blanxer.com/uploads/682feff88c633f25b4c7ce32/product_image-xgimi-multifunctional-portable-stand-tripod-3352.webp","XGIMI Elfin Flip","85,000"
"1784053144-69","https://www.olizstore.com/brands","https://www.olizstore.com/brand/xgimi","https://www.olizstore.com/product/xgimi-x-floor-stand","https://wsrv.nl/?w=560&url=https://cdn2.blanxer.com/uploads/682feff88c633f25b4c7ce32/product_image-xgimi-multifunctional-portable-stand-tripod-3352.webp","XGIMI X-Floor Stand","25,000"
"1784053146-70","https://www.olizstore.com/brands","https://www.olizstore.com/brand/xgimi","https://www.olizstore.com/product/xgimi-x-desktop-stand-pro-price-in-nepal","https://wsrv.nl/?w=560&url=https://cdn2.blanxer.com/uploads/682feff88c633f25b4c7ce32/product_image-xgimi-multifunctional-portable-stand-tripod-3352.webp","XGIMI X-Desktop Stand Pro","16,500"
"1784053148-71","https://www.olizstore.com/brands","https://www.olizstore.com/brand/xgimi","https://www.olizstore.com/product/xgimi-x-roof-bracket-price-in-nepal","https://wsrv.nl/?w=560&url=https://cdn2.blanxer.com/uploads/682feff88c633f25b4c7ce32/product_image-xgimi-multifunctional-portable-stand-tripod-3352.webp","XGIMI X-Roof Bracket","13,500"
"1784053150-72","https://www.olizstore.com/brands","https://www.olizstore.com/brand/xgimi","https://www.olizstore.com/product/xgimi-xwall-stand-price-in-nepal","https://wsrv.nl/?w=560&url=https://cdn2.blanxer.com/uploads/682feff88c633f25b4c7ce32/product_image-xgimi-multifunctional-portable-stand-tripod-3352.webp","XGIMI X‑Wall Stand","12,500"
"1784053152-73","https://www.olizstore.com/brands","https://www.olizstore.com/brand/xgimi","https://www.olizstore.com/product/xgimi-multifunctional-portable-stand-tripod-price-in-nepal","https://wsrv.nl/?w=560&url=https://cdn2.blanxer.com/uploads/682feff88c633f25b4c7ce32/product_image-xgimi-multifunctional-portable-stand-tripod-3352.webp","XGIMI Multifunctional Portable Stand Tripod","12,000"
"1784053158-74","https://www.olizstore.com/brands","https://www.olizstore.com/brand/x-lab","https://www.olizstore.com/product/xlab-xpser-120-electric-motorized-projector-screen","https://wsrv.nl/?w=560&url=https://cdn2.blanxer.com/uploads/682feff88c633f25b4c7ce32/product_image-xlab-xpser-120-electric-motorized-projector-screen-7587.webp","xLab XPSER-120 Electric Motorized Projector Screen","27,000"
"1784053160-75","https://www.olizstore.com/brands","https://www.olizstore.com/brand/x-lab","https://www.olizstore.com/product/xlab-xpser-150-electric-motorized-projector-screen","https://wsrv.nl/?w=560&url=https://cdn2.blanxer.com/uploads/682feff88c633f25b4c7ce32/product_image-xlab-xpser-120-electric-motorized-projector-screen-7587.webp","xLab XPSER-150 Electric Motorized Projector Screen","35,000"
"1784053166-76","https://www.olizstore.com/brands","https://www.olizstore.com/brand/wanbo","https://www.olizstore.com/product/wanbo-alr-fresnel-screen-price-in-nepal","https://wsrv.nl/?w=560&url=https://cdn2.blanxer.com/uploads/682feff88c633f25b4c7ce32/product_image-wanbo-mozart-1-pro-6166.webp","Wanbo ALR Fresnel Screen","20,000"
"1784053168-77","https://www.olizstore.com/brands","https://www.olizstore.com/brand/wanbo","https://www.olizstore.com/product/wanbo-floor-stand-pro-tray-price-in-nepal","https://wsrv.nl/?w=560&url=https://cdn2.blanxer.com/uploads/682feff88c633f25b4c7ce32/product_image-wanbo-mozart-1-pro-6166.webp","Wanbo Floor Stand Pro Tray","9,600"
"1784053170-78","https://www.olizstore.com/brands","https://www.olizstore.com/brand/wanbo","https://www.olizstore.com/product/wanbo-projector-adapter-plate-price-in-nepal","https://wsrv.nl/?w=560&url=https://cdn2.blanxer.com/uploads/682feff88c633f25b4c7ce32/product_image-wanbo-mozart-1-pro-6166.webp","Wanbo Projector Adapter Plate","5,000"
"1784053172-79","https://www.olizstore.com/brands","https://www.olizstore.com/brand/wanbo","https://www.olizstore.com/product/wanbo-projector-desktop-stand-price-in-nepal","https://wsrv.nl/?w=560&url=https://cdn2.blanxer.com/uploads/682feff88c633f25b4c7ce32/product_image-wanbo-mozart-1-pro-6166.webp","Wanbo Projector Desktop Stand","3,200"
"1784053174-80","https://www.olizstore.com/brands","https://www.olizstore.com/brand/wanbo","https://www.olizstore.com/product/wanbo-t-type-ceiling-mount-price-in-nepal","https://wsrv.nl/?w=560&url=https://cdn2.blanxer.com/uploads/682feff88c633f25b4c7ce32/product_image-wanbo-mozart-1-pro-6166.webp","Wanbo T-Type Ceiling Mount","5,800"
"1784053177-81","https://www.olizstore.com/brands","https://www.olizstore.com/brand/wanbo","https://www.olizstore.com/product/wanbo-projector-storage-bag-price-in-nepal","https://wsrv.nl/?w=560&url=https://cdn2.blanxer.com/uploads/682feff88c633f25b4c7ce32/product_image-wanbo-mozart-1-pro-6166.webp","Wanbo Projector Storage Bag","2,800"
"1784053179-82","https://www.olizstore.com/brands","https://www.olizstore.com/brand/wanbo","https://www.olizstore.com/product/wanbo-t2-ultra-projector-price-in-nepal","https://wsrv.nl/?w=560&url=https://cdn2.blanxer.com/uploads/682feff88c633f25b4c7ce32/product_image-wanbo-mozart-1-pro-6166.webp","Wanbo T2 Ultra","31,500"
"1784053181-83","https://www.olizstore.com/brands","https://www.olizstore.com/brand/wanbo","https://www.olizstore.com/product/wanbo-davinci-1-pro-price-in-nepal","https://wsrv.nl/?w=560&url=https://cdn2.blanxer.com/uploads/682feff88c633f25b4c7ce32/product_image-wanbo-mozart-1-pro-6166.webp","Wanbo DaVinci 1 Pro","38,500"
"1784053183-84","https://www.olizstore.com/brands","https://www.olizstore.com/brand/wanbo","https://www.olizstore.com/product/wanbo-x5-pro-price-in-nepal","https://wsrv.nl/?w=560&url=https://cdn2.blanxer.com/uploads/682feff88c633f25b4c7ce32/product_image-wanbo-mozart-1-pro-6166.webp","Wanbo X5 Pro","42,500"
"1784053185-85","https://www.olizstore.com/brands","https://www.olizstore.com/brand/wanbo","https://www.olizstore.com/product/wanbo-mozart-1-pro-price-in-nepal","https://wsrv.nl/?w=560&url=https://cdn2.blanxer.com/uploads/682feff88c633f25b4c7ce32/product_image-wanbo-mozart-1-pro-6166.webp","Wanbo Mozart 1 Pro","58,500"
"1784053191-86","https://www.olizstore.com/brands","https://www.olizstore.com/brand/viewsonic","https://www.olizstore.com/product/viewsonic-ls600w","https://wsrv.nl/?w=560&url=https://cdn2.blanxer.com/uploads/682feff88c633f25b4c7ce32/product_image-viewsonic-va3456-series-monitor-1-2407.webp","ViewSonic LS600w","2,14,000"
"1784053193-87","https://www.olizstore.com/brands","https://www.olizstore.com/brand/viewsonic","https://www.olizstore.com/product/viewsonic-m1-pro-projector","https://wsrv.nl/?w=560&url=https://cdn2.blanxer.com/uploads/682feff88c633f25b4c7ce32/product_image-viewsonic-va3456-series-monitor-1-2407.webp","ViewSonic M1 Pro Projector","2,14,000"
"1784053195-88","https://www.olizstore.com/brands","https://www.olizstore.com/brand/viewsonic","https://www.olizstore.com/product/viewsonic-monitor-34-inch-va-3456","https://wsrv.nl/?w=560&url=https://cdn2.blanxer.com/uploads/682feff88c633f25b4c7ce32/product_image-viewsonic-va3456-series-monitor-1-2407.webp","ViewSonic Monitor 34 inch VA 3456","95,000"
"1784053198-89","https://www.olizstore.com/brands","https://www.olizstore.com/brand/viewsonic","https://www.olizstore.com/product/viewsonic-pa503s","https://wsrv.nl/?w=560&url=https://cdn2.blanxer.com/uploads/682feff88c633f25b4c7ce32/product_image-viewsonic-va3456-series-monitor-1-2407.webp","ViewSonic PA503S","70,000"
"1784053200-90","https://www.olizstore.com/brands","https://www.olizstore.com/brand/viewsonic","https://www.olizstore.com/product/viewsonic-pg706hd-projector","https://wsrv.nl/?w=560&url=https://cdn2.blanxer.com/uploads/682feff88c633f25b4c7ce32/product_image-viewsonic-va3456-series-monitor-1-2407.webp","ViewSonic PG706HD Projector","1,60,000"
"1784053202-91","https://www.olizstore.com/brands","https://www.olizstore.com/brand/viewsonic","https://www.olizstore.com/product/viewsonic-px701-4k-hd-digital-projector","https://wsrv.nl/?w=560&url=https://cdn2.blanxer.com/uploads/682feff88c633f25b4c7ce32/product_image-viewsonic-va3456-series-monitor-1-2407.webp","ViewSonic PX701- 4K HD Digital Projector","2,45,000"
"1784053204-92","https://www.olizstore.com/brands","https://www.olizstore.com/brand/viewsonic","https://www.olizstore.com/product/viewsonic-va2215-24%22-monitor","https://wsrv.nl/?w=560&url=https://cdn2.blanxer.com/uploads/682feff88c633f25b4c7ce32/product_image-viewsonic-va3456-series-monitor-1-2407.webp","ViewSonic VA2215 22"" Monitor","15,000"
"1784053206-93","https://www.olizstore.com/brands","https://www.olizstore.com/brand/viewsonic","https://www.olizstore.com/product/viewsonic-va2409-mhu-24%22-monitor","https://wsrv.nl/?w=560&url=https://cdn2.blanxer.com/uploads/682feff88c633f25b4c7ce32/product_image-viewsonic-va3456-series-monitor-1-2407.webp","ViewSonic VA2409-MHU 24"" Monitor","36,000"
"1784053208-94","https://www.olizstore.com/brands","https://www.olizstore.com/brand/viewsonic","https://www.olizstore.com/product/viewsonic-va2432-24%22-monitor","https://wsrv.nl/?w=560&url=https://cdn2.blanxer.com/uploads/682feff88c633f25b4c7ce32/product_image-viewsonic-va3456-series-monitor-1-2407.webp","ViewSonic VA2432 MHD 24"" Monitor","36,000"
"1784053210-95","https://www.olizstore.com/brands","https://www.olizstore.com/brand/viewsonic","https://www.olizstore.com/product/viewsonic-va2719-2k-27%22-monitor","https://wsrv.nl/?w=560&url=https://cdn2.blanxer.com/uploads/682feff88c633f25b4c7ce32/product_image-viewsonic-va3456-series-monitor-1-2407.webp","ViewSonic VA2719-2K 27"" Monitor","61,500"
"1784053213-96","https://www.olizstore.com/brands","https://www.olizstore.com/brand/viewsonic","https://www.olizstore.com/product/viewsonic-va2732-mh-27%22-monitor","https://wsrv.nl/?w=560&url=https://cdn2.blanxer.com/uploads/682feff88c633f25b4c7ce32/product_image-viewsonic-va3456-series-monitor-1-2407.webp","ViewSonic VA2732-MH 27"" Monitor","40,750"
"1784053215-97","https://www.olizstore.com/brands","https://www.olizstore.com/brand/viewsonic","https://www.olizstore.com/product/viewsonic-vx2480-2k-27%22-monitor","https://wsrv.nl/?w=560&url=https://cdn2.blanxer.com/uploads/682feff88c633f25b4c7ce32/product_image-viewsonic-va3456-series-monitor-1-2407.webp","ViewSonic VX2480-2K 27"" Monitor","40,700"
"1784053217-98","https://www.olizstore.com/brands","https://www.olizstore.com/brand/viewsonic","https://www.olizstore.com/product/viewsonic-vx2785-2k-mhdu-27%22-monitor","https://wsrv.nl/?w=560&url=https://cdn2.blanxer.com/uploads/682feff88c633f25b4c7ce32/product_image-viewsonic-va3456-series-monitor-1-2407.webp","ViewSonic VX2785-2K-MHDU 27"" Monitor","68,000"
"1784053219-99","https://www.olizstore.com/brands","https://www.olizstore.com/brand/viewsonic","https://www.olizstore.com/product/viewsonic-vx3276-2k-mhd-31.5%22-monitor","https://wsrv.nl/?w=560&url=https://cdn2.blanxer.com/uploads/682feff88c633f25b4c7ce32/product_image-viewsonic-va3456-series-monitor-1-2407.webp","ViewSonic VX3276-2K-mhd 31.5"" Monitor","70,000"
"1784053221-100","https://www.olizstore.com/brands","https://www.olizstore.com/brand/viewsonic","https://www.olizstore.com/product/viewsonic-xg2405-24%22-monitor","https://wsrv.nl/?w=560&url=https://cdn2.blanxer.com/uploads/682feff88c633f25b4c7ce32/product_image-viewsonic-va3456-series-monitor-1-2407.webp","ViewSonic XG2405 24"" Monitor","50,000"
"1784053223-101","https://www.olizstore.com/brands","https://www.olizstore.com/brand/viewsonic","https://www.olizstore.com/product/viewsonic-va3456-series-34%22-monitor","https://wsrv.nl/?w=560&url=https://cdn2.blanxer.com/uploads/682feff88c633f25b4c7ce32/product_image-viewsonic-va3456-series-monitor-1-2407.webp","ViewSonic va3456 Series 34"" Monitor","1,08,000"
"1784053229-102","https://www.olizstore.com/brands","https://www.olizstore.com/brand/twelvesouth","https://www.olizstore.com/product/twelvesouth-plugbug-slim-20w-power-adapter","https://wsrv.nl/?w=560&url=https://cdn2.blanxer.com/uploads/682feff88c633f25b4c7ce32/product_image-twelvesouth-20w-adapter-3330.webp","TwelveSouth PlugBug Slim 20W Power Adapter","4,500"
"1784053237-103","https://www.olizstore.com/brands","https://www.olizstore.com/brand/tissot","https://www.olizstore.com/product/tissot-prx-40mm-t137.410.11.051.00","https://wsrv.nl/?w=560&url=https://cdn2.blanxer.com/uploads/682feff88c633f25b4c7ce32/product_image-tissot-ballade-quartz-40mm-a-t1564103305100-2290.webp","Tissot PRX 40mm T137.410.11.051.00","62,000"
"1784053239-104","https://www.olizstore.com/brands","https://www.olizstore.com/brand/tissot","https://www.olizstore.com/product/tissot-prx-35mm-t137.210.11.041.00","https://wsrv.nl/?w=560&url=https://cdn2.blanxer.com/uploads/682feff88c633f25b4c7ce32/product_image-tissot-ballade-quartz-40mm-a-t1564103305100-2290.webp","Tissot PRX 35mm T137.210.11.041.00","62,000"
"1784053241-105","https://www.olizstore.com/brands","https://www.olizstore.com/brand/tissot","https://www.olizstore.com/product/tissot-tradition-t063.610.16.047.00","https://wsrv.nl/?w=560&url=https://cdn2.blanxer.com/uploads/682feff88c633f25b4c7ce32/product_image-tissot-ballade-quartz-40mm-a-t1564103305100-2290.webp","Tissot Tradition T063.610.16.047.00","55,000"
"1784053243-106","https://www.olizstore.com/brands","https://www.olizstore.com/brand/tissot","https://www.olizstore.com/product/tissot-tradition-t063.610.11.037.00","https://wsrv.nl/?w=560&url=https://cdn2.blanxer.com/uploads/682feff88c633f25b4c7ce32/product_image-tissot-ballade-quartz-40mm-a-t1564103305100-2290.webp","Tissot Tradition T063.610.11.037.00","55,000"
"1784053245-107","https://www.olizstore.com/brands","https://www.olizstore.com/brand/tissot","https://www.olizstore.com/product/tissot-tradition-42mm-t063.610.16.058.00","https://wsrv.nl/?w=560&url=https://cdn2.blanxer.com/uploads/682feff88c633f25b4c7ce32/product_image-tissot-ballade-quartz-40mm-a-t1564103305100-2290.webp","Tissot Tradition 42mm T063.610.16.058.00","55,000"
"1784053248-108","https://www.olizstore.com/brands","https://www.olizstore.com/brand/tissot","https://www.olizstore.com/product/tissot-tradition-t063.610.22.037.00","https://wsrv.nl/?w=560&url=https://cdn2.blanxer.com/uploads/682feff88c633f25b4c7ce32/product_image-tissot-ballade-quartz-40mm-a-t1564103305100-2290.webp","Tissot Tradition T063.610.22.037.00","55,000"
"1784053250-109","https://www.olizstore.com/brands","https://www.olizstore.com/brand/tissot","https://www.olizstore.com/product/tissot-seastar-1000-40mm-t120.410.22.051.00","https://wsrv.nl/?w=560&url=https://cdn2.blanxer.com/uploads/682feff88c633f25b4c7ce32/product_image-tissot-ballade-quartz-40mm-a-t1564103305100-2290.webp","Tissot Seastar 1000 40mm T120.410.22.051.00","57,000"
"1784053252-110","https://www.olizstore.com/brands","https://www.olizstore.com/brand/tissot","https://www.olizstore.com/product/tissot-seastar-1000-40mm-t120.410.33.421.00","https://wsrv.nl/?w=560&url=https://cdn2.blanxer.com/uploads/682feff88c633f25b4c7ce32/product_image-tissot-ballade-quartz-40mm-a-t1564103305100-2290.webp","Tissot Seastar 1000 40mm T120.410.33.421.00","57,000"
"1784053254-111","https://www.olizstore.com/brands","https://www.olizstore.com/brand/tissot","https://www.olizstore.com/product/tissot-seastar-1000-chronograph-t120.417.17.051.01","https://wsrv.nl/?w=560&url=https://cdn2.blanxer.com/uploads/682feff88c633f25b4c7ce32/product_image-tissot-ballade-quartz-40mm-a-t1564103305100-2290.webp","Tissot Seastar 1000 Chronograph T120.417.17.051.01","57,000"
"1784053256-112","https://www.olizstore.com/brands","https://www.olizstore.com/brand/tissot","https://www.olizstore.com/product/tissot-seastar-1000-45.5mm-t120.417.17.081.01","https://wsrv.nl/?w=560&url=https://cdn2.blanxer.com/uploads/682feff88c633f25b4c7ce32/product_image-tissot-ballade-quartz-40mm-a-t1564103305100-2290.webp","Tissot Seastar 1000 45.5mm T120.417.17.081.01","57,000"
"1784053258-113","https://www.olizstore.com/brands","https://www.olizstore.com/brand/tissot","https://www.olizstore.com/product/tissot-supersport-chrono-t125.617.36.051.00","https://wsrv.nl/?w=560&url=https://cdn2.blanxer.com/uploads/682feff88c633f25b4c7ce32/product_image-tissot-ballade-quartz-40mm-a-t1564103305100-2290.webp","Tissot Supersport Chrono T125.617.36.051.00","75,000"
"1784053260-114","https://www.olizstore.com/brands","https://www.olizstore.com/brand/tissot","https://www.olizstore.com/product/tissot-gentleman-40mm-t127.407.11.041.00","https://wsrv.nl/?w=560&url=https://cdn2.blanxer.com/uploads/682feff88c633f25b4c7ce32/product_image-tissot-ballade-quartz-40mm-a-t1564103305100-2290.webp","Tissot Gentleman 40mm T127.407.11.041.00","1,38,000"
"1784053263-115","https://www.olizstore.com/brands","https://www.olizstore.com/brand/tissot","https://www.olizstore.com/product/tissot-gentleman-40mm-t127.407.11.091.01","https://wsrv.nl/?w=560&url=https://cdn2.blanxer.com/uploads/682feff88c633f25b4c7ce32/product_image-tissot-ballade-quartz-40mm-a-t1564103305100-2290.webp","Tissot Gentleman 40mm T127.407.11.091.01","1,38,000"
"1784053265-116","https://www.olizstore.com/brands","https://www.olizstore.com/brand/tissot","https://www.olizstore.com/product/tissot-gentleman-t127.410.16.041.00","https://wsrv.nl/?w=560&url=https://cdn2.blanxer.com/uploads/682feff88c633f25b4c7ce32/product_image-tissot-ballade-quartz-40mm-a-t1564103305100-2290.webp","Tissot Gentleman T127.410.16.041.00","52,000"
"1784053267-117","https://www.olizstore.com/brands","https://www.olizstore.com/brand/tissot","https://www.olizstore.com/product/tissot-classic-dream-42mm-t129.410.22.031.00","https://wsrv.nl/?w=560&url=https://cdn2.blanxer.com/uploads/682feff88c633f25b4c7ce32/product_image-tissot-ballade-quartz-40mm-a-t1564103305100-2290.webp","Tissot Classic Dream 42mm T129.410.22.031.00","59,000"
"1784053269-118","https://www.olizstore.com/brands","https://www.olizstore.com/brand/tissot","https://www.olizstore.com/product/tissot-prx-25mm-t137.010.11.111.00","https://wsrv.nl/?w=560&url=https://cdn2.blanxer.com/uploads/682feff88c633f25b4c7ce32/product_image-tissot-ballade-quartz-40mm-a-t1564103305100-2290.webp","Tissot PRX 25mm T137.010.11.111.00","59,000"
"1784053271-119","https://www.olizstore.com/brands","https://www.olizstore.com/brand/tissot","https://www.olizstore.com/product/tissot-prx-25mm-t137.010.33.506.00","https://wsrv.nl/?w=560&url=https://cdn2.blanxer.com/uploads/682feff88c633f25b4c7ce32/product_image-tissot-ballade-quartz-40mm-a-t1564103305100-2290.webp","Tissot PRX 25mm T137.010.33.506.00","62,000"
"1784053273-120","https://www.olizstore.com/brands","https://www.olizstore.com/brand/tissot","https://www.olizstore.com/product/tissot-prx-35mm-t137.210.11.081.00","https://wsrv.nl/?w=560&url=https://cdn2.blanxer.com/uploads/682feff88c633f25b4c7ce32/product_image-tissot-ballade-quartz-40mm-a-t1564103305100-2290.webp","Tissot PRX 35mm T137.210.11.081.00","62,000"
"1784053275-121","https://www.olizstore.com/brands","https://www.olizstore.com/brand/tissot","https://www.olizstore.com/product/tissot-prx-35mm-t137.210.11.331.00","https://wsrv.nl/?w=560&url=https://cdn2.blanxer.com/uploads/682feff88c633f25b4c7ce32/product_image-tissot-ballade-quartz-40mm-a-t1564103305100-2290.webp","Tissot PRX 35mm T137.210.11.331.00","62,000"
"1784053278-122","https://www.olizstore.com/brands","https://www.olizstore.com/brand/tissot","https://www.olizstore.com/product/tissot-prx-35mm-t137.210.11.351.00","https://wsrv.nl/?w=560&url=https://cdn2.blanxer.com/uploads/682feff88c633f25b4c7ce32/product_image-tissot-ballade-quartz-40mm-a-t1564103305100-2290.webp","Tissot PRX 35mm T137.210.11.351.00","62,000"
"1784053280-123","https://www.olizstore.com/brands","https://www.olizstore.com/brand/tissot","https://www.olizstore.com/product/tissot-prx-40mm-t137.407.11.091.00","https://wsrv.nl/?w=560&url=https://cdn2.blanxer.com/uploads/682feff88c633f25b4c7ce32/product_image-tissot-ballade-quartz-40mm-a-t1564103305100-2290.webp","TISSOT PRX 40MM T137.407.11.091.00","1,12,000"
"1784053282-124","https://www.olizstore.com/brands","https://www.olizstore.com/brand/tissot","https://www.olizstore.com/product/tissot-prx-40mm-t137.407.11.351.00","https://wsrv.nl/?w=560&url=https://cdn2.blanxer.com/uploads/682feff88c633f25b4c7ce32/product_image-tissot-ballade-quartz-40mm-a-t1564103305100-2290.webp","Tissot PRX 40mm T137.407.11.351.00","1,12,000"
"1784053284-125","https://www.olizstore.com/brands","https://www.olizstore.com/brand/tissot","https://www.olizstore.com/product/tissot-prx-40mm-quartz-t137.410.11.041.00","https://wsrv.nl/?w=560&url=https://cdn2.blanxer.com/uploads/682feff88c633f25b4c7ce32/product_image-tissot-ballade-quartz-40mm-a-t1564103305100-2290.webp","Tissot PRX 40mm Quartz T137.410.11.041.00","62,000"
"1784053286-126","https://www.olizstore.com/brands","https://www.olizstore.com/brand/tissot","https://www.olizstore.com/product/tissot-prx-40mm-t137.410.11.091.00","https://wsrv.nl/?w=560&url=https://cdn2.blanxer.com/uploads/682feff88c633f25b4c7ce32/product_image-tissot-ballade-quartz-40mm-a-t1564103305100-2290.webp","Tissot PRX 40mm T137.410.11.091.00","62,000"
"1784053288-127","https://www.olizstore.com/brands","https://www.olizstore.com/brand/tissot","https://www.olizstore.com/product/tissot-prx-40mm-t137.410.11.421.00","https://wsrv.nl/?w=560&url=https://cdn2.blanxer.com/uploads/682feff88c633f25b4c7ce32/product_image-tissot-ballade-quartz-40mm-a-t1564103305100-2290.webp","Tissot PRX 40mm T137.410.11.421.00","62,000"
"1784053290-128","https://www.olizstore.com/brands","https://www.olizstore.com/brand/tissot","https://www.olizstore.com/product/tissot-prx-40mm-t137.410.16.041.00","https://wsrv.nl/?w=560&url=https://cdn2.blanxer.com/uploads/682feff88c633f25b4c7ce32/product_image-tissot-ballade-quartz-40mm-a-t1564103305100-2290.webp","Tissot PRX 40mm T137.410.16.041.00","62,000"
"1784053293-129","https://www.olizstore.com/brands","https://www.olizstore.com/brand/tissot","https://www.olizstore.com/product/tissot-prx-40mm-t137.410.17.011.00","https://wsrv.nl/?w=560&url=https://cdn2.blanxer.com/uploads/682feff88c633f25b4c7ce32/product_image-tissot-ballade-quartz-40mm-a-t1564103305100-2290.webp","Tissot PRX 40mm T137.410.17.011.00","62,000"
"1784053295-130","https://www.olizstore.com/brands","https://www.olizstore.com/brand/tissot","https://www.olizstore.com/product/tissot-prx-quartz-champagne-dial-40mm-t137.410.33.021.00","https://wsrv.nl/?w=560&url=https://cdn2.blanxer.com/uploads/682feff88c633f25b4c7ce32/product_image-tissot-ballade-quartz-40mm-a-t1564103305100-2290.webp","Tissot PRX Quartz Champagne Dial 40mm T137.410.33.021.00","62,000"
"1784053297-131","https://www.olizstore.com/brands","https://www.olizstore.com/brand/tissot","https://www.olizstore.com/product/tissot-pr516-chronograph-quartz-40mm-t149.417.22.051.00","https://wsrv.nl/?w=560&url=https://cdn2.blanxer.com/uploads/682feff88c633f25b4c7ce32/product_image-tissot-ballade-quartz-40mm-a-t1564103305100-2290.webp","Tissot PR516 Chronograph Quartz 40mm T149.417.22.051.00","62,000"
"1784053299-132","https://www.olizstore.com/brands","https://www.olizstore.com/brand/tissot","https://www.olizstore.com/product/tissot-pr-100-34mm-t150.210.11.041.00","https://wsrv.nl/?w=560&url=https://cdn2.blanxer.com/uploads/682feff88c633f25b4c7ce32/product_image-tissot-ballade-quartz-40mm-a-t1564103305100-2290.webp","Tissot PR 100 34mm T150.210.11.041.00","51,000"
"1784053301-133","https://www.olizstore.com/brands","https://www.olizstore.com/brand/tissot","https://www.olizstore.com/product/tissot-pr-100-34mm-t150.210.33.021.00","https://wsrv.nl/?w=560&url=https://cdn2.blanxer.com/uploads/682feff88c633f25b4c7ce32/product_image-tissot-ballade-quartz-40mm-a-t1564103305100-2290.webp","Tissot PR 100 34mm T150.210.33.021.00","51,000"
"1784053303-134","https://www.olizstore.com/brands","https://www.olizstore.com/brand/tissot","https://www.olizstore.com/product/tissot-pr-100-40mm-t150.410.11.041.00","https://wsrv.nl/?w=560&url=https://cdn2.blanxer.com/uploads/682feff88c633f25b4c7ce32/product_image-tissot-ballade-quartz-40mm-a-t1564103305100-2290.webp","Tissot PR 100 40mm T150.410.11.041.00","51,000"
"1784053305-135","https://www.olizstore.com/brands","https://www.olizstore.com/brand/tissot","https://www.olizstore.com/product/tissot-pr-100-40mm-t150.410.22.041.00","https://wsrv.nl/?w=560&url=https://cdn2.blanxer.com/uploads/682feff88c633f25b4c7ce32/product_image-tissot-ballade-quartz-40mm-a-t1564103305100-2290.webp","Tissot PR 100 40mm T150.410.22.041.00","51,000"
"1784053308-136","https://www.olizstore.com/brands","https://www.olizstore.com/brand/tissot","https://www.olizstore.com/product/tissot-pr-100-chronograph-40mm-t150.417.22.031.00","https://wsrv.nl/?w=560&url=https://cdn2.blanxer.com/uploads/682feff88c633f25b4c7ce32/product_image-tissot-ballade-quartz-40mm-a-t1564103305100-2290.webp","Tissot PR 100 Chronograph 40mm T150.417.22.031.00","65,000"
"1784053310-137","https://www.olizstore.com/brands","https://www.olizstore.com/brand/tissot","https://www.olizstore.com/product/tissot-pr-100-40mm-t150.417.33.031.00","https://wsrv.nl/?w=560&url=https://cdn2.blanxer.com/uploads/682feff88c633f25b4c7ce32/product_image-tissot-ballade-quartz-40mm-a-t1564103305100-2290.webp","Tissot PR 100 40mm – T150.417.33.031.00","65,000"
"1784053312-138","https://www.olizstore.com/brands","https://www.olizstore.com/brand/tissot","https://www.olizstore.com/product/tissot-ballade-34mm-t156.210.22.031.00","https://wsrv.nl/?w=560&url=https://cdn2.blanxer.com/uploads/682feff88c633f25b4c7ce32/product_image-tissot-ballade-quartz-40mm-a-t1564103305100-2290.webp","Tissot Ballade 34mm – T156.210.22.031.00","51,000"
"1784053314-139","https://www.olizstore.com/brands","https://www.olizstore.com/brand/tissot","https://www.olizstore.com/product/tissot-ballade-quartz-40mm-t156.410.33.051.00","https://wsrv.nl/?w=560&url=https://cdn2.blanxer.com/uploads/682feff88c633f25b4c7ce32/product_image-tissot-ballade-quartz-40mm-a-t1564103305100-2290.webp","Tissot Ballade Quartz 40mm – T156.410.33.051.00","65,000"
"1784053320-140","https://www.olizstore.com/brands","https://www.olizstore.com/brand/thonet-and-vander","https://www.olizstore.com/product/thonet-and-vander-frei-topp-tws-(piano-black)-speaker-price-in-nepal","https://wsrv.nl/?w=560&url=https://cdn2.blanxer.com/uploads/682feff88c633f25b4c7ce32/product_image-thonet-and-vander-tp15-active-pa-system-side-4710.webp","Thonet & Vander FREI TOPP TWS Speaker","9,000"
"1784053322-141","https://www.olizstore.com/brands","https://www.olizstore.com/brand/thonet-and-vander","https://www.olizstore.com/product/thonet-and-vander-ziegel-tws-speaker-price-in-nepal","https://wsrv.nl/?w=560&url=https://cdn2.blanxer.com/uploads/682feff88c633f25b4c7ce32/product_image-thonet-and-vander-tp15-active-pa-system-side-4710.webp","Thonet & Vander Ziegel TWS Speaker","11,800"
"1784053324-142","https://www.olizstore.com/brands","https://www.olizstore.com/brand/thonet-and-vander","https://www.olizstore.com/product/thonet-and-vander-stark-g2-speaker-price-in-nepal","https://wsrv.nl/?w=560&url=https://cdn2.blanxer.com/uploads/682feff88c633f25b4c7ce32/product_image-thonet-and-vander-tp15-active-pa-system-side-4710.webp","Thonet & Vander Stark G2 Speaker","51,000"
"1784053327-143","https://www.olizstore.com/brands","https://www.olizstore.com/brand/thonet-and-vander","https://www.olizstore.com/product/thonet-and-vander-hoch-cinema-2.0-speaker-price-in-nepal","https://wsrv.nl/?w=560&url=https://cdn2.blanxer.com/uploads/682feff88c633f25b4c7ce32/product_image-thonet-and-vander-tp15-active-pa-system-side-4710.webp","Thonet & Vander Hoch Cinema 2.0 Speaker","47,500"
"1784053329-144","https://www.olizstore.com/brands","https://www.olizstore.com/brand/thonet-and-vander","https://www.olizstore.com/product/thonet-and-vander-kumpel-speaker-price-in-nepal","https://wsrv.nl/?w=560&url=https://cdn2.blanxer.com/uploads/682feff88c633f25b4c7ce32/product_image-thonet-and-vander-tp15-active-pa-system-side-4710.webp","Thonet & Vander Kumpel Speaker","20,500"
"1784053331-145","https://www.olizstore.com/brands","https://www.olizstore.com/brand/thonet-and-vander","https://www.olizstore.com/product/thonet-and-vander-vertrag-cinema-2.0-speaker-price-in-nepal","https://wsrv.nl/?w=560&url=https://cdn2.blanxer.com/uploads/682feff88c633f25b4c7ce32/product_image-thonet-and-vander-tp15-active-pa-system-side-4710.webp","Thonet & Vander Vertrag Cinema 2.0 Speaker","30,000"
"1784053333-146","https://www.olizstore.com/brands","https://www.olizstore.com/brand/thonet-and-vander","https://www.olizstore.com/product/thonet-and-vander-fleck-9-tws-outdoor-speaker-price-in-nepal","https://wsrv.nl/?w=560&url=https://cdn2.blanxer.com/uploads/682feff88c633f25b4c7ce32/product_image-thonet-and-vander-tp15-active-pa-system-side-4710.webp","Thonet & Vander FLECK 9 TWS Outdoor Speaker","65,000"
"1784053335-147","https://www.olizstore.com/brands","https://www.olizstore.com/brand/thonet-and-vander","https://www.olizstore.com/product/thonet-and-vander-gut-soundbar","https://wsrv.nl/?w=560&url=https://cdn2.blanxer.com/uploads/682feff88c633f25b4c7ce32/product_image-thonet-and-vander-tp15-active-pa-system-side-4710.webp","Thonet & Vander GUT Soundbar","15,000"
"1784053337-148","https://www.olizstore.com/brands","https://www.olizstore.com/brand/thonet-and-vander","https://www.olizstore.com/product/thonet-and-vander-dunn-2.1-sound-system","https://wsrv.nl/?w=560&url=https://cdn2.blanxer.com/uploads/682feff88c633f25b4c7ce32/product_image-thonet-and-vander-tp15-active-pa-system-side-4710.webp","Thonet & Vander DUNN 2.1 Sound System","30,000"
"1784053339-149","https://www.olizstore.com/brands","https://www.olizstore.com/brand/thonet-and-vander","https://www.olizstore.com/product/thonet-and-vander-rohre-gen-2-2.1-soundbar","https://wsrv.nl/?w=560&url=https://cdn2.blanxer.com/uploads/682feff88c633f25b4c7ce32/product_image-thonet-and-vander-tp15-active-pa-system-side-4710.webp","Thonet & Vander Röhre Gen 2 2.1 Soundbar","22,500"
"1784053341-150","https://www.olizstore.com/brands","https://www.olizstore.com/brand/thonet-and-vander","https://www.olizstore.com/product/thonet-and-vander-stern-2.1-sound-system","https://wsrv.nl/?w=560&url=https://cdn2.blanxer.com/uploads/682feff88c633f25b4c7ce32/product_image-thonet-and-vander-tp15-active-pa-system-side-4710.webp","Thonet & Vander Stern 2.1 Sound System","35,000"
"1784053344-151","https://www.olizstore.com/brands","https://www.olizstore.com/brand/thonet-and-vander","https://www.olizstore.com/product/thonet-and-vander-tl600-active-pa-system","https://wsrv.nl/?w=560&url=https://cdn2.blanxer.com/uploads/682feff88c633f25b4c7ce32/product_image-thonet-and-vander-tp15-active-pa-system-side-4710.webp","Thonet & Vander TL600 Active PA System","79,000"
"1784053346-152","https://www.olizstore.com/brands","https://www.olizstore.com/brand/thonet-and-vander","https://www.olizstore.com/product/thonet-and-vander-tp15-active-pa-system","https://wsrv.nl/?w=560&url=https://cdn2.blanxer.com/uploads/682feff88c633f25b4c7ce32/product_image-thonet-and-vander-tp15-active-pa-system-side-4710.webp","Thonet & Vander TP15 Active PA System","69,000"
"1784053354-153","https://www.olizstore.com/brands","https://www.olizstore.com/brand/sony","https://www.olizstore.com/product/sony-fx3-cinema-line-full-frame-camera","https://wsrv.nl/?w=560&url=https://cdn2.blanxer.com/uploads/682feff88c633f25b4c7ce32/product_image-sony-ult-wear-wireless-noise-canceling-headphones-8258.webp","Sony FX3 Cinema Line Full-Frame Camera","5,75,000"
"1784053356-154","https://www.olizstore.com/brands","https://www.olizstore.com/brand/sony","https://www.olizstore.com/product/sony-wf-1000xm5-wireless-noise-cancelling-earbuds","https://wsrv.nl/?w=560&url=https://cdn2.blanxer.com/uploads/682feff88c633f25b4c7ce32/product_image-sony-ult-wear-wireless-noise-canceling-headphones-8258.webp","Sony WF-1000XM5 Wireless Noise Cancelling Earbuds","50,000"
"1784053358-155","https://www.olizstore.com/brands","https://www.olizstore.com/brand/sony","https://www.olizstore.com/product/sony-wfc500-wireless-earbuds","https://wsrv.nl/?w=560&url=https://cdn2.blanxer.com/uploads/682feff88c633f25b4c7ce32/product_image-sony-ult-wear-wireless-noise-canceling-headphones-8258.webp","Sony WF‑C500 Wireless Earbuds","18,000"
"1784053360-156","https://www.olizstore.com/brands","https://www.olizstore.com/brand/sony","https://www.olizstore.com/product/sony-wfc700n-noise-canceling-earbuds","https://wsrv.nl/?w=560&url=https://cdn2.blanxer.com/uploads/682feff88c633f25b4c7ce32/product_image-sony-ult-wear-wireless-noise-canceling-headphones-8258.webp","Sony WF‑C700N Noise Canceling Earbuds","28,500"
"1784053362-157","https://www.olizstore.com/brands","https://www.olizstore.com/brand/sony","https://www.olizstore.com/product/sony-wh-1000xm5-wireless-noise-cancelling-headphones","https://wsrv.nl/?w=560&url=https://cdn2.blanxer.com/uploads/682feff88c633f25b4c7ce32/product_image-sony-ult-wear-wireless-noise-canceling-headphones-8258.webp","Sony WH-1000XM5 Wireless Noise Cancelling Headphones","57,600"
"1784053364-158","https://www.olizstore.com/brands","https://www.olizstore.com/brand/sony","https://www.olizstore.com/product/sony-wh-ch720n-noise-canceling-wireless-headphones","https://wsrv.nl/?w=560&url=https://cdn2.blanxer.com/uploads/682feff88c633f25b4c7ce32/product_image-sony-ult-wear-wireless-noise-canceling-headphones-8258.webp","Sony WH-CH720N Noise Canceling Wireless Headphones","27,000"
"1784053366-159","https://www.olizstore.com/brands","https://www.olizstore.com/brand/sony","https://www.olizstore.com/product/sony-wi-c100-wireless-headphones","https://wsrv.nl/?w=560&url=https://cdn2.blanxer.com/uploads/682feff88c633f25b4c7ce32/product_image-sony-ult-wear-wireless-noise-canceling-headphones-8258.webp","Sony WI-C100 Wireless Headphones","6,000"
"1784053369-160","https://www.olizstore.com/brands","https://www.olizstore.com/brand/sony","https://www.olizstore.com/product/sony-wh-ch520-wireless-headphones-with-microphone-price-in-nepal","https://wsrv.nl/?w=560&url=https://cdn2.blanxer.com/uploads/682feff88c633f25b4c7ce32/product_image-sony-ult-wear-wireless-noise-canceling-headphones-8258.webp","Sony WH-CH520 Wireless Headphones with Microphone","10,350"
"1784053371-161","https://www.olizstore.com/brands","https://www.olizstore.com/brand/sony","https://www.olizstore.com/product/sony-srs-xb100-portable-bluetooth-speaker","https://wsrv.nl/?w=560&url=https://cdn2.blanxer.com/uploads/682feff88c633f25b4c7ce32/product_image-sony-ult-wear-wireless-noise-canceling-headphones-8258.webp","Sony SRS-XB100 Portable Bluetooth Speaker","13,500"
"1784053373-162","https://www.olizstore.com/brands","https://www.olizstore.com/brand/sony","https://www.olizstore.com/product/sony-wh-g300-inzone-h3-wired-gaming-headset","https://wsrv.nl/?w=560&url=https://cdn2.blanxer.com/uploads/682feff88c633f25b4c7ce32/product_image-sony-ult-wear-wireless-noise-canceling-headphones-8258.webp","Sony WH-G300 INZONE H3 Wired Gaming Headset","16,200"
"1784053375-163","https://www.olizstore.com/brands","https://www.olizstore.com/brand/sony","https://www.olizstore.com/product/sony-srs-xe200-portable-wireless-speaker-price-in-nepal","https://wsrv.nl/?w=560&url=https://cdn2.blanxer.com/uploads/682feff88c633f25b4c7ce32/product_image-sony-ult-wear-wireless-noise-canceling-headphones-8258.webp","Sony SRS-XE200 Portable Wireless Speaker","23,500"
"1784053377-164","https://www.olizstore.com/brands","https://www.olizstore.com/brand/sony","https://www.olizstore.com/product/sony-fe-50mm-f1.8-lens-(50f18f)-price-in-nepal","https://wsrv.nl/?w=560&url=https://cdn2.blanxer.com/uploads/682feff88c633f25b4c7ce32/product_image-sony-ult-wear-wireless-noise-canceling-headphones-8258.webp","Sony FE 50mm f/1.8 Lens (50F18F)","42,000"
"1784053379-165","https://www.olizstore.com/brands","https://www.olizstore.com/brand/sony","https://www.olizstore.com/product/sony-fe-35mm-f1.8-lens-(35f18f)","https://wsrv.nl/?w=560&url=https://cdn2.blanxer.com/uploads/682feff88c633f25b4c7ce32/product_image-sony-ult-wear-wireless-noise-canceling-headphones-8258.webp","Sony FE 35mm f/1.8 Lens (35F18F)","80,000"
"1784053381-166","https://www.olizstore.com/brands","https://www.olizstore.com/brand/sony","https://www.olizstore.com/product/sony-fe-14mm-f1.8-gm-lens","https://wsrv.nl/?w=560&url=https://cdn2.blanxer.com/uploads/682feff88c633f25b4c7ce32/product_image-sony-ult-wear-wireless-noise-canceling-headphones-8258.webp","Sony FE 14mm f/1.8 GM Lens","2,25,000"
"1784053384-167","https://www.olizstore.com/brands","https://www.olizstore.com/brand/sony","https://www.olizstore.com/product/sony-fe-24-70mm-f2.8-gm-ii-lens","https://wsrv.nl/?w=560&url=https://cdn2.blanxer.com/uploads/682feff88c633f25b4c7ce32/product_image-sony-ult-wear-wireless-noise-canceling-headphones-8258.webp","Sony FE 24-70mm f/2.8 GM II Lens","2,70,000"
"1784053386-168","https://www.olizstore.com/brands","https://www.olizstore.com/brand/sony","https://www.olizstore.com/product/sony-fe-50mm-f1.2-gm-lens-(sony-e)","https://wsrv.nl/?w=560&url=https://cdn2.blanxer.com/uploads/682feff88c633f25b4c7ce32/product_image-sony-ult-wear-wireless-noise-canceling-headphones-8258.webp","Sony FE 50mm f/1.2 GM Lens (Sony E)","2,80,000"
"1784053388-169","https://www.olizstore.com/brands","https://www.olizstore.com/brand/sony","https://www.olizstore.com/product/sony-fe-16-35mm-f2.8-gm-ii-lens-(sony-e)","https://wsrv.nl/?w=560&url=https://cdn2.blanxer.com/uploads/682feff88c633f25b4c7ce32/product_image-sony-ult-wear-wireless-noise-canceling-headphones-8258.webp","Sony FE 16-35mm f/2.8 GM II Lens (Sony E)","3,40,000"
"1784053390-170","https://www.olizstore.com/brands","https://www.olizstore.com/brand/sony","https://www.olizstore.com/product/sony-zv-e10-mirrorless-camera-with-16-50mm-lens","https://wsrv.nl/?w=560&url=https://cdn2.blanxer.com/uploads/682feff88c633f25b4c7ce32/product_image-sony-ult-wear-wireless-noise-canceling-headphones-8258.webp","Sony ZV-E10 Mirrorless Camera with 16-50mm Lens","1,21,000"
"1784053392-171","https://www.olizstore.com/brands","https://www.olizstore.com/brand/sony","https://www.olizstore.com/product/sony-a6400-mirrorless-camera-with-16-50mm-lens","https://wsrv.nl/?w=560&url=https://cdn2.blanxer.com/uploads/682feff88c633f25b4c7ce32/product_image-sony-ult-wear-wireless-noise-canceling-headphones-8258.webp","Sony a6400 Mirrorless Camera with 16-50mm Lens","1,36,000"
"1784053394-172","https://www.olizstore.com/brands","https://www.olizstore.com/brand/sony","https://www.olizstore.com/product/sony-a7-iv-mirrorless-camera-(ilce-7m4)","https://wsrv.nl/?w=560&url=https://cdn2.blanxer.com/uploads/682feff88c633f25b4c7ce32/product_image-sony-ult-wear-wireless-noise-canceling-headphones-8258.webp","Sony a7 IV Mirrorless Camera (ILCE-7M4)","3,09,000"
"1784053396-173","https://www.olizstore.com/brands","https://www.olizstore.com/brand/sony","https://www.olizstore.com/product/sony-a7s-iii-mirrorless-camera","https://wsrv.nl/?w=560&url=https://cdn2.blanxer.com/uploads/682feff88c633f25b4c7ce32/product_image-sony-ult-wear-wireless-noise-canceling-headphones-8258.webp","Sony a7S III Mirrorless Camera","5,19,000"
"1784053399-174","https://www.olizstore.com/brands","https://www.olizstore.com/brand/sony","https://www.olizstore.com/product/sony-wh-g500-inzone-h5-wired-and-wireless-gaming-headset","https://wsrv.nl/?w=560&url=https://cdn2.blanxer.com/uploads/682feff88c633f25b4c7ce32/product_image-sony-ult-wear-wireless-noise-canceling-headphones-8258.webp","Sony WH-G500 INZONE H5 Wired and Wireless Gaming Headset","25,200"
"1784053401-175","https://www.olizstore.com/brands","https://www.olizstore.com/brand/sony","https://www.olizstore.com/product/sony-srs-xe300-portable-wireless-speaker","https://wsrv.nl/?w=560&url=https://cdn2.blanxer.com/uploads/682feff88c633f25b4c7ce32/product_image-sony-ult-wear-wireless-noise-canceling-headphones-8258.webp","Sony SRS-XE300 Portable Wireless Speaker","33,000"
"1784053403-176","https://www.olizstore.com/brands","https://www.olizstore.com/brand/sony","https://www.olizstore.com/product/sony-wh-g900n-inzone-h9-wireless-noise-canceling-gaming-headset","https://wsrv.nl/?w=560&url=https://cdn2.blanxer.com/uploads/682feff88c633f25b4c7ce32/product_image-sony-ult-wear-wireless-noise-canceling-headphones-8258.webp","Sony WH-G900N INZONE H9 Wireless Noise Canceling Gaming Headset","55,800"
"1784053405-177","https://www.olizstore.com/brands","https://www.olizstore.com/brand/sony","https://www.olizstore.com/product/sony-ult-wear-wireless-noise-canceling-headphones-price-in-nepal","https://wsrv.nl/?w=560&url=https://cdn2.blanxer.com/uploads/682feff88c633f25b4c7ce32/product_image-sony-ult-wear-wireless-noise-canceling-headphones-8258.webp","Sony ULT WEAR Wireless Noise Canceling Headphones","35,000"
"1784053412-178","https://www.olizstore.com/brands","https://www.olizstore.com/brand/seiko-watches-price-in-nepal","https://www.olizstore.com/product/seiko-5-sports-x-yuto-horigome-limited-edition-iv-srpl31k1","https://wsrv.nl/?w=560&url=https://cdn2.blanxer.com/uploads/682feff88c633f25b4c7ce32/product_image-seiko-5-sports-srpd51k1-automatic-men's-watch-4061.webp","Seiko 5 Sports X Yuto Horigome Limited Edition IV – SRPL31K1","1,10,000"
"1784053415-179","https://www.olizstore.com/brands","https://www.olizstore.com/brand/seiko-watches-price-in-nepal","https://www.olizstore.com/product/seiko-5-sports-srpk13k1","https://wsrv.nl/?w=560&url=https://cdn2.blanxer.com/uploads/682feff88c633f25b4c7ce32/product_image-seiko-5-sports-srpd51k1-automatic-men's-watch-4061.webp","Seiko 5 Sports SRPK13K1","65,000"
"1784053417-180","https://www.olizstore.com/brands","https://www.olizstore.com/brand/seiko-watches-price-in-nepal","https://www.olizstore.com/product/seiko-5-sports-%22new-double-hurricane%22-srpk11k1","https://wsrv.nl/?w=560&url=https://cdn2.blanxer.com/uploads/682feff88c633f25b4c7ce32/product_image-seiko-5-sports-srpd51k1-automatic-men's-watch-4061.webp","Seiko 5 Sports “New Double Hurricane” SRPK11K1","65,000"
"1784053419-181","https://www.olizstore.com/brands","https://www.olizstore.com/brand/seiko-watches-price-in-nepal","https://www.olizstore.com/product/seiko-5-sports-srpk09k1","https://wsrv.nl/?w=560&url=https://cdn2.blanxer.com/uploads/682feff88c633f25b4c7ce32/product_image-seiko-5-sports-srpd51k1-automatic-men's-watch-4061.webp","Seiko 5 Sports SRPK09K1","65,000"
"1784053421-182","https://www.olizstore.com/brands","https://www.olizstore.com/brand/seiko-watches-price-in-nepal","https://www.olizstore.com/product/seiko-5-sports-field-series-srpg35","https://wsrv.nl/?w=560&url=https://cdn2.blanxer.com/uploads/682feff88c633f25b4c7ce32/product_image-seiko-5-sports-srpd51k1-automatic-men's-watch-4061.webp","Seiko 5 Sports Field Series SRPG35","60,000"
"1784053423-183","https://www.olizstore.com/brands","https://www.olizstore.com/brand/seiko-watches-price-in-nepal","https://www.olizstore.com/product/seiko-presage-srpe17j1","https://wsrv.nl/?w=560&url=https://cdn2.blanxer.com/uploads/682feff88c633f25b4c7ce32/product_image-seiko-5-sports-srpd51k1-automatic-men's-watch-4061.webp","Seiko Presage SRPE17J1","85,000"
"1784053425-184","https://www.olizstore.com/brands","https://www.olizstore.com/brand/seiko-watches-price-in-nepal","https://www.olizstore.com/product/seiko-presage-cocktail-time-srpb41","https://wsrv.nl/?w=560&url=https://cdn2.blanxer.com/uploads/682feff88c633f25b4c7ce32/product_image-seiko-5-sports-srpd51k1-automatic-men's-watch-4061.webp","Seiko Presage Cocktail Time SRPB41","85,000"
"1784053427-185","https://www.olizstore.com/brands","https://www.olizstore.com/brand/seiko-watches-price-in-nepal","https://www.olizstore.com/product/seiko-prospex-sea-limited-edition-spb539","https://wsrv.nl/?w=560&url=https://cdn2.blanxer.com/uploads/682feff88c633f25b4c7ce32/product_image-seiko-5-sports-srpd51k1-automatic-men's-watch-4061.webp","Seiko Prospex Sea Limited Edition SPB539","1,80,000"
"1784053429-186","https://www.olizstore.com/brands","https://www.olizstore.com/brand/seiko-watches-price-in-nepal","https://www.olizstore.com/product/seiko-prospex-land-spb155","https://wsrv.nl/?w=560&url=https://cdn2.blanxer.com/uploads/682feff88c633f25b4c7ce32/product_image-seiko-5-sports-srpd51k1-automatic-men's-watch-4061.webp","Seiko Prospex Land SPB155","1,30,000"
"1784053432-187","https://www.olizstore.com/brands","https://www.olizstore.com/brand/seiko-watches-price-in-nepal","https://www.olizstore.com/product/seiko-5-automatic-blue-dial-snzg11j1","https://wsrv.nl/?w=560&url=https://cdn2.blanxer.com/uploads/682feff88c633f25b4c7ce32/product_image-seiko-5-sports-srpd51k1-automatic-men's-watch-4061.webp","Seiko 5 Automatic Blue Dial SNZG11J1","65,000"
"1784053434-188","https://www.olizstore.com/brands","https://www.olizstore.com/brand/seiko-watches-price-in-nepal","https://www.olizstore.com/product/seiko-5-automatic-snkk25k1","https://wsrv.nl/?w=560&url=https://cdn2.blanxer.com/uploads/682feff88c633f25b4c7ce32/product_image-seiko-5-sports-srpd51k1-automatic-men's-watch-4061.webp","Seiko 5 Automatic SNKK25K1","40,000"
"1784053436-189","https://www.olizstore.com/brands","https://www.olizstore.com/brand/seiko-watches-price-in-nepal","https://www.olizstore.com/product/seiko-selection-mechanical-spring-2026-limited-edition-scve065","https://wsrv.nl/?w=560&url=https://cdn2.blanxer.com/uploads/682feff88c633f25b4c7ce32/product_image-seiko-5-sports-srpd51k1-automatic-men's-watch-4061.webp","Seiko Selection Mechanical Spring 2026 Limited Edition SCVE065","60,000"
"1784053438-190","https://www.olizstore.com/brands","https://www.olizstore.com/brand/seiko-watches-price-in-nepal","https://www.olizstore.com/product/seiko-prospex-diver-scuba-padi-special-edition-sbdy135","https://wsrv.nl/?w=560&url=https://cdn2.blanxer.com/uploads/682feff88c633f25b4c7ce32/product_image-seiko-5-sports-srpd51k1-automatic-men's-watch-4061.webp","Seiko Prospex Diver Scuba PADI Special Edition SBDY135","2,00,000"
"1784053440-191","https://www.olizstore.com/brands","https://www.olizstore.com/brand/seiko-watches-price-in-nepal","https://www.olizstore.com/product/seiko-prospex-alpinist-sbdc211","https://wsrv.nl/?w=560&url=https://cdn2.blanxer.com/uploads/682feff88c633f25b4c7ce32/product_image-seiko-5-sports-srpd51k1-automatic-men's-watch-4061.webp","Seiko Prospex Alpinist SBDC211","1,35,000"
"1784053442-192","https://www.olizstore.com/brands","https://www.olizstore.com/brand/seiko-watches-price-in-nepal","https://www.olizstore.com/product/seiko-prospex-divers-set-sbdc209","https://wsrv.nl/?w=560&url=https://cdn2.blanxer.com/uploads/682feff88c633f25b4c7ce32/product_image-seiko-5-sports-srpd51k1-automatic-men's-watch-4061.webp","Seiko Prospex Divers Set SBDC209","1,45,000"
"1784053444-193","https://www.olizstore.com/brands","https://www.olizstore.com/brand/seiko-watches-price-in-nepal","https://www.olizstore.com/product/seiko-prospex-alpinist-sbdc207","https://wsrv.nl/?w=560&url=https://cdn2.blanxer.com/uploads/682feff88c633f25b4c7ce32/product_image-seiko-5-sports-srpd51k1-automatic-men's-watch-4061.webp","Seiko Prospex Alpinist SBDC207","1,50,000"
"1784053447-194","https://www.olizstore.com/brands","https://www.olizstore.com/brand/seiko-watches-price-in-nepal","https://www.olizstore.com/product/seiko-presage-cocktail-time-sary273","https://wsrv.nl/?w=560&url=https://cdn2.blanxer.com/uploads/682feff88c633f25b4c7ce32/product_image-seiko-5-sports-srpd51k1-automatic-men's-watch-4061.webp","Seiko Presage Cocktail Time SARY273","90,000"
"1784053449-195","https://www.olizstore.com/brands","https://www.olizstore.com/brand/seiko-watches-price-in-nepal","https://www.olizstore.com/product/seiko-presage-cocktail-time-sary271","https://wsrv.nl/?w=560&url=https://cdn2.blanxer.com/uploads/682feff88c633f25b4c7ce32/product_image-seiko-5-sports-srpd51k1-automatic-men's-watch-4061.webp","Seiko Presage Cocktail Time SARY271","75,000"
"1784053451-196","https://www.olizstore.com/brands","https://www.olizstore.com/brand/seiko-watches-price-in-nepal","https://www.olizstore.com/product/seiko-spirit-sbtr019-men's-chronograph-watch","https://wsrv.nl/?w=560&url=https://cdn2.blanxer.com/uploads/682feff88c633f25b4c7ce32/product_image-seiko-5-sports-srpd51k1-automatic-men's-watch-4061.webp","Seiko Spirit SBTR019 Men's Chronograph Watch","38,000"
"1784053453-197","https://www.olizstore.com/brands","https://www.olizstore.com/brand/seiko-watches-price-in-nepal","https://www.olizstore.com/product/seiko-spirit-sbtr021-men's-chronograph-watch","https://wsrv.nl/?w=560&url=https://cdn2.blanxer.com/uploads/682feff88c633f25b4c7ce32/product_image-seiko-5-sports-srpd51k1-automatic-men's-watch-4061.webp","Seiko Spirit SBTR021 Men's Chronograph Watch","38,000"
"1784053455-198","https://www.olizstore.com/brands","https://www.olizstore.com/brand/seiko-watches-price-in-nepal","https://www.olizstore.com/product/seiko-spirit-sbtr017-men's-chronograph-watch","https://wsrv.nl/?w=560&url=https://cdn2.blanxer.com/uploads/682feff88c633f25b4c7ce32/product_image-seiko-5-sports-srpd51k1-automatic-men's-watch-4061.webp","Seiko Spirit SBTR017 Men's Chronograph Watch","38,000"
"1784053457-199","https://www.olizstore.com/brands","https://www.olizstore.com/brand/seiko-watches-price-in-nepal","https://www.olizstore.com/product/seiko-5-sports-srpd85k1-automatic-men's-watch","https://wsrv.nl/?w=560&url=https://cdn2.blanxer.com/uploads/682feff88c633f25b4c7ce32/product_image-seiko-5-sports-srpd51k1-automatic-men's-watch-4061.webp","Seiko 5 Sports SRPD85K1 Automatic Men's Watch","55,600"
"1784053459-200","https://www.olizstore.com/brands","https://www.olizstore.com/brand/seiko-watches-price-in-nepal","https://www.olizstore.com/product/seiko-5-sports-skx-series-srpl79-automatic-men's-watch","https://wsrv.nl/?w=560&url=https://cdn2.blanxer.com/uploads/682feff88c633f25b4c7ce32/product_image-seiko-5-sports-srpd51k1-automatic-men's-watch-4061.webp","Seiko 5 Sports SKX Series SRPL79 Automatic Men's Watch","63,000"
"1784053462-201","https://www.olizstore.com/brands","https://www.olizstore.com/brand/seiko-watches-price-in-nepal","https://www.olizstore.com/product/seiko-5-sports-skx-series-srpk31k1-automatic-men's-watch","https://wsrv.nl/?w=560&url=https://cdn2.blanxer.com/uploads/682feff88c633f25b4c7ce32/product_image-seiko-5-sports-srpd51k1-automatic-men's-watch-4061.webp","Seiko 5 Sports SKX Series SRPK31K1 Automatic Men's Watch","60,000"
"1784053464-202","https://www.olizstore.com/brands","https://www.olizstore.com/brand/seiko-watches-price-in-nepal","https://www.olizstore.com/product/seiko-5-sports-skx-series-srpk29k1-automatic-men's-watch","https://wsrv.nl/?w=560&url=https://cdn2.blanxer.com/uploads/682feff88c633f25b4c7ce32/product_image-seiko-5-sports-srpd51k1-automatic-men's-watch-4061.webp","Seiko 5 Sports SKX Series SRPK29K1 Automatic Men's Watch","60,000"
"1784053466-203","https://www.olizstore.com/brands","https://www.olizstore.com/brand/seiko-watches-price-in-nepal","https://www.olizstore.com/product/seiko-5-sports-skx-series-srpk33k1-automatic-men's-watch","https://wsrv.nl/?w=560&url=https://cdn2.blanxer.com/uploads/682feff88c633f25b4c7ce32/product_image-seiko-5-sports-srpd51k1-automatic-men's-watch-4061.webp","Seiko 5 Sports SKX Series SRPK33K1 Automatic Men's Watch","60,000"
"1784053468-204","https://www.olizstore.com/brands","https://www.olizstore.com/brand/seiko-watches-price-in-nepal","https://www.olizstore.com/product/seiko-5-sports-srpk35k1-automatic-men's-watch","https://wsrv.nl/?w=560&url=https://cdn2.blanxer.com/uploads/682feff88c633f25b4c7ce32/product_image-seiko-5-sports-srpd51k1-automatic-men's-watch-4061.webp","Seiko 5 Sports SRPK35K1 Automatic Men's Watch","60,000"
"1784053470-205","https://www.olizstore.com/brands","https://www.olizstore.com/brand/seiko-watches-price-in-nepal","https://www.olizstore.com/product/seiko-5-sports-ssk003k1-%22blueberry%22-gmt-automatic-men's-watch","https://wsrv.nl/?w=560&url=https://cdn2.blanxer.com/uploads/682feff88c633f25b4c7ce32/product_image-seiko-5-sports-srpd51k1-automatic-men's-watch-4061.webp","Seiko 5 Sports SSK003K1 ""Blueberry"" GMT Automatic Men's Watch","86,000"
"1784053472-206","https://www.olizstore.com/brands","https://www.olizstore.com/brand/seiko-watches-price-in-nepal","https://www.olizstore.com/product/seiko-5-sports-skx-series-ssk033-gmt-automatic-men's-watch","https://wsrv.nl/?w=560&url=https://cdn2.blanxer.com/uploads/682feff88c633f25b4c7ce32/product_image-seiko-5-sports-srpd51k1-automatic-men's-watch-4061.webp","Seiko 5 Sports SKX Series SSK033 GMT Automatic Men's Watch","94,000"
"1784053474-207","https://www.olizstore.com/brands","https://www.olizstore.com/brand/seiko-watches-price-in-nepal","https://www.olizstore.com/product/seiko-smgg17-rotocall-re-interpretation-quartz-men's-watch","https://wsrv.nl/?w=560&url=https://cdn2.blanxer.com/uploads/682feff88c633f25b4c7ce32/product_image-seiko-5-sports-srpd51k1-automatic-men's-watch-4061.webp","Seiko SMGG17 Rotocall Re-Interpretation Quartz Men's Watch","91,700"
"1784053476-208","https://www.olizstore.com/brands","https://www.olizstore.com/brand/seiko-watches-price-in-nepal","https://www.olizstore.com/product/seiko-5-sports-srpd63-automatic-men's-watch","https://wsrv.nl/?w=560&url=https://cdn2.blanxer.com/uploads/682feff88c633f25b4c7ce32/product_image-seiko-5-sports-srpd51k1-automatic-men's-watch-4061.webp","Seiko 5 Sports SRPD63 Automatic Men's Watch","60,000"
"1784053479-209","https://www.olizstore.com/brands","https://www.olizstore.com/brand/seiko-watches-price-in-nepal","https://www.olizstore.com/product/seiko-5-sports-srpd51k1-automatic-men's-watch","https://wsrv.nl/?w=560&url=https://cdn2.blanxer.com/uploads/682feff88c633f25b4c7ce32/product_image-seiko-5-sports-srpd51k1-automatic-men's-watch-4061.webp","Seiko 5 Sports SRPD51K1 Automatic Men's Watch","61,300"
"1784053484-210","https://www.olizstore.com/brands","https://www.olizstore.com/brand/segway","https://www.olizstore.com/product/segway-e100-electric-scooter","https://wsrv.nl/?w=560&url=https://cdn2.blanxer.com/uploads/682feff88c633f25b4c7ce32/product_image-segway-e100-white-8133.webp","Segway E100 Electric Scooter","2,55,000"
"1784053492-211","https://www.olizstore.com/brands","https://www.olizstore.com/brand/satechi","https://www.olizstore.com/product/satechi-aluminum-clamp-hub-premium-4-port-usb-3.0","https://wsrv.nl/?w=560&url=https://cdn2.blanxer.com/uploads/682feff88c633f25b4c7ce32/product_image-satechi-usb-c-pro-hub-1-1854.webp","Satechi Aluminum Clamp Hub Premium 4-Port USB 3.0","3,500"
"1784053494-212","https://www.olizstore.com/brands","https://www.olizstore.com/brand/satechi","https://www.olizstore.com/product/satechi-aluminum-usb-type-c-external-hdd-enclosed-space-gray","https://wsrv.nl/?w=560&url=https://cdn2.blanxer.com/uploads/682feff88c633f25b4c7ce32/product_image-satechi-usb-c-pro-hub-1-1854.webp","Satechi Aluminum USB Type C External HDD Enclosed Space Gray","5,500"
"1784053497-213","https://www.olizstore.com/brands","https://www.olizstore.com/brand/satechi","https://www.olizstore.com/product/satechi-aluminum-usb-3.0-headphone-stand-and-3.5mm-aux-port","https://wsrv.nl/?w=560&url=https://cdn2.blanxer.com/uploads/682feff88c633f25b4c7ce32/product_image-satechi-usb-c-pro-hub-1-1854.webp","Satechi Aluminum USB 3.0 Headphone Stand & 3.5mm AUX Port","4,800"
"1784053499-214","https://www.olizstore.com/brands","https://www.olizstore.com/brand/satechi","https://www.olizstore.com/product/satechi-aluminum-slim-rechargeable-bluetooth-keypad","https://wsrv.nl/?w=560&url=https://cdn2.blanxer.com/uploads/682feff88c633f25b4c7ce32/product_image-satechi-usb-c-pro-hub-1-1854.webp","Satechi Aluminum Slim Rechargeable Bluetooth Keypad","4,800"
"1784053501-215","https://www.olizstore.com/brands","https://www.olizstore.com/brand/satechi","https://www.olizstore.com/product/satechi-smart-charging-stand","https://wsrv.nl/?w=560&url=https://cdn2.blanxer.com/uploads/682feff88c633f25b4c7ce32/product_image-satechi-usb-c-pro-hub-1-1854.webp","Satechi Smart Charging Stand","4,000"
"1784053503-216","https://www.olizstore.com/brands","https://www.olizstore.com/brand/satechi","https://www.olizstore.com/product/satechi-type-c-power-meter-tester-for-usb-c-devices","https://wsrv.nl/?w=560&url=https://cdn2.blanxer.com/uploads/682feff88c633f25b4c7ce32/product_image-satechi-usb-c-pro-hub-1-1854.webp","Satechi Type-C Power Meter Tester for USB-C Devices","5,500"
"1784053505-217","https://www.olizstore.com/brands","https://www.olizstore.com/brand/satechi","https://www.olizstore.com/product/satechi-magnetic-2-in-1-wireless-charging-stand","https://wsrv.nl/?w=560&url=https://cdn2.blanxer.com/uploads/682feff88c633f25b4c7ce32/product_image-satechi-usb-c-pro-hub-1-1854.webp","Satechi Magnetic 2-in-1 Wireless Charging Stand","9,800"
"1784053507-218","https://www.olizstore.com/brands","https://www.olizstore.com/brand/satechi","https://www.olizstore.com/product/satechi-8k-ultra-hd-high-speed-2m-hdmi-cable","https://wsrv.nl/?w=560&url=https://cdn2.blanxer.com/uploads/682feff88c633f25b4c7ce32/product_image-satechi-usb-c-pro-hub-1-1854.webp","Satechi 8K Ultra HD High-Speed 2M HDMI Cable","4,500"
"1784053509-219","https://www.olizstore.com/brands","https://www.olizstore.com/brand/satechi","https://www.olizstore.com/product/satechi-aluminum-bluetooth-wireless-keyboard","https://wsrv.nl/?w=560&url=https://cdn2.blanxer.com/uploads/682feff88c633f25b4c7ce32/product_image-satechi-usb-c-pro-hub-1-1854.webp","Satechi Aluminum Bluetooth Wireless Keyboard","12,000"
"1784053511-220","https://www.olizstore.com/brands","https://www.olizstore.com/brand/satechi","https://www.olizstore.com/product/satechi-aluminum-desktop-stand-for-ipad","https://wsrv.nl/?w=560&url=https://cdn2.blanxer.com/uploads/682feff88c633f25b4c7ce32/product_image-satechi-usb-c-pro-hub-1-1854.webp","Satechi Aluminum Desktop Stand for iPad","7,800"
"1784053514-221","https://www.olizstore.com/brands","https://www.olizstore.com/brand/satechi","https://www.olizstore.com/product/satechi-aluminum-stand-hub-for-ipad-pro","https://wsrv.nl/?w=560&url=https://cdn2.blanxer.com/uploads/682feff88c633f25b4c7ce32/product_image-satechi-usb-c-pro-hub-1-1854.webp","Satechi Aluminum Stand Hub For iPad Pro","15,500"
"1784053516-222","https://www.olizstore.com/brands","https://www.olizstore.com/brand/satechi","https://www.olizstore.com/product/satechi-universal-vertical-laptop-aluminum-stand","https://wsrv.nl/?w=560&url=https://cdn2.blanxer.com/uploads/682feff88c633f25b4c7ce32/product_image-satechi-usb-c-pro-hub-1-1854.webp","Satechi Universal Vertical Laptop Aluminum Stand","8,000"
"1784053518-223","https://www.olizstore.com/brands","https://www.olizstore.com/brand/satechi","https://www.olizstore.com/product/satechi-m1-wireless-mouse","https://wsrv.nl/?w=560&url=https://cdn2.blanxer.com/uploads/682feff88c633f25b4c7ce32/product_image-satechi-usb-c-pro-hub-1-1854.webp","Satechi M1 Wireless Mouse","4,400"
"1784053520-224","https://www.olizstore.com/brands","https://www.olizstore.com/brand/satechi","https://www.olizstore.com/product/satechi-r1-aluminum-hinge-holder-foldable-stand","https://wsrv.nl/?w=560&url=https://cdn2.blanxer.com/uploads/682feff88c633f25b4c7ce32/product_image-satechi-usb-c-pro-hub-1-1854.webp","Satechi R1 Aluminum Hinge Holder Foldable Stand","5,500"
"1784053522-225","https://www.olizstore.com/brands","https://www.olizstore.com/brand/satechi","https://www.olizstore.com/product/satechi-slim-x1-bluetooth-backlit-keyboard","https://wsrv.nl/?w=560&url=https://cdn2.blanxer.com/uploads/682feff88c633f25b4c7ce32/product_image-satechi-usb-c-pro-hub-1-1854.webp","Satechi Slim X1 Bluetooth Backlit Keyboard","10,500"
"1784053524-226","https://www.olizstore.com/brands","https://www.olizstore.com/brand/satechi","https://www.olizstore.com/product/satechi-usb-c-magnetic-wireless-charging-cable","https://wsrv.nl/?w=560&url=https://cdn2.blanxer.com/uploads/682feff88c633f25b4c7ce32/product_image-satechi-usb-c-pro-hub-1-1854.webp","Satechi USB-C Magnetic Wireless Charging Cable","4,800"
"1784053526-227","https://www.olizstore.com/brands","https://www.olizstore.com/brand/satechi","https://www.olizstore.com/product/satechi-type-c-multi-port-adapter-4k-with-ethernet-v2","https://wsrv.nl/?w=560&url=https://cdn2.blanxer.com/uploads/682feff88c633f25b4c7ce32/product_image-satechi-usb-c-pro-hub-1-1854.webp","Satechi Type-C Multi-Port Adapter 4K with Ethernet V2","8,500"
"1784053529-228","https://www.olizstore.com/brands","https://www.olizstore.com/brand/satechi","https://www.olizstore.com/product/satechi-type-c-dual-multimedia-adapter","https://wsrv.nl/?w=560&url=https://cdn2.blanxer.com/uploads/682feff88c633f25b4c7ce32/product_image-satechi-usb-c-pro-hub-1-1854.webp","Satechi Type-C Dual Multimedia Adapter","15,500"
"1784053531-229","https://www.olizstore.com/brands","https://www.olizstore.com/brand/satechi","https://www.olizstore.com/product/satechi-type-c-hdmi-adapter-4k-60hz","https://wsrv.nl/?w=560&url=https://cdn2.blanxer.com/uploads/682feff88c633f25b4c7ce32/product_image-satechi-usb-c-pro-hub-1-1854.webp","Satechi Type-C HDMI Adapter 4K 60Hz","5,500"
"1784053533-230","https://www.olizstore.com/brands","https://www.olizstore.com/brand/satechi","https://www.olizstore.com/product/satechi-usb-c-to-usb-c-charging-cable","https://wsrv.nl/?w=560&url=https://cdn2.blanxer.com/uploads/682feff88c633f25b4c7ce32/product_image-satechi-usb-c-pro-hub-1-1854.webp","Satechi USB-C to USB-C Charging Cable","3,800"
"1784053535-231","https://www.olizstore.com/brands","https://www.olizstore.com/brand/satechi","https://www.olizstore.com/product/satechi-usb-c-on-the-go-multiport-adapter","https://wsrv.nl/?w=560&url=https://cdn2.blanxer.com/uploads/682feff88c633f25b4c7ce32/product_image-satechi-usb-c-pro-hub-1-1854.webp","Satechi USB-C On-the-Go Multiport Adapter","15,500"
"1784053537-232","https://www.olizstore.com/brands","https://www.olizstore.com/brand/satechi","https://www.olizstore.com/product/satechi-30w-dual-port-wall-charger","https://wsrv.nl/?w=560&url=https://cdn2.blanxer.com/uploads/682feff88c633f25b4c7ce32/product_image-satechi-usb-c-pro-hub-1-1854.webp","Satechi 30W Dual-Port Wall Charger","4,200"
"1784053539-233","https://www.olizstore.com/brands","https://www.olizstore.com/brand/satechi","https://www.olizstore.com/product/satechi-eco-leather-deskmate","https://wsrv.nl/?w=560&url=https://cdn2.blanxer.com/uploads/682feff88c633f25b4c7ce32/product_image-satechi-usb-c-pro-hub-1-1854.webp","Satechi Eco-Leather Deskmate","5,500"
"1784053541-234","https://www.olizstore.com/brands","https://www.olizstore.com/brand/satechi","https://www.olizstore.com/product/satechi-typec-usb-3.0-3in1-combo-hub","https://wsrv.nl/?w=560&url=https://cdn2.blanxer.com/uploads/682feff88c633f25b4c7ce32/product_image-satechi-usb-c-pro-hub-1-1854.webp","Satechi Type‑C USB 3.0 3‑in‑1 Combo Hub","4,200"
"1784053544-235","https://www.olizstore.com/brands","https://www.olizstore.com/brand/satechi","https://www.olizstore.com/product/satechi-usb-c-pro-hub","https://wsrv.nl/?w=560&url=https://cdn2.blanxer.com/uploads/682feff88c633f25b4c7ce32/product_image-satechi-usb-c-pro-hub-1-1854.webp","Satechi USB C Pro Hub","12,500"
"1784053550-236","https://www.olizstore.com/brands","https://www.olizstore.com/brand/saramonic","https://www.olizstore.com/product/saramonic-uwmic9s-kit-2-wireless-microphone-system-(tx+tx+rx)","https://wsrv.nl/?w=560&url=https://cdn2.blanxer.com/uploads/682feff88c633f25b4c7ce32/product_image-saramonic-cable-accessory-sr-pmc1-5793.webp","Saramonic UwMic9S Kit 2 - Wireless Microphone System (TX+TX+RX)","52,000"
"1784053552-237","https://www.olizstore.com/brands","https://www.olizstore.com/brand/saramonic","https://www.olizstore.com/product/saramonic-blinkme-b2-2.4ghz-wireless-smart-microphone-system-with-touchscreen","https://wsrv.nl/?w=560&url=https://cdn2.blanxer.com/uploads/682feff88c633f25b4c7ce32/product_image-saramonic-cable-accessory-sr-pmc1-5793.webp","Saramonic BlinkMe B2 – 2.4GHz Wireless Smart Microphone System with Touchscreen","43,600"
"1784053554-238","https://www.olizstore.com/brands","https://www.olizstore.com/brand/saramonic","https://www.olizstore.com/product/saramonic-sr-mv7000-usb-and-xlr-multi-pattern-condenser-microphone","https://wsrv.nl/?w=560&url=https://cdn2.blanxer.com/uploads/682feff88c633f25b4c7ce32/product_image-saramonic-cable-accessory-sr-pmc1-5793.webp","Saramonic SR-MV7000 – USB & XLR Multi-Pattern Condenser Microphone","41,600"
"1784053556-239","https://www.olizstore.com/brands","https://www.olizstore.com/brand/saramonic","https://www.olizstore.com/product/saramonic-uwmic9-kit-2-dual-channel-uhf-wireless-microphone-system","https://wsrv.nl/?w=560&url=https://cdn2.blanxer.com/uploads/682feff88c633f25b4c7ce32/product_image-saramonic-cable-accessory-sr-pmc1-5793.webp","Saramonic UwMic9 Kit 2 – Dual-Channel UHF Wireless Microphone System","38,400"
"1784053559-240","https://www.olizstore.com/brands","https://www.olizstore.com/brand/saramonic","https://www.olizstore.com/product/saramonic-blink900-b2-ultracompact-2.4-ghz-dualchannel-wireless-microphone-system","https://wsrv.nl/?w=560&url=https://cdn2.blanxer.com/uploads/682feff88c633f25b4c7ce32/product_image-saramonic-cable-accessory-sr-pmc1-5793.webp","Saramonic Blink900 B2 – Ultracompact 2.4 GHz Dual‑Channel Wireless Microphone System","35,600"
"1784053561-241","https://www.olizstore.com/brands","https://www.olizstore.com/brand/saramonic","https://www.olizstore.com/product/saramonic-blink500-pro-b2-dual-compact-wireless-mic-system","https://wsrv.nl/?w=560&url=https://cdn2.blanxer.com/uploads/682feff88c633f25b4c7ce32/product_image-saramonic-cable-accessory-sr-pmc1-5793.webp","Saramonic Blink500 Pro B2 – Dual Compact Wireless Mic System","33,200"
"1784053563-242","https://www.olizstore.com/brands","https://www.olizstore.com/brand/saramonic","https://www.olizstore.com/product/saramonic-soundbird-t3-professional-shotgun-microphone-(xlr)","https://wsrv.nl/?w=560&url=https://cdn2.blanxer.com/uploads/682feff88c633f25b4c7ce32/product_image-saramonic-cable-accessory-sr-pmc1-5793.webp","Saramonic SoundBird T3 – Professional Shotgun Microphone (XLR)","29,200"
"1784053565-243","https://www.olizstore.com/brands","https://www.olizstore.com/brand/saramonic","https://www.olizstore.com/product/saramonic-blink500-pro-x-2.4-ghz-wireless-microphone-system","https://wsrv.nl/?w=560&url=https://cdn2.blanxer.com/uploads/682feff88c633f25b4c7ce32/product_image-saramonic-cable-accessory-sr-pmc1-5793.webp","Saramonic Blink500 Pro X – 2.4 GHz Wireless Microphone System","20,400"
"1784053567-244","https://www.olizstore.com/brands","https://www.olizstore.com/brand/saramonic","https://www.olizstore.com/product/saramonic-blink500-b2-ultracompact-2.4-ghz-dualchannel-wireless-microphone-system","https://wsrv.nl/?w=560&url=https://cdn2.blanxer.com/uploads/682feff88c633f25b4c7ce32/product_image-saramonic-cable-accessory-sr-pmc1-5793.webp","Saramonic Blink500 B2 – Ultracompact 2.4 GHz Dual‑Channel Wireless Microphone System","25,200"
"1784053569-245","https://www.olizstore.com/brands","https://www.olizstore.com/brand/saramonic","https://www.olizstore.com/product/saramonic-sr-bv1-cardioid-dynamic-broadcast-microphone","https://wsrv.nl/?w=560&url=https://cdn2.blanxer.com/uploads/682feff88c633f25b4c7ce32/product_image-saramonic-cable-accessory-sr-pmc1-5793.webp","Saramonic SR-BV1 – Cardioid Dynamic Broadcast Microphone","20,400"
"1784053571-246","https://www.olizstore.com/brands","https://www.olizstore.com/brand/saramonic","https://www.olizstore.com/product/saramonic-txxlr9-wireless-plugon-transmitter-(uhf)","https://wsrv.nl/?w=560&url=https://cdn2.blanxer.com/uploads/682feff88c633f25b4c7ce32/product_image-saramonic-cable-accessory-sr-pmc1-5793.webp","Saramonic TX‑XLR9 – Wireless Plug‑On Transmitter (UHF)","19,800"
"1784053574-247","https://www.olizstore.com/brands","https://www.olizstore.com/brand/saramonic","https://www.olizstore.com/product/saramonic-sr-mv58-cardioid-dynamic-vocal-handheld-microphone","https://wsrv.nl/?w=560&url=https://cdn2.blanxer.com/uploads/682feff88c633f25b4c7ce32/product_image-saramonic-cable-accessory-sr-pmc1-5793.webp","Saramonic SR-MV58 – Cardioid Dynamic Vocal Handheld Microphone","15,600"
"1784053576-248","https://www.olizstore.com/brands","https://www.olizstore.com/brand/saramonic","https://www.olizstore.com/product/saramonic-blink500-b2+-4-in-1-2.4-ghz-wireless-microphone-system","https://wsrv.nl/?w=560&url=https://cdn2.blanxer.com/uploads/682feff88c633f25b4c7ce32/product_image-saramonic-cable-accessory-sr-pmc1-5793.webp","Saramonic Blink500 B2+ – 4-in-1 2.4 GHz Wireless Microphone System","15,600"
"1784053578-249","https://www.olizstore.com/brands","https://www.olizstore.com/brand/saramonic","https://www.olizstore.com/product/saramonic-sr-mv2000-usb-multi-color-studio-microphone","https://wsrv.nl/?w=560&url=https://cdn2.blanxer.com/uploads/682feff88c633f25b4c7ce32/product_image-saramonic-cable-accessory-sr-pmc1-5793.webp","Saramonic SR-MV2000 – USB Multi-Color Studio Microphone","11,600"
"1784053580-250","https://www.olizstore.com/brands","https://www.olizstore.com/brand/saramonic","https://www.olizstore.com/product/saramonic-sr-hc5-aluminum-microphone-boom-arm","https://wsrv.nl/?w=560&url=https://cdn2.blanxer.com/uploads/682feff88c633f25b4c7ce32/product_image-saramonic-cable-accessory-sr-pmc1-5793.webp","Saramonic SR-HC5 – Aluminum Microphone Boom Arm","14,500"
"1784053582-251","https://www.olizstore.com/brands","https://www.olizstore.com/brand/saramonic","https://www.olizstore.com/product/saramonic-srhc2-microphone-boom-arm-stand","https://wsrv.nl/?w=560&url=https://cdn2.blanxer.com/uploads/682feff88c633f25b4c7ce32/product_image-saramonic-cable-accessory-sr-pmc1-5793.webp","Saramonic SR‑HC2 – Microphone Boom Arm Stand","9,500"
"1784053584-252","https://www.olizstore.com/brands","https://www.olizstore.com/brand/saramonic","https://www.olizstore.com/product/saramonic-blink500-pro-hm-handheld-microphone-transmitter-holder","https://wsrv.nl/?w=560&url=https://cdn2.blanxer.com/uploads/682feff88c633f25b4c7ce32/product_image-saramonic-cable-accessory-sr-pmc1-5793.webp","Saramonic Blink500 Pro HM – Handheld Microphone Transmitter Holder","9,500"
"1784053586-253","https://www.olizstore.com/brands","https://www.olizstore.com/brand/saramonic","https://www.olizstore.com/product/saramonic-srm3-oncamera-shotgun-microphone","https://wsrv.nl/?w=560&url=https://cdn2.blanxer.com/uploads/682feff88c633f25b4c7ce32/product_image-saramonic-cable-accessory-sr-pmc1-5793.webp","Saramonic SR‑M3 – On‑Camera Shotgun Microphone","6,000"
"1784053589-254","https://www.olizstore.com/brands","https://www.olizstore.com/brand/saramonic","https://www.olizstore.com/product/saramonic-vmic-mini-compact-shotgun-microphone","https://wsrv.nl/?w=560&url=https://cdn2.blanxer.com/uploads/682feff88c633f25b4c7ce32/product_image-saramonic-cable-accessory-sr-pmc1-5793.webp","Saramonic Vmic Mini – Compact Shotgun Microphone","5,200"
"1784053591-255","https://www.olizstore.com/brands","https://www.olizstore.com/brand/saramonic","https://www.olizstore.com/product/saramonic-audio-cable-accessories-sr-pmc2-sr-pmc1-and-sr-cs350","https://wsrv.nl/?w=560&url=https://cdn2.blanxer.com/uploads/682feff88c633f25b4c7ce32/product_image-saramonic-cable-accessory-sr-pmc1-5793.webp","Saramonic Audio Cable Accessories – SR-PMC2, SR-PMC1 & SR-CS350","2,200"
"1784053597-256","https://www.olizstore.com/brands","https://www.olizstore.com/brand/sandisk","https://www.olizstore.com/product/sandisk-ultra-flair-usb3.0-flash-drive","https://wsrv.nl/?w=560&url=https://cdn2.blanxer.com/uploads/682feff88c633f25b4c7ce32/product_image-sandisk-extreme-pro-portable-ssd-6156.webp","SanDisk Ultra Flair Flash Drive (USB 3.0)","3,650"
"1784053600-257","https://www.olizstore.com/brands","https://www.olizstore.com/brand/sandisk","https://www.olizstore.com/product/sandisk-dual-drive-usb-type-c-usb-3.1","https://wsrv.nl/?w=560&url=https://cdn2.blanxer.com/uploads/682feff88c633f25b4c7ce32/product_image-sandisk-extreme-pro-portable-ssd-6156.webp","SanDisk Dual Drive USB Type-C (USB 3.1)",""
"1784053602-258","https://www.olizstore.com/brands","https://www.olizstore.com/brand/sandisk","https://www.olizstore.com/product/sandisk-extreme-microsdxc-memory-card-price-in-nepal","https://wsrv.nl/?w=560&url=https://cdn2.blanxer.com/uploads/682feff88c633f25b4c7ce32/product_image-sandisk-extreme-pro-portable-ssd-6156.webp","SanDisk Extreme microSDXC Memory Card","7,100"
"1784053604-259","https://www.olizstore.com/brands","https://www.olizstore.com/brand/sandisk","https://www.olizstore.com/product/sandisk-extreme-pro-a2-microsdxc-uhs-i-memory-card-price-in-nepal","https://wsrv.nl/?w=560&url=https://cdn2.blanxer.com/uploads/682feff88c633f25b4c7ce32/product_image-sandisk-extreme-pro-portable-ssd-6156.webp","SanDisk Extreme Pro microSDXC UHS-I Memory Card","9,450"
"1784053606-260","https://www.olizstore.com/brands","https://www.olizstore.com/brand/sandisk","https://www.olizstore.com/product/sandisk-professional-g-drive-armoratd","https://wsrv.nl/?w=560&url=https://cdn2.blanxer.com/uploads/682feff88c633f25b4c7ce32/product_image-sandisk-extreme-pro-portable-ssd-6156.webp","SanDisk Professional G-DRIVE ArmorATD","33,350"
"1784053608-261","https://www.olizstore.com/brands","https://www.olizstore.com/brand/sandisk","https://www.olizstore.com/product/sandisk-professional-g-drive","https://wsrv.nl/?w=560&url=https://cdn2.blanxer.com/uploads/682feff88c633f25b4c7ce32/product_image-sandisk-extreme-pro-portable-ssd-6156.webp","SanDisk Professional G-DRIVE","81,900"
"1784053610-262","https://www.olizstore.com/brands","https://www.olizstore.com/brand/sandisk","https://www.olizstore.com/product/sandisk-ssd-plus-sata-iii-2.5%22-internal-ssd","https://wsrv.nl/?w=560&url=https://cdn2.blanxer.com/uploads/682feff88c633f25b4c7ce32/product_image-sandisk-extreme-pro-portable-ssd-6156.webp","SanDisk SSD Plus SATA III 2.5"" Internal SSD","7,700"
"1784053612-263","https://www.olizstore.com/brands","https://www.olizstore.com/brand/sandisk","https://www.olizstore.com/product/sandisk-portable-ssd-price-in-nepal","https://wsrv.nl/?w=560&url=https://cdn2.blanxer.com/uploads/682feff88c633f25b4c7ce32/product_image-sandisk-extreme-pro-portable-ssd-6156.webp","SanDisk Portable SSD","59,900"
"1784053615-264","https://www.olizstore.com/brands","https://www.olizstore.com/brand/sandisk","https://www.olizstore.com/product/sandisk-extreme-portable-ssd-price-in-nepal","https://wsrv.nl/?w=560&url=https://cdn2.blanxer.com/uploads/682feff88c633f25b4c7ce32/product_image-sandisk-extreme-pro-portable-ssd-6156.webp","SanDisk Extreme Portable SSD","74,500"
"1784053624-265","https://www.olizstore.com/brands","https://www.olizstore.com/brand/samsung","https://www.olizstore.com/product/samsung-galaxy-fit-3-price-in-nepal","https://wsrv.nl/?w=560&url=https://cdn2.blanxer.com/uploads/682feff88c633f25b4c7ce32/product_image-samsung-60-w-power-adapter-4086.webp","Samsung Galaxy Fit 3","7,999"
"1784053626-266","https://www.olizstore.com/brands","https://www.olizstore.com/brand/samsung","https://www.olizstore.com/product/samsung-galaxy-buds-fe-price-in-nepal","https://wsrv.nl/?w=560&url=https://cdn2.blanxer.com/uploads/682feff88c633f25b4c7ce32/product_image-samsung-60-w-power-adapter-4086.webp","Samsung Galaxy Buds FE","14,999"
"1784053628-267","https://www.olizstore.com/brands","https://www.olizstore.com/brand/samsung","https://www.olizstore.com/product/samsung-galaxy-watch-7-price-in-nepal","https://wsrv.nl/?w=560&url=https://cdn2.blanxer.com/uploads/682feff88c633f25b4c7ce32/product_image-samsung-60-w-power-adapter-4086.webp","Samsung Galaxy Watch 7","44,999"
"1784053630-268","https://www.olizstore.com/brands","https://www.olizstore.com/brand/samsung","https://www.olizstore.com/product/samsung-a05-price-in-nepal","https://wsrv.nl/?w=560&url=https://cdn2.blanxer.com/uploads/682feff88c633f25b4c7ce32/product_image-samsung-60-w-power-adapter-4086.webp","Samsung Galaxy A05","17,999"
"1784053632-269","https://www.olizstore.com/brands","https://www.olizstore.com/brand/samsung","https://www.olizstore.com/product/samsung-galaxy-m14-price-in-nepal","https://wsrv.nl/?w=560&url=https://cdn2.blanxer.com/uploads/682feff88c633f25b4c7ce32/product_image-samsung-60-w-power-adapter-4086.webp","Samsung Galaxy M14 LTE","20,999"
"1784053634-270","https://www.olizstore.com/brands","https://www.olizstore.com/brand/samsung","https://www.olizstore.com/product/samsung-galaxy-m15-price-in-nepal","https://wsrv.nl/?w=560&url=https://cdn2.blanxer.com/uploads/682feff88c633f25b4c7ce32/product_image-samsung-60-w-power-adapter-4086.webp","Samsung Galaxy M15 5G","25,999"
"1784053636-271","https://www.olizstore.com/brands","https://www.olizstore.com/brand/samsung","https://www.olizstore.com/product/samsung-galaxy-a15-price-in-nepal","https://wsrv.nl/?w=560&url=https://cdn2.blanxer.com/uploads/682feff88c633f25b4c7ce32/product_image-samsung-60-w-power-adapter-4086.webp","Samsung Galaxy A15 5G","27,999"
"1784053639-272","https://www.olizstore.com/brands","https://www.olizstore.com/brand/samsung","https://www.olizstore.com/product/samsung-galaxy-a25-price-in-nepal","https://wsrv.nl/?w=560&url=https://cdn2.blanxer.com/uploads/682feff88c633f25b4c7ce32/product_image-samsung-60-w-power-adapter-4086.webp","Samsung Galaxy A25 5G","42,999"
"1784053641-273","https://www.olizstore.com/brands","https://www.olizstore.com/brand/samsung","https://www.olizstore.com/product/samsung-galaxy-a35-5g-price-in-nepal","https://wsrv.nl/?w=560&url=https://cdn2.blanxer.com/uploads/682feff88c633f25b4c7ce32/product_image-samsung-60-w-power-adapter-4086.webp","Samsung Galaxy A35 5G","51,999"
"1784053643-274","https://www.olizstore.com/brands","https://www.olizstore.com/brand/samsung","https://www.olizstore.com/product/samsung-galaxy-a55-5g-price-in-nepal","https://wsrv.nl/?w=560&url=https://cdn2.blanxer.com/uploads/682feff88c633f25b4c7ce32/product_image-samsung-60-w-power-adapter-4086.webp","Samsung Galaxy A55 5G","62,999"
"1784053645-275","https://www.olizstore.com/brands","https://www.olizstore.com/brand/samsung","https://www.olizstore.com/product/samsung-galaxy-s23-fe-price-in-nepal","https://wsrv.nl/?w=560&url=https://cdn2.blanxer.com/uploads/682feff88c633f25b4c7ce32/product_image-samsung-60-w-power-adapter-4086.webp","Samsung Galaxy S23 FE","85,999"
"1784053647-276","https://www.olizstore.com/brands","https://www.olizstore.com/brand/samsung","https://www.olizstore.com/product/samsung-galaxy-s24-fe-price-in-nepal","https://wsrv.nl/?w=560&url=https://cdn2.blanxer.com/uploads/682feff88c633f25b4c7ce32/product_image-samsung-60-w-power-adapter-4086.webp","Samsung Galaxy S24 FE","94,999"
"1784053649-277","https://www.olizstore.com/brands","https://www.olizstore.com/brand/samsung","https://www.olizstore.com/product/samsung-galaxy-s24-price-in-nepal","https://wsrv.nl/?w=560&url=https://cdn2.blanxer.com/uploads/682feff88c633f25b4c7ce32/product_image-samsung-60-w-power-adapter-4086.webp","Samsung Galaxy S24","1,19,000"
"1784053651-278","https://www.olizstore.com/brands","https://www.olizstore.com/brand/samsung","https://www.olizstore.com/product/samsung-galaxy-s24+-price-in-nepal","https://wsrv.nl/?w=560&url=https://cdn2.blanxer.com/uploads/682feff88c633f25b4c7ce32/product_image-samsung-60-w-power-adapter-4086.webp","Samsung Galaxy S24+","1,42,999"
"1784053654-279","https://www.olizstore.com/brands","https://www.olizstore.com/brand/samsung","https://www.olizstore.com/product/samsung-galaxy-s24-ultra-price-in-nepal","https://wsrv.nl/?w=560&url=https://cdn2.blanxer.com/uploads/682feff88c633f25b4c7ce32/product_image-samsung-60-w-power-adapter-4086.webp","Samsung Galaxy S24 Ultra","1,59,999"
"1784053656-280","https://www.olizstore.com/brands","https://www.olizstore.com/brand/samsung","https://www.olizstore.com/product/samsung-galaxy-a26-mint-price-in-nepal","https://wsrv.nl/?w=560&url=https://cdn2.blanxer.com/uploads/682feff88c633f25b4c7ce32/product_image-samsung-60-w-power-adapter-4086.webp","Samsung Galaxy A26 5G","45,999"
"1784053658-281","https://www.olizstore.com/brands","https://www.olizstore.com/brand/samsung","https://www.olizstore.com/product/samsung-galaxy-a36-5g","https://wsrv.nl/?w=560&url=https://cdn2.blanxer.com/uploads/682feff88c633f25b4c7ce32/product_image-samsung-60-w-power-adapter-4086.webp","Samsung Galaxy A36 5G","53,999"
"1784053660-282","https://www.olizstore.com/brands","https://www.olizstore.com/brand/samsung","https://www.olizstore.com/product/samsung-galaxy-a56-5g-price-in-nepal","https://wsrv.nl/?w=560&url=https://cdn2.blanxer.com/uploads/682feff88c633f25b4c7ce32/product_image-samsung-60-w-power-adapter-4086.webp","Samsung Galaxy A56 5G","71,999"
"1784053662-283","https://www.olizstore.com/brands","https://www.olizstore.com/brand/samsung","https://www.olizstore.com/product/samsung-galaxy-z-flip6-price-in-nepal","https://wsrv.nl/?w=560&url=https://cdn2.blanxer.com/uploads/682feff88c633f25b4c7ce32/product_image-samsung-60-w-power-adapter-4086.webp","Samsung Galaxy Z Flip6","1,39,999"
"1784053664-284","https://www.olizstore.com/brands","https://www.olizstore.com/brand/samsung","https://www.olizstore.com/product/samsung-galaxy-z-fold6-price-in-nepal","https://wsrv.nl/?w=560&url=https://cdn2.blanxer.com/uploads/682feff88c633f25b4c7ce32/product_image-samsung-60-w-power-adapter-4086.webp","Samsung Galaxy Z Fold6","2,14,999"
"1784053666-285","https://www.olizstore.com/brands","https://www.olizstore.com/brand/samsung","https://www.olizstore.com/product/samsung-galaxy-s25-price-in-nepal","https://wsrv.nl/?w=560&url=https://cdn2.blanxer.com/uploads/682feff88c633f25b4c7ce32/product_image-samsung-60-w-power-adapter-4086.webp","Samsung Galaxy S25","1,04,999"
"1784053669-286","https://www.olizstore.com/brands","https://www.olizstore.com/brand/samsung","https://www.olizstore.com/product/samsung-galaxy-s25+-price-in-nepal","https://wsrv.nl/?w=560&url=https://cdn2.blanxer.com/uploads/682feff88c633f25b4c7ce32/product_image-samsung-60-w-power-adapter-4086.webp","Samsung Galaxy S25+","1,41,999"
"1784053671-287","https://www.olizstore.com/brands","https://www.olizstore.com/brand/samsung","https://www.olizstore.com/product/samsung-galaxy-s25-ultra-price-in-nepal","https://wsrv.nl/?w=560&url=https://cdn2.blanxer.com/uploads/682feff88c633f25b4c7ce32/product_image-samsung-60-w-power-adapter-4086.webp","Samsung Galaxy S25 Ultra","1,84,999"
"1784053673-288","https://www.olizstore.com/brands","https://www.olizstore.com/brand/samsung","https://www.olizstore.com/product/samsung-25w-power-adapter-price-in-nepal","https://wsrv.nl/?w=560&url=https://cdn2.blanxer.com/uploads/682feff88c633f25b4c7ce32/product_image-samsung-60-w-power-adapter-4086.webp","Samsung 25W Power Adapter","2,375"
"1784053675-289","https://www.olizstore.com/brands","https://www.olizstore.com/brand/samsung","https://www.olizstore.com/product/samsung-45w-charger-price-in-nepal","https://wsrv.nl/?w=560&url=https://cdn2.blanxer.com/uploads/682feff88c633f25b4c7ce32/product_image-samsung-60-w-power-adapter-4086.webp","Samsung 45W Charger","5,499"
"1784053677-290","https://www.olizstore.com/brands","https://www.olizstore.com/brand/samsung","https://www.olizstore.com/product/samsung-galaxy-tab-a8-lte-price-in-nepal","https://wsrv.nl/?w=560&url=https://cdn2.blanxer.com/uploads/682feff88c633f25b4c7ce32/product_image-samsung-60-w-power-adapter-4086.webp","Samsung Galaxy Tab A8 LTE","42,999"
"1784053679-291","https://www.olizstore.com/brands","https://www.olizstore.com/brand/samsung","https://www.olizstore.com/product/samsung-galaxy-tab-a9-price-in-nepal","https://wsrv.nl/?w=560&url=https://cdn2.blanxer.com/uploads/682feff88c633f25b4c7ce32/product_image-samsung-60-w-power-adapter-4086.webp","Samsung Galaxy Tab A9","21,499"
"1784053681-292","https://www.olizstore.com/brands","https://www.olizstore.com/brand/samsung","https://www.olizstore.com/product/samsung-galaxy-tab-a9+-price-in-nepal","https://wsrv.nl/?w=560&url=https://cdn2.blanxer.com/uploads/682feff88c633f25b4c7ce32/product_image-samsung-60-w-power-adapter-4086.webp","Samsung Galaxy Tab A9+","32,999"
"1784053684-293","https://www.olizstore.com/brands","https://www.olizstore.com/brand/samsung","https://www.olizstore.com/product/samsung-galaxy-tab-s9-fe-price-in-nepal","https://wsrv.nl/?w=560&url=https://cdn2.blanxer.com/uploads/682feff88c633f25b4c7ce32/product_image-samsung-60-w-power-adapter-4086.webp","Samsung Galaxy Tab S9 FE","81,000"
"1784053686-294","https://www.olizstore.com/brands","https://www.olizstore.com/brand/samsung","https://www.olizstore.com/product/samsung-galaxy-a17-5g-price-in-nepal","https://wsrv.nl/?w=560&url=https://cdn2.blanxer.com/uploads/682feff88c633f25b4c7ce32/product_image-samsung-60-w-power-adapter-4086.webp","Samsung Galaxy A17 5G","33,999"
"1784053688-295","https://www.olizstore.com/brands","https://www.olizstore.com/brand/samsung","https://www.olizstore.com/product/samsung-galaxy-tab-s10-lite-(sm-x400)-price-in-nepal","https://wsrv.nl/?w=560&url=https://cdn2.blanxer.com/uploads/682feff88c633f25b4c7ce32/product_image-samsung-60-w-power-adapter-4086.webp","Samsung Galaxy Tab S10 Lite (SM-X400)","51,999"
"1784053690-296","https://www.olizstore.com/brands","https://www.olizstore.com/brand/samsung","https://www.olizstore.com/product/samsung-galaxy-tab-s10-fe-(sm-x520)","https://wsrv.nl/?w=560&url=https://cdn2.blanxer.com/uploads/682feff88c633f25b4c7ce32/product_image-samsung-60-w-power-adapter-4086.webp","Samsung Galaxy Tab S10 FE (SM-X520)","80,999"
"1784053692-297","https://www.olizstore.com/brands","https://www.olizstore.com/brand/samsung","https://www.olizstore.com/product/samsung-galaxy-buds3-pro-price-in-nepal","https://wsrv.nl/?w=560&url=https://cdn2.blanxer.com/uploads/682feff88c633f25b4c7ce32/product_image-samsung-60-w-power-adapter-4086.webp","Samsung Galaxy Buds3 Pro","31,999"
"1784053694-298","https://www.olizstore.com/brands","https://www.olizstore.com/brand/samsung","https://www.olizstore.com/product/samsung-galaxy-a075f-price-in-nepal","https://wsrv.nl/?w=560&url=https://cdn2.blanxer.com/uploads/682feff88c633f25b4c7ce32/product_image-samsung-60-w-power-adapter-4086.webp","Samsung Galaxy A075F","26,499"
"1784053696-299","https://www.olizstore.com/brands","https://www.olizstore.com/brand/samsung","https://www.olizstore.com/product/samsung-galaxy-m17-price-in-nepal","https://wsrv.nl/?w=560&url=https://cdn2.blanxer.com/uploads/682feff88c633f25b4c7ce32/product_image-samsung-60-w-power-adapter-4086.webp","Samsung Galaxy M17","32,999"
"1784053699-300","https://www.olizstore.com/brands","https://www.olizstore.com/brand/samsung","https://www.olizstore.com/product/samsung-galaxy-tab-s11-price-in-nepal","https://wsrv.nl/?w=560&url=https://cdn2.blanxer.com/uploads/682feff88c633f25b4c7ce32/product_image-samsung-60-w-power-adapter-4086.webp","Samsung Galaxy Tab S11","1,29,999"
"1784053701-301","https://www.olizstore.com/brands","https://www.olizstore.com/brand/samsung","https://www.olizstore.com/product/samsung-galaxy-tab-a11-price-in-nepal","https://wsrv.nl/?w=560&url=https://cdn2.blanxer.com/uploads/682feff88c633f25b4c7ce32/product_image-samsung-60-w-power-adapter-4086.webp","Samsung Galaxy Tab A11","30,999"
"1784053703-302","https://www.olizstore.com/brands","https://www.olizstore.com/brand/samsung","https://www.olizstore.com/product/samsung-galaxy-watch-8-price-in-nepal","https://wsrv.nl/?w=560&url=https://cdn2.blanxer.com/uploads/682feff88c633f25b4c7ce32/product_image-samsung-60-w-power-adapter-4086.webp","Samsung Galaxy Watch 8","59,999"
"1784053705-303","https://www.olizstore.com/brands","https://www.olizstore.com/brand/samsung","https://www.olizstore.com/product/samsung-galaxy-z-fold6-12256gb-(open-box)","https://wsrv.nl/?w=560&url=https://cdn2.blanxer.com/uploads/682feff88c633f25b4c7ce32/product_image-samsung-60-w-power-adapter-4086.webp","Samsung Galaxy Z Fold6 12/256GB (Open Box)","1,50,000"
"1784053707-304","https://www.olizstore.com/brands","https://www.olizstore.com/brand/samsung","https://www.olizstore.com/product/samsung-galaxy-z-flip6-12256gb-(open-box)","https://wsrv.nl/?w=560&url=https://cdn2.blanxer.com/uploads/682feff88c633f25b4c7ce32/product_image-samsung-60-w-power-adapter-4086.webp","Samsung Galaxy Z Flip6 12/256GB (Open Box)","1,12,000"
"1784053709-305","https://www.olizstore.com/brands","https://www.olizstore.com/brand/samsung","https://www.olizstore.com/product/samsung-galaxy-s25-ultra-12256gb-(open-box)","https://wsrv.nl/?w=560&url=https://cdn2.blanxer.com/uploads/682feff88c633f25b4c7ce32/product_image-samsung-60-w-power-adapter-4086.webp","Samsung Galaxy S25 Ultra 12/256GB (Open Box)","1,55,000"
"1784053711-306","https://www.olizstore.com/brands","https://www.olizstore.com/brand/samsung","https://www.olizstore.com/product/samsung-galaxy-s24-ultra-12256gb-(open-box)","https://wsrv.nl/?w=560&url=https://cdn2.blanxer.com/uploads/682feff88c633f25b4c7ce32/product_image-samsung-60-w-power-adapter-4086.webp","Samsung Galaxy S24 Ultra 12/256GB (Open Box)","1,35,000"
"1784053714-307","https://www.olizstore.com/brands","https://www.olizstore.com/brand/samsung","https://www.olizstore.com/product/samsung-galaxy-z-fold5-5g-12256gb-(open-box)","https://wsrv.nl/?w=560&url=https://cdn2.blanxer.com/uploads/682feff88c633f25b4c7ce32/product_image-samsung-60-w-power-adapter-4086.webp","Samsung Galaxy Z Fold5 5G 12/256GB (Open Box)","1,35,000"
"1784053716-308","https://www.olizstore.com/brands","https://www.olizstore.com/brand/samsung","https://www.olizstore.com/product/samsung-galaxy-a56-5g-8128gb-(open-box)","https://wsrv.nl/?w=560&url=https://cdn2.blanxer.com/uploads/682feff88c633f25b4c7ce32/product_image-samsung-60-w-power-adapter-4086.webp","Samsung Galaxy A56 5G 8/128GB (Open Box)","59,000"
"1784053718-309","https://www.olizstore.com/brands","https://www.olizstore.com/brand/samsung","https://www.olizstore.com/product/samsung-galaxy-a55-5g-8gb128gb-(open-box)","https://wsrv.nl/?w=560&url=https://cdn2.blanxer.com/uploads/682feff88c633f25b4c7ce32/product_image-samsung-60-w-power-adapter-4086.webp","Samsung Galaxy A55 5G 8GB/128GB (Open Box)","52,000"
"1784053720-310","https://www.olizstore.com/brands","https://www.olizstore.com/brand/samsung","https://www.olizstore.com/product/samsung-galaxy-a36-5g-8gb-128gb-(open-box)","https://wsrv.nl/?w=560&url=https://cdn2.blanxer.com/uploads/682feff88c633f25b4c7ce32/product_image-samsung-60-w-power-adapter-4086.webp","Samsung Galaxy A36 5G 8GB/128GB (Open Box)","45,000"
"1784053722-311","https://www.olizstore.com/brands","https://www.olizstore.com/brand/samsung","https://www.olizstore.com/product/samsung-galaxy-m16-5g-6gb128gb-(open-box)","https://wsrv.nl/?w=560&url=https://cdn2.blanxer.com/uploads/682feff88c633f25b4c7ce32/product_image-samsung-60-w-power-adapter-4086.webp","Samsung Galaxy M16 5G 6GB/128GB (Open Box)","22,000"
"1784053724-312","https://www.olizstore.com/brands","https://www.olizstore.com/brand/samsung","https://www.olizstore.com/product/samsung-galaxy-m15-5g-6gb128gb-(open-box)","https://wsrv.nl/?w=560&url=https://cdn2.blanxer.com/uploads/682feff88c633f25b4c7ce32/product_image-samsung-60-w-power-adapter-4086.webp","Samsung Galaxy M15 5G 6GB/128GB (Open Box)","20,000"
"1784053726-313","https://www.olizstore.com/brands","https://www.olizstore.com/brand/samsung","https://www.olizstore.com/product/samsung-galaxy-a26-5g-8gb-128gb-(open-box)","https://wsrv.nl/?w=560&url=https://cdn2.blanxer.com/uploads/682feff88c633f25b4c7ce32/product_image-samsung-60-w-power-adapter-4086.webp","Samsung Galaxy A26 5G 8GB/128GB (Open Box)","37,000"
"1784053729-314","https://www.olizstore.com/brands","https://www.olizstore.com/brand/samsung","https://www.olizstore.com/product/samsung-galaxy-watch-7-40mm-green-(open-box)","https://wsrv.nl/?w=560&url=https://cdn2.blanxer.com/uploads/682feff88c633f25b4c7ce32/product_image-samsung-60-w-power-adapter-4086.webp","Samsung Galaxy Watch 7 40mm Green (Open Box)","36,000"
"1784053731-315","https://www.olizstore.com/brands","https://www.olizstore.com/brand/samsung","https://www.olizstore.com/product/samsung-galaxy-s26-ultra","https://wsrv.nl/?w=560&url=https://cdn2.blanxer.com/uploads/682feff88c633f25b4c7ce32/product_image-samsung-60-w-power-adapter-4086.webp","Samsung Galaxy S26 Ultra","2,12,999"
"1784053733-316","https://www.olizstore.com/brands","https://www.olizstore.com/brand/samsung","https://www.olizstore.com/product/samsung-galaxy-s25-fe-price-in-nepal-1pt","https://wsrv.nl/?w=560&url=https://cdn2.blanxer.com/uploads/682feff88c633f25b4c7ce32/product_image-samsung-60-w-power-adapter-4086.webp","Samsung Galaxy S25 FE","1,07,999"
"1784053735-317","https://www.olizstore.com/brands","https://www.olizstore.com/brand/samsung","https://www.olizstore.com/product/samsung-60-w-power-adapter-price-in-nepal","https://wsrv.nl/?w=560&url=https://cdn2.blanxer.com/uploads/682feff88c633f25b4c7ce32/product_image-samsung-60-w-power-adapter-4086.webp","Samsung 60W Power Adapter","5,999"
"1784053740-318","https://www.olizstore.com/brands","https://www.olizstore.com/brand/rock-space","https://www.olizstore.com/product/rock-space-high-definition-explosion-proof-film","https://wsrv.nl/?w=560&url=https://cdn2.blanxer.com/uploads/682feff88c633f25b4c7ce32/product_image-rock-space-smart-protective-film-plotter-mini-zv2-oror-oliz-store-7163.webp","Rock Space High Definition Explosion-proof Film","0"
"1784053743-319","https://www.olizstore.com/brands","https://www.olizstore.com/brand/rock-space","https://www.olizstore.com/product/rock-space-uv-privacy-glass-like-film","https://wsrv.nl/?w=560&url=https://cdn2.blanxer.com/uploads/682feff88c633f25b4c7ce32/product_image-rock-space-smart-protective-film-plotter-mini-zv2-oror-oliz-store-7163.webp","Rock Space UV Privacy Glass-Like Film","0"
"1784053745-320","https://www.olizstore.com/brands","https://www.olizstore.com/brand/rock-space","https://www.olizstore.com/product/rock-space-uv-high-definition-glass-like-film","https://wsrv.nl/?w=560&url=https://cdn2.blanxer.com/uploads/682feff88c633f25b4c7ce32/product_image-rock-space-smart-protective-film-plotter-mini-zv2-oror-oliz-store-7163.webp","Rock Space UV High Definition Glass-Like Film","0"
"1784053747-321","https://www.olizstore.com/brands","https://www.olizstore.com/brand/rock-space","https://www.olizstore.com/product/rock-space-uv-blade-film","https://wsrv.nl/?w=560&url=https://cdn2.blanxer.com/uploads/682feff88c633f25b4c7ce32/product_image-rock-space-smart-protective-film-plotter-mini-zv2-oror-oliz-store-7163.webp","Rock Space UV Blade Film","0"
"1784053749-322","https://www.olizstore.com/brands","https://www.olizstore.com/brand/rock-space","https://www.olizstore.com/product/rock-space-smart-protective-film-plotter-mini-zv2","https://wsrv.nl/?w=560&url=https://cdn2.blanxer.com/uploads/682feff88c633f25b4c7ce32/product_image-rock-space-smart-protective-film-plotter-mini-zv2-oror-oliz-store-7163.webp","Rock Space Smart Protective Film Plotter MINI ZV2","45,000"
"1784053754-323","https://www.olizstore.com/brands","https://www.olizstore.com/brand/rhinoshield","https://www.olizstore.com/product/rhinoshield-mod-nx-for-iphone-13-(6.1%22)","https://wsrv.nl/?w=560&url=https://cdn2.blanxer.com/uploads/682feff88c633f25b4c7ce32/product_image-rhinoshield-solidsuit-iphone-15-pro-max-7696.webp","RhinoShield MOD NX for iPhone 13 (6.1"")","4,500"
"1784053756-324","https://www.olizstore.com/brands","https://www.olizstore.com/brand/rhinoshield","https://www.olizstore.com/product/rhinoshield-mod-nx-iphone-case-for-13-pro-max","https://wsrv.nl/?w=560&url=https://cdn2.blanxer.com/uploads/682feff88c633f25b4c7ce32/product_image-rhinoshield-solidsuit-iphone-15-pro-max-7696.webp","RhinoShield Mod NX iPhone Case for 13 Pro Max","4,500"
"1784053759-325","https://www.olizstore.com/brands","https://www.olizstore.com/brand/rhinoshield","https://www.olizstore.com/product/rhinoshield-braided-strap-woven-bands-for-apple-watch-(38-40-41mm)","https://wsrv.nl/?w=560&url=https://cdn2.blanxer.com/uploads/682feff88c633f25b4c7ce32/product_image-rhinoshield-solidsuit-iphone-15-pro-max-7696.webp","RhinoShield Braided Strap Woven bands for Apple Watch (38 - 40 - 41mm)","7,000"
"1784053761-326","https://www.olizstore.com/brands","https://www.olizstore.com/brand/rhinoshield","https://www.olizstore.com/product/rhinoshield-crashguard-nx-bumper-case-for-apple-watch-series-78-41mm","https://wsrv.nl/?w=560&url=https://cdn2.blanxer.com/uploads/682feff88c633f25b4c7ce32/product_image-rhinoshield-solidsuit-iphone-15-pro-max-7696.webp","RhinoShield CrashGuard NX Bumper Case for Apple Watch Series 7,8 41MM","2,250"
"1784053763-327","https://www.olizstore.com/brands","https://www.olizstore.com/brand/rhinoshield","https://www.olizstore.com/product/rhinoshield-crashguard-nx-bumper-case-for-apple-watch-series-78-45mm","https://wsrv.nl/?w=560&url=https://cdn2.blanxer.com/uploads/682feff88c633f25b4c7ce32/product_image-rhinoshield-solidsuit-iphone-15-pro-max-7696.webp","RhinoShield CrashGuard NX Bumper Case for Apple Watch Series 7,8 45MM","2,250"
"1784053765-328","https://www.olizstore.com/brands","https://www.olizstore.com/brand/rhinoshield","https://www.olizstore.com/product/rhinoshield-crashguard-nx-bumper-case-for-apple-watch-ultra-49mm","https://wsrv.nl/?w=560&url=https://cdn2.blanxer.com/uploads/682feff88c633f25b4c7ce32/product_image-rhinoshield-solidsuit-iphone-15-pro-max-7696.webp","RhinoShield CrashGuard NX Bumper Case for Apple Watch Ultra 49mm","2,500"
"1784053767-329","https://www.olizstore.com/brands","https://www.olizstore.com/brand/rhinoshield","https://www.olizstore.com/product/rhinoshield-mod-nx-magsafe-for-iphone-15-pro-max","https://wsrv.nl/?w=560&url=https://cdn2.blanxer.com/uploads/682feff88c633f25b4c7ce32/product_image-rhinoshield-solidsuit-iphone-15-pro-max-7696.webp","Rhinoshield Mod NX Magsafe For iPhone 15 Pro Max","6,500"
"1784053769-330","https://www.olizstore.com/brands","https://www.olizstore.com/brand/rhinoshield","https://www.olizstore.com/product/rhinoshield-solidsuit-classic-protective-case-for-iphone-15-pro-max","https://wsrv.nl/?w=560&url=https://cdn2.blanxer.com/uploads/682feff88c633f25b4c7ce32/product_image-rhinoshield-solidsuit-iphone-15-pro-max-7696.webp","RhinoShield SolidSuit Classic Protective Case for iPhone 15 Pro Max","4,500"
"1784053775-331","https://www.olizstore.com/brands","https://www.olizstore.com/brand/redmi","https://www.olizstore.com/product/redmi-a5-price-in-nepal","https://wsrv.nl/?w=560&url=https://cdn2.blanxer.com/uploads/682feff88c633f25b4c7ce32/product_image-redmi-buds-6-lite-blackwebp1740913821089-2-7588.webp","Redmi A5","10,999"
"1784053777-332","https://www.olizstore.com/brands","https://www.olizstore.com/brand/redmi","https://www.olizstore.com/product/redmi-13-price-in-nepal","https://wsrv.nl/?w=560&url=https://cdn2.blanxer.com/uploads/682feff88c633f25b4c7ce32/product_image-redmi-buds-6-lite-blackwebp1740913821089-2-7588.webp","Redmi 13","17,999"
"1784053780-333","https://www.olizstore.com/brands","https://www.olizstore.com/brand/redmi","https://www.olizstore.com/product/redmi-note-14-price-in-nepal","https://wsrv.nl/?w=560&url=https://cdn2.blanxer.com/uploads/682feff88c633f25b4c7ce32/product_image-redmi-buds-6-lite-blackwebp1740913821089-2-7588.webp","Redmi Note 14","24,999"
"1784053782-334","https://www.olizstore.com/brands","https://www.olizstore.com/brand/redmi","https://www.olizstore.com/product/redmi-note-14-5g-price-in-nepal","https://wsrv.nl/?w=560&url=https://cdn2.blanxer.com/uploads/682feff88c633f25b4c7ce32/product_image-redmi-buds-6-lite-blackwebp1740913821089-2-7588.webp","Redmi Note 14 5G","30,999"
"1784053784-335","https://www.olizstore.com/brands","https://www.olizstore.com/brand/redmi","https://www.olizstore.com/product/redmi-note-14-pro-5g-price-in-nepal","https://wsrv.nl/?w=560&url=https://cdn2.blanxer.com/uploads/682feff88c633f25b4c7ce32/product_image-redmi-buds-6-lite-blackwebp1740913821089-2-7588.webp","Redmi Note 14 Pro 5G","39,999"
"1784053786-336","https://www.olizstore.com/brands","https://www.olizstore.com/brand/redmi","https://www.olizstore.com/product/redmi-note-14-pro+-5g-price-in-nepal","https://wsrv.nl/?w=560&url=https://cdn2.blanxer.com/uploads/682feff88c633f25b4c7ce32/product_image-redmi-buds-6-lite-blackwebp1740913821089-2-7588.webp","Redmi Note 14 Pro+ 5G","49,999"
"1784053788-337","https://www.olizstore.com/brands","https://www.olizstore.com/brand/redmi","https://www.olizstore.com/product/redmi-buds-6-lite-price-in-nepal","https://wsrv.nl/?w=560&url=https://cdn2.blanxer.com/uploads/682feff88c633f25b4c7ce32/product_image-redmi-buds-6-lite-blackwebp1740913821089-2-7588.webp","Redmi Buds 6 Lite","3,999"
"1784053798-338","https://www.olizstore.com/brands","https://www.olizstore.com/brand/prodigee","https://www.olizstore.com/product/prodigee-balance-for-iphone-15-series","https://wsrv.nl/?w=560&url=https://cdn2.blanxer.com/uploads/682feff88c633f25b4c7ce32/product_image-magneteek-white-iph17-01_1300x-7075.webp","Prodigee Balance For iPhone 15 Series","6,500"
"1784053800-339","https://www.olizstore.com/brands","https://www.olizstore.com/brand/prodigee","https://www.olizstore.com/product/prodigee-folio-mag-wallet-case-for-iphone-15-series","https://wsrv.nl/?w=560&url=https://cdn2.blanxer.com/uploads/682feff88c633f25b4c7ce32/product_image-magneteek-white-iph17-01_1300x-7075.webp","Prodigee Folio Mag Wallet Case for iPhone 15 Series","7,500"
"1784053802-340","https://www.olizstore.com/brands","https://www.olizstore.com/brand/prodigee","https://www.olizstore.com/product/prodigee-glow-+-mag-for-iphone-15-series","https://wsrv.nl/?w=560&url=https://cdn2.blanxer.com/uploads/682feff88c633f25b4c7ce32/product_image-magneteek-white-iph17-01_1300x-7075.webp","Prodigee Glow + Mag For iPhone 15 Series","6,500"
"1784053804-341","https://www.olizstore.com/brands","https://www.olizstore.com/brand/prodigee","https://www.olizstore.com/product/prodigee-hero-for-iphone-15-series","https://wsrv.nl/?w=560&url=https://cdn2.blanxer.com/uploads/682feff88c633f25b4c7ce32/product_image-magneteek-white-iph17-01_1300x-7075.webp","Prodigee Hero For iPhone 15 Series","3,500"
"1784053806-342","https://www.olizstore.com/brands","https://www.olizstore.com/brand/prodigee","https://www.olizstore.com/product/prodigee-kicklt-for-iphone-15-series","https://wsrv.nl/?w=560&url=https://cdn2.blanxer.com/uploads/682feff88c633f25b4c7ce32/product_image-magneteek-white-iph17-01_1300x-7075.webp","Prodigee Kicklt for iPhone 15 Series","6,500"
"1784053809-343","https://www.olizstore.com/brands","https://www.olizstore.com/brand/prodigee","https://www.olizstore.com/product/prodigee-magneteek-for-iphone-15-series","https://wsrv.nl/?w=560&url=https://cdn2.blanxer.com/uploads/682feff88c633f25b4c7ce32/product_image-magneteek-white-iph17-01_1300x-7075.webp","Prodigee Magneteek for iPhone 15 Series","6,000"
"1784053811-344","https://www.olizstore.com/brands","https://www.olizstore.com/brand/prodigee","https://www.olizstore.com/product/prodigee-safetee-flow-+-mag-for-iphone-15-series","https://wsrv.nl/?w=560&url=https://cdn2.blanxer.com/uploads/682feff88c633f25b4c7ce32/product_image-magneteek-white-iph17-01_1300x-7075.webp","Prodigee Safetee Flow + Mag For iPhone 15 Series","6,500"
"1784053813-345","https://www.olizstore.com/brands","https://www.olizstore.com/brand/prodigee","https://www.olizstore.com/product/prodigee-safetee-neo-+-mag-for-iphone-15-series","https://wsrv.nl/?w=560&url=https://cdn2.blanxer.com/uploads/682feff88c633f25b4c7ce32/product_image-magneteek-white-iph17-01_1300x-7075.webp","Prodigee Safetee Neo + Mag For iPhone 15 Series","6,500"
"1784053815-346","https://www.olizstore.com/brands","https://www.olizstore.com/brand/prodigee","https://www.olizstore.com/product/prodigee-super-hero-mag-for-iphone-15-series","https://wsrv.nl/?w=560&url=https://cdn2.blanxer.com/uploads/682feff88c633f25b4c7ce32/product_image-magneteek-white-iph17-01_1300x-7075.webp","Prodigee Super Hero Mag For iPhone 15 Series","6,000"
"1784053817-347","https://www.olizstore.com/brands","https://www.olizstore.com/brand/prodigee","https://www.olizstore.com/product/prodigee-superstar-mag-for-iphone-15-series","https://wsrv.nl/?w=560&url=https://cdn2.blanxer.com/uploads/682feff88c633f25b4c7ce32/product_image-magneteek-white-iph17-01_1300x-7075.webp","Prodigee Superstar Mag For iPhone 15 Series","6,500"
"1784053819-348","https://www.olizstore.com/brands","https://www.olizstore.com/brand/prodigee","https://www.olizstore.com/product/prodigee-sidekick-for-iphone-15-series","https://wsrv.nl/?w=560&url=https://cdn2.blanxer.com/uploads/682feff88c633f25b4c7ce32/product_image-magneteek-white-iph17-01_1300x-7075.webp","Prodigee SideKick For iPhone 15 Series","7,500"
"1784053821-349","https://www.olizstore.com/brands","https://www.olizstore.com/brand/prodigee","https://www.olizstore.com/product/prodigee-folio-mag-wallet-for-iphone-16-series","https://wsrv.nl/?w=560&url=https://cdn2.blanxer.com/uploads/682feff88c633f25b4c7ce32/product_image-magneteek-white-iph17-01_1300x-7075.webp","Prodigee Folio Mag Wallet For iPhone 16 Series","7,500"
"1784053824-350","https://www.olizstore.com/brands","https://www.olizstore.com/brand/prodigee","https://www.olizstore.com/product/prodigee-balance-for-iphone-16-series","https://wsrv.nl/?w=560&url=https://cdn2.blanxer.com/uploads/682feff88c633f25b4c7ce32/product_image-magneteek-white-iph17-01_1300x-7075.webp","Prodigee Balance for iPhone 16 Series","6,500"
"1784053826-351","https://www.olizstore.com/brands","https://www.olizstore.com/brand/prodigee","https://www.olizstore.com/product/prodigee-flow-for-iphone-16-series","https://wsrv.nl/?w=560&url=https://cdn2.blanxer.com/uploads/682feff88c633f25b4c7ce32/product_image-magneteek-white-iph17-01_1300x-7075.webp","Prodigee Flow for iPhone 16 Series","6,500"
"1784053828-352","https://www.olizstore.com/brands","https://www.olizstore.com/brand/prodigee","https://www.olizstore.com/product/prodigee-hero-clear-for-iphone-16-series","https://wsrv.nl/?w=560&url=https://cdn2.blanxer.com/uploads/682feff88c633f25b4c7ce32/product_image-magneteek-white-iph17-01_1300x-7075.webp","Prodigee Hero Clear for iPhone 16 Series","4,500"
"1784053830-353","https://www.olizstore.com/brands","https://www.olizstore.com/brand/prodigee","https://www.olizstore.com/product/prodigee-kickit-for-iphone-16-series","https://wsrv.nl/?w=560&url=https://cdn2.blanxer.com/uploads/682feff88c633f25b4c7ce32/product_image-magneteek-white-iph17-01_1300x-7075.webp","Prodigee Kickit for iPhone 16 Series","6,500"
"1784053832-354","https://www.olizstore.com/brands","https://www.olizstore.com/brand/prodigee","https://www.olizstore.com/product/prodigee-magneteek-for-iphone-16-series","https://wsrv.nl/?w=560&url=https://cdn2.blanxer.com/uploads/682feff88c633f25b4c7ce32/product_image-magneteek-white-iph17-01_1300x-7075.webp","Prodigee Magneteek for iPhone 16 Series","6,500"
"1784053834-355","https://www.olizstore.com/brands","https://www.olizstore.com/brand/prodigee","https://www.olizstore.com/product/prodigee-popstar-for-iphone-16-series","https://wsrv.nl/?w=560&url=https://cdn2.blanxer.com/uploads/682feff88c633f25b4c7ce32/product_image-magneteek-white-iph17-01_1300x-7075.webp","Prodigee PopStar for iPhone 16 Series","6,500"
"1784053836-356","https://www.olizstore.com/brands","https://www.olizstore.com/brand/prodigee","https://www.olizstore.com/product/prodigee-solid-for-iphone-16-series","https://wsrv.nl/?w=560&url=https://cdn2.blanxer.com/uploads/682feff88c633f25b4c7ce32/product_image-magneteek-white-iph17-01_1300x-7075.webp","Prodigee Solid for iPhone 16 Series","5,000"
"1784053839-357","https://www.olizstore.com/brands","https://www.olizstore.com/brand/prodigee","https://www.olizstore.com/product/prodigee-super-hero-for-iphone-16-series","https://wsrv.nl/?w=560&url=https://cdn2.blanxer.com/uploads/682feff88c633f25b4c7ce32/product_image-magneteek-white-iph17-01_1300x-7075.webp","Prodigee Super Hero for iPhone 16 Series","6,500"
"1784053841-358","https://www.olizstore.com/brands","https://www.olizstore.com/brand/prodigee","https://www.olizstore.com/product/prodigee-superstar-for-iphone-16-series","https://wsrv.nl/?w=560&url=https://cdn2.blanxer.com/uploads/682feff88c633f25b4c7ce32/product_image-magneteek-white-iph17-01_1300x-7075.webp","Prodigee SuperStar for iPhone 16 Series","6,500"
"1784053843-359","https://www.olizstore.com/brands","https://www.olizstore.com/brand/prodigee","https://www.olizstore.com/product/prodigee-teek360-for-iphone-17-pro-max","https://wsrv.nl/?w=560&url=https://cdn2.blanxer.com/uploads/682feff88c633f25b4c7ce32/product_image-magneteek-white-iph17-01_1300x-7075.webp","Prodigee Teek360 for iPhone 17 Pro Max","6,500"
"1784053845-360","https://www.olizstore.com/brands","https://www.olizstore.com/brand/prodigee","https://www.olizstore.com/product/prodigee-teek360-for-iphone-17-pro","https://wsrv.nl/?w=560&url=https://cdn2.blanxer.com/uploads/682feff88c633f25b4c7ce32/product_image-magneteek-white-iph17-01_1300x-7075.webp","Prodigee Teek360 for iPhone 17 Pro","6,500"
"1784053847-361","https://www.olizstore.com/brands","https://www.olizstore.com/brand/prodigee","https://www.olizstore.com/product/prodigee-teek360-for-iphone-air","https://wsrv.nl/?w=560&url=https://cdn2.blanxer.com/uploads/682feff88c633f25b4c7ce32/product_image-magneteek-white-iph17-01_1300x-7075.webp","Prodigee Teek360 for iPhone Air","6,500"
"1784053849-362","https://www.olizstore.com/brands","https://www.olizstore.com/brand/prodigee","https://www.olizstore.com/product/prodigee-teek360-for-iphone-17","https://wsrv.nl/?w=560&url=https://cdn2.blanxer.com/uploads/682feff88c633f25b4c7ce32/product_image-magneteek-white-iph17-01_1300x-7075.webp","Prodigee Teek360 for iPhone 17","6,500"
"1784053851-363","https://www.olizstore.com/brands","https://www.olizstore.com/brand/prodigee","https://www.olizstore.com/product/prodigee-flow-for-iphone-17-pro-max","https://wsrv.nl/?w=560&url=https://cdn2.blanxer.com/uploads/682feff88c633f25b4c7ce32/product_image-magneteek-white-iph17-01_1300x-7075.webp","Prodigee Flow for iPhone 17 Pro Max","6,500"
"1784053854-364","https://www.olizstore.com/brands","https://www.olizstore.com/brand/prodigee","https://www.olizstore.com/product/prodigee-flow-for-iphone-17-pro","https://wsrv.nl/?w=560&url=https://cdn2.blanxer.com/uploads/682feff88c633f25b4c7ce32/product_image-magneteek-white-iph17-01_1300x-7075.webp","Prodigee Flow for iPhone 17 Pro","6,500"
"1784053856-365","https://www.olizstore.com/brands","https://www.olizstore.com/brand/prodigee","https://www.olizstore.com/product/prodigee-flow-for-iphone-air","https://wsrv.nl/?w=560&url=https://cdn2.blanxer.com/uploads/682feff88c633f25b4c7ce32/product_image-magneteek-white-iph17-01_1300x-7075.webp","Prodigee Flow for iPhone Air","6,500"
"1784053858-366","https://www.olizstore.com/brands","https://www.olizstore.com/brand/prodigee","https://www.olizstore.com/product/prodigee-flow-for-iphone-17","https://wsrv.nl/?w=560&url=https://cdn2.blanxer.com/uploads/682feff88c633f25b4c7ce32/product_image-magneteek-white-iph17-01_1300x-7075.webp","Prodigee Flow for iPhone 17","6,500"
"1784053860-367","https://www.olizstore.com/brands","https://www.olizstore.com/brand/prodigee","https://www.olizstore.com/product/prodigee-formula-k1-for-iphone-17-pro-max","https://wsrv.nl/?w=560&url=https://cdn2.blanxer.com/uploads/682feff88c633f25b4c7ce32/product_image-magneteek-white-iph17-01_1300x-7075.webp","Prodigee Formula K1 for iPhone 17 Pro Max","6,500"
"1784053862-368","https://www.olizstore.com/brands","https://www.olizstore.com/brand/prodigee","https://www.olizstore.com/product/prodigee-formula-k1-for-iphone-17-pro","https://wsrv.nl/?w=560&url=https://cdn2.blanxer.com/uploads/682feff88c633f25b4c7ce32/product_image-magneteek-white-iph17-01_1300x-7075.webp","Prodigee Formula K1 for iPhone 17 Pro","6,500"
"1784053864-369","https://www.olizstore.com/brands","https://www.olizstore.com/brand/prodigee","https://www.olizstore.com/product/prodigee-formula-k1-for-iphone-17","https://wsrv.nl/?w=560&url=https://cdn2.blanxer.com/uploads/682feff88c633f25b4c7ce32/product_image-magneteek-white-iph17-01_1300x-7075.webp","Prodigee Formula K1 for iPhone 17","6,500"
"1784053866-370","https://www.olizstore.com/brands","https://www.olizstore.com/brand/prodigee","https://www.olizstore.com/product/prodigee-hero+m-for-iphone-17-pro-max","https://wsrv.nl/?w=560&url=https://cdn2.blanxer.com/uploads/682feff88c633f25b4c7ce32/product_image-magneteek-white-iph17-01_1300x-7075.webp","Prodigee Hero+M for iPhone 17 Pro Max","6,500"
"1784053869-371","https://www.olizstore.com/brands","https://www.olizstore.com/brand/prodigee","https://www.olizstore.com/product/prodigee-hero+m-for-iphone-17-pro","https://wsrv.nl/?w=560&url=https://cdn2.blanxer.com/uploads/682feff88c633f25b4c7ce32/product_image-magneteek-white-iph17-01_1300x-7075.webp","Prodigee Hero+M for iPhone 17 Pro","6,500"
"1784053871-372","https://www.olizstore.com/brands","https://www.olizstore.com/brand/prodigee","https://www.olizstore.com/product/prodigee-hero+m-for-iphone-air","https://wsrv.nl/?w=560&url=https://cdn2.blanxer.com/uploads/682feff88c633f25b4c7ce32/product_image-magneteek-white-iph17-01_1300x-7075.webp","Prodigee Hero+M for iPhone Air","6,500"
"1784053873-373","https://www.olizstore.com/brands","https://www.olizstore.com/brand/prodigee","https://www.olizstore.com/product/prodigee-hero+m-for-iphone-17","https://wsrv.nl/?w=560&url=https://cdn2.blanxer.com/uploads/682feff88c633f25b4c7ce32/product_image-magneteek-white-iph17-01_1300x-7075.webp","Prodigee Hero+M for iPhone 17","6,500"
"1784053875-374","https://www.olizstore.com/brands","https://www.olizstore.com/brand/prodigee","https://www.olizstore.com/product/prodigee-superstar-for-iphone-17-pro-max","https://wsrv.nl/?w=560&url=https://cdn2.blanxer.com/uploads/682feff88c633f25b4c7ce32/product_image-magneteek-white-iph17-01_1300x-7075.webp","Prodigee SuperStar for iPhone 17 Pro Max","6,500"
"1784053877-375","https://www.olizstore.com/brands","https://www.olizstore.com/brand/prodigee","https://www.olizstore.com/product/prodigee-superstar-for-iphone-17-pro","https://wsrv.nl/?w=560&url=https://cdn2.blanxer.com/uploads/682feff88c633f25b4c7ce32/product_image-magneteek-white-iph17-01_1300x-7075.webp","Prodigee SuperStar for iPhone 17 Pro","6,500"
"1784053879-376","https://www.olizstore.com/brands","https://www.olizstore.com/brand/prodigee","https://www.olizstore.com/product/prodigee-superstar-for-iphone-air","https://wsrv.nl/?w=560&url=https://cdn2.blanxer.com/uploads/682feff88c633f25b4c7ce32/product_image-magneteek-white-iph17-01_1300x-7075.webp","Prodigee SuperStar for iPhone Air","6,500"
"1784053881-377","https://www.olizstore.com/brands","https://www.olizstore.com/brand/prodigee","https://www.olizstore.com/product/prodigee-superstar-for-iphone-17","https://wsrv.nl/?w=560&url=https://cdn2.blanxer.com/uploads/682feff88c633f25b4c7ce32/product_image-magneteek-white-iph17-01_1300x-7075.webp","Prodigee SuperStar for iPhone 17","6,500"
"1784053884-378","https://www.olizstore.com/brands","https://www.olizstore.com/brand/prodigee","https://www.olizstore.com/product/prodigee-kickit-for-iphone-17-pro-max","https://wsrv.nl/?w=560&url=https://cdn2.blanxer.com/uploads/682feff88c633f25b4c7ce32/product_image-magneteek-white-iph17-01_1300x-7075.webp","Prodigee KickIt for iPhone 17 Pro Max","6,500"
"1784053886-379","https://www.olizstore.com/brands","https://www.olizstore.com/brand/prodigee","https://www.olizstore.com/product/prodigee-kickit-for-iphone-17-pro","https://wsrv.nl/?w=560&url=https://cdn2.blanxer.com/uploads/682feff88c633f25b4c7ce32/product_image-magneteek-white-iph17-01_1300x-7075.webp","Prodigee KickIt for iPhone 17 Pro","6,500"
"1784053888-380","https://www.olizstore.com/brands","https://www.olizstore.com/brand/prodigee","https://www.olizstore.com/product/prodigee-kickit-for-iphone-air","https://wsrv.nl/?w=560&url=https://cdn2.blanxer.com/uploads/682feff88c633f25b4c7ce32/product_image-magneteek-white-iph17-01_1300x-7075.webp","Prodigee KickIt for iPhone Air","6,500"
"1784053890-381","https://www.olizstore.com/brands","https://www.olizstore.com/brand/prodigee","https://www.olizstore.com/product/prodigee-kickit-for-iphone-17","https://wsrv.nl/?w=560&url=https://cdn2.blanxer.com/uploads/682feff88c633f25b4c7ce32/product_image-magneteek-white-iph17-01_1300x-7075.webp","Prodigee KickIt for iPhone 17","6,500"
"1784053892-382","https://www.olizstore.com/brands","https://www.olizstore.com/brand/prodigee","https://www.olizstore.com/product/prodigee-tile-for-iphone-17-pro-max","https://wsrv.nl/?w=560&url=https://cdn2.blanxer.com/uploads/682feff88c633f25b4c7ce32/product_image-magneteek-white-iph17-01_1300x-7075.webp","Prodigee Tile for iPhone 17 Pro Max","6,500"
"1784053894-383","https://www.olizstore.com/brands","https://www.olizstore.com/brand/prodigee","https://www.olizstore.com/product/prodigee-magneteek-for-iphone-17-pro-max","https://wsrv.nl/?w=560&url=https://cdn2.blanxer.com/uploads/682feff88c633f25b4c7ce32/product_image-magneteek-white-iph17-01_1300x-7075.webp","Prodigee Magneteek for iPhone 17 Pro Max","6,500"
"1784053897-384","https://www.olizstore.com/brands","https://www.olizstore.com/brand/prodigee","https://www.olizstore.com/product/prodigee-magneteek-for-iphone-17-pro","https://wsrv.nl/?w=560&url=https://cdn2.blanxer.com/uploads/682feff88c633f25b4c7ce32/product_image-magneteek-white-iph17-01_1300x-7075.webp","Prodigee Magneteek for iPhone 17 Pro","6,500"
"1784053899-385","https://www.olizstore.com/brands","https://www.olizstore.com/brand/prodigee","https://www.olizstore.com/product/prodigee-magneteek-for-iphone-air","https://wsrv.nl/?w=560&url=https://cdn2.blanxer.com/uploads/682feff88c633f25b4c7ce32/product_image-magneteek-white-iph17-01_1300x-7075.webp","Prodigee Magneteek for iPhone Air","6,500"
"1784053901-386","https://www.olizstore.com/brands","https://www.olizstore.com/brand/prodigee","https://www.olizstore.com/product/prodigee-magneteek-for-iphone-17","https://wsrv.nl/?w=560&url=https://cdn2.blanxer.com/uploads/682feff88c633f25b4c7ce32/product_image-magneteek-white-iph17-01_1300x-7075.webp","Prodigee Magneteek for iPhone 17","6,500"
"1784053908-387","https://www.olizstore.com/brands","https://www.olizstore.com/brand/potensic","https://www.olizstore.com/product/potensic-atom-2-fly-more-kit-price-in-nepal","https://wsrv.nl/?w=560&url=https://cdn2.blanxer.com/uploads/682feff88c633f25b4c7ce32/product_image-potensic_atom_se_4k-1041.webp","Potensic Atom 2 Fly More Kit","74,500"
"1784053910-388","https://www.olizstore.com/brands","https://www.olizstore.com/brand/potensic","https://www.olizstore.com/product/potensic-atom-se-fly-more-combo-price-in-nepal","https://wsrv.nl/?w=560&url=https://cdn2.blanxer.com/uploads/682feff88c633f25b4c7ce32/product_image-potensic_atom_se_4k-1041.webp","Potensic Atom SE Fly More Combo","61,500"
"1784053919-389","https://www.olizstore.com/brands","https://www.olizstore.com/brand/pitaka","https://www.olizstore.com/product/pitaka-air-case-for-apple-watch-ultra","https://wsrv.nl/?w=560&url=https://cdn2.blanxer.com/uploads/682feff88c633f25b4c7ce32/product_image-pitaka-a-mann-flora-in-grid-edge-case-(cloud-dusk)-for-iphone-17-pro-max-or-oliz-store-3675.webp","Pitaka Air Case for Apple Watch Ultra 2/Ultra","5,500"
"1784053921-390","https://www.olizstore.com/brands","https://www.olizstore.com/brand/pitaka","https://www.olizstore.com/product/pitaka-air-case-for-apple-watch-series-45mm","https://wsrv.nl/?w=560&url=https://cdn2.blanxer.com/uploads/682feff88c633f25b4c7ce32/product_image-pitaka-a-mann-flora-in-grid-edge-case-(cloud-dusk)-for-iphone-17-pro-max-or-oliz-store-3675.webp","Pitaka Air Case For Apple Watch Series 45mm","5,400"
"1784053923-391","https://www.olizstore.com/brands","https://www.olizstore.com/brand/pitaka","https://www.olizstore.com/product/pitaka-ultra-slim-case-for-samsung-s25-ultra","https://wsrv.nl/?w=560&url=https://cdn2.blanxer.com/uploads/682feff88c633f25b4c7ce32/product_image-pitaka-a-mann-flora-in-grid-edge-case-(cloud-dusk)-for-iphone-17-pro-max-or-oliz-store-3675.webp","Pitaka Ultra-Slim Case for Samsung S25 Ultra","8,500"
"1784053925-392","https://www.olizstore.com/brands","https://www.olizstore.com/brand/pitaka","https://www.olizstore.com/product/pitaka-carbon-fiber-watch-band-for-apple-watch","https://wsrv.nl/?w=560&url=https://cdn2.blanxer.com/uploads/682feff88c633f25b4c7ce32/product_image-pitaka-a-mann-flora-in-grid-edge-case-(cloud-dusk)-for-iphone-17-pro-max-or-oliz-store-3675.webp","Pitaka Carbon Fiber Watch Band For Apple Watch","12,500"
"1784053927-393","https://www.olizstore.com/brands","https://www.olizstore.com/brand/pitaka","https://www.olizstore.com/product/pitaka-ultra-slim-case-for-iphone-16-pro-max","https://wsrv.nl/?w=560&url=https://cdn2.blanxer.com/uploads/682feff88c633f25b4c7ce32/product_image-pitaka-a-mann-flora-in-grid-edge-case-(cloud-dusk)-for-iphone-17-pro-max-or-oliz-store-3675.webp","Pitaka Ultra Slim Case for iPhone 16 Pro Max","7,500"
"1784053929-394","https://www.olizstore.com/brands","https://www.olizstore.com/brand/pitaka","https://www.olizstore.com/product/pitaka-ultra-slim-case-for-iphone-16-pro","https://wsrv.nl/?w=560&url=https://cdn2.blanxer.com/uploads/682feff88c633f25b4c7ce32/product_image-pitaka-a-mann-flora-in-grid-edge-case-(cloud-dusk)-for-iphone-17-pro-max-or-oliz-store-3675.webp","Pitaka Ultra Slim Case for iPhone 16 Pro","7,500"
"1784053931-395","https://www.olizstore.com/brands","https://www.olizstore.com/brand/pitaka","https://www.olizstore.com/product/pitaka-military-grade-protective-case-for-iphone-16-pro-max","https://wsrv.nl/?w=560&url=https://cdn2.blanxer.com/uploads/682feff88c633f25b4c7ce32/product_image-pitaka-a-mann-flora-in-grid-edge-case-(cloud-dusk)-for-iphone-17-pro-max-or-oliz-store-3675.webp","Pitaka Military-Grade Protective Case For IPhone 16 Pro Max","10,800"
"1784053934-396","https://www.olizstore.com/brands","https://www.olizstore.com/brand/pitaka","https://www.olizstore.com/product/pitaka-military-grade-protective-case-for-iphone-16-pro","https://wsrv.nl/?w=560&url=https://cdn2.blanxer.com/uploads/682feff88c633f25b4c7ce32/product_image-pitaka-a-mann-flora-in-grid-edge-case-(cloud-dusk)-for-iphone-17-pro-max-or-oliz-store-3675.webp","Pitaka Military-Grade Protective Case For iPhone 16 Pro","10,800"
"1784053936-397","https://www.olizstore.com/brands","https://www.olizstore.com/brand/pitaka","https://www.olizstore.com/product/pitaka-ultra-slim-case-for-iphone-17-(sunset)","https://wsrv.nl/?w=560&url=https://cdn2.blanxer.com/uploads/682feff88c633f25b4c7ce32/product_image-pitaka-a-mann-flora-in-grid-edge-case-(cloud-dusk)-for-iphone-17-pro-max-or-oliz-store-3675.webp","Pitaka Ultra-Slim Case for iPhone 17 (Sunset)","9,000"
"1784053938-398","https://www.olizstore.com/brands","https://www.olizstore.com/brand/pitaka","https://www.olizstore.com/product/pitaka-ultra-slim-case-for-iphone-air-(sunset)","https://wsrv.nl/?w=560&url=https://cdn2.blanxer.com/uploads/682feff88c633f25b4c7ce32/product_image-pitaka-a-mann-flora-in-grid-edge-case-(cloud-dusk)-for-iphone-17-pro-max-or-oliz-store-3675.webp","Pitaka Ultra-Slim Case for iPhone Air (Sunset)","9,000"
"1784053940-399","https://www.olizstore.com/brands","https://www.olizstore.com/brand/pitaka","https://www.olizstore.com/product/pitaka-ultra-slim-case-for-iphone-17-pro-(sunset)","https://wsrv.nl/?w=560&url=https://cdn2.blanxer.com/uploads/682feff88c633f25b4c7ce32/product_image-pitaka-a-mann-flora-in-grid-edge-case-(cloud-dusk)-for-iphone-17-pro-max-or-oliz-store-3675.webp","Pitaka Ultra-Slim Case for iPhone 17 Pro (Sunset)","9,000"
"1784053942-400","https://www.olizstore.com/brands","https://www.olizstore.com/brand/pitaka","https://www.olizstore.com/product/pitaka-ultra-slim-case-for-iphone-17-pro-max-(sunset)","https://wsrv.nl/?w=560&url=https://cdn2.blanxer.com/uploads/682feff88c633f25b4c7ce32/product_image-pitaka-a-mann-flora-in-grid-edge-case-(cloud-dusk)-for-iphone-17-pro-max-or-oliz-store-3675.webp","Pitaka Ultra-Slim Case for iPhone 17 Pro Max (Sunset)","9,000"
"1784053944-401","https://www.olizstore.com/brands","https://www.olizstore.com/brand/pitaka","https://www.olizstore.com/product/pitaka-ultra-slim-case-for-iphone-17-pro-max-(over-the-horizon)","https://wsrv.nl/?w=560&url=https://cdn2.blanxer.com/uploads/682feff88c633f25b4c7ce32/product_image-pitaka-a-mann-flora-in-grid-edge-case-(cloud-dusk)-for-iphone-17-pro-max-or-oliz-store-3675.webp","Pitaka Ultra-Slim Case for iPhone 17 Pro Max (Over the horizon)","9,000"
"1784053947-402","https://www.olizstore.com/brands","https://www.olizstore.com/brand/pitaka","https://www.olizstore.com/product/pitaka-ultraslim-case-for-iphone-17-pro-max-(moonrise)","https://wsrv.nl/?w=560&url=https://cdn2.blanxer.com/uploads/682feff88c633f25b4c7ce32/product_image-pitaka-a-mann-flora-in-grid-edge-case-(cloud-dusk)-for-iphone-17-pro-max-or-oliz-store-3675.webp","PITAKA Ultra‑Slim Case for iPhone 17 Pro Max (Moonrise)","9,000"
"1784053949-403","https://www.olizstore.com/brands","https://www.olizstore.com/brand/pitaka","https://www.olizstore.com/product/pitaka-ultra-slim-case-for-iphone-17-pro-max-(milky-way-galaxy)","https://wsrv.nl/?w=560&url=https://cdn2.blanxer.com/uploads/682feff88c633f25b4c7ce32/product_image-pitaka-a-mann-flora-in-grid-edge-case-(cloud-dusk)-for-iphone-17-pro-max-or-oliz-store-3675.webp","PITAKA Ultra-Slim Case for iPhone 17 Pro Max (Milky Way Galaxy)","9,000"
"1784053951-404","https://www.olizstore.com/brands","https://www.olizstore.com/brand/pitaka","https://www.olizstore.com/product/pitaka-aramid-ultraguard-case-for-iphone-17-pro-(sunset)","https://wsrv.nl/?w=560&url=https://cdn2.blanxer.com/uploads/682feff88c633f25b4c7ce32/product_image-pitaka-a-mann-flora-in-grid-edge-case-(cloud-dusk)-for-iphone-17-pro-max-or-oliz-store-3675.webp","Pitaka Aramid UltraGuard Case for iPhone 17 Pro (Sunset)","11,600"
"1784053953-405","https://www.olizstore.com/brands","https://www.olizstore.com/brand/pitaka","https://www.olizstore.com/product/pitaka-aramid-ultraguard-case-for-iphone-17-pro-(moonrise)","https://wsrv.nl/?w=560&url=https://cdn2.blanxer.com/uploads/682feff88c633f25b4c7ce32/product_image-pitaka-a-mann-flora-in-grid-edge-case-(cloud-dusk)-for-iphone-17-pro-max-or-oliz-store-3675.webp","Pitaka Aramid UltraGuard Case for iPhone 17 Pro (Moonrise)","11,600"
"1784053955-406","https://www.olizstore.com/brands","https://www.olizstore.com/brand/pitaka","https://www.olizstore.com/product/pitaka-aramid-ultraguard-case-for-iphone-17-pro-max-(blackgrey-twill)","https://wsrv.nl/?w=560&url=https://cdn2.blanxer.com/uploads/682feff88c633f25b4c7ce32/product_image-pitaka-a-mann-flora-in-grid-edge-case-(cloud-dusk)-for-iphone-17-pro-max-or-oliz-store-3675.webp","Pitaka Aramid UltraGuard Case for iPhone 17 Pro Max (Black/Grey Twill)","11,600"
"1784053957-407","https://www.olizstore.com/brands","https://www.olizstore.com/brand/pitaka","https://www.olizstore.com/product/pitaka-aramid-ultraguard-case-for-iphone-17-pro-max-(moonrise)","https://wsrv.nl/?w=560&url=https://cdn2.blanxer.com/uploads/682feff88c633f25b4c7ce32/product_image-pitaka-a-mann-flora-in-grid-edge-case-(cloud-dusk)-for-iphone-17-pro-max-or-oliz-store-3675.webp","Pitaka Aramid UltraGuard Case for iPhone 17 Pro Max (Moonrise)","11,600"
"1784053960-408","https://www.olizstore.com/brands","https://www.olizstore.com/brand/pitaka","https://www.olizstore.com/product/pitaka-aramid-ultraguard-case-for-iphone-17-pro-max-(sunset)","https://wsrv.nl/?w=560&url=https://cdn2.blanxer.com/uploads/682feff88c633f25b4c7ce32/product_image-pitaka-a-mann-flora-in-grid-edge-case-(cloud-dusk)-for-iphone-17-pro-max-or-oliz-store-3675.webp","Pitaka Aramid UltraGuard Case for iPhone 17 Pro Max (Sunset)","11,600"
"1784053962-409","https://www.olizstore.com/brands","https://www.olizstore.com/brand/pitaka","https://www.olizstore.com/product/pitaka-ultra-slim-case-for-iphone-17-pro-max-(golden-glint)","https://wsrv.nl/?w=560&url=https://cdn2.blanxer.com/uploads/682feff88c633f25b4c7ce32/product_image-pitaka-a-mann-flora-in-grid-edge-case-(cloud-dusk)-for-iphone-17-pro-max-or-oliz-store-3675.webp","Pitaka Ultra-Slim Case for iPhone 17 Pro Max (Golden Glint)","9,000"
"1784053964-410","https://www.olizstore.com/brands","https://www.olizstore.com/brand/pitaka","https://www.olizstore.com/product/pitaka-monogram-edge-case-leaping-for-iphone-17-pro-max-(orange-black)","https://wsrv.nl/?w=560&url=https://cdn2.blanxer.com/uploads/682feff88c633f25b4c7ce32/product_image-pitaka-a-mann-flora-in-grid-edge-case-(cloud-dusk)-for-iphone-17-pro-max-or-oliz-store-3675.webp","PITAKA Monogram Edge Case – Leaping for iPhone 17 Pro Max (Orange Black)",""
"1784053966-411","https://www.olizstore.com/brands","https://www.olizstore.com/brand/pitaka","https://www.olizstore.com/product/pitaka-munn-flora-in-grid-edge-case-(forest-dawn)-for-iphone-17-pro-max","https://wsrv.nl/?w=560&url=https://cdn2.blanxer.com/uploads/682feff88c633f25b4c7ce32/product_image-pitaka-a-mann-flora-in-grid-edge-case-(cloud-dusk)-for-iphone-17-pro-max-or-oliz-store-3675.webp","PITAKA × MÜNN Flora in Grid Edge Case (Forest Dawn) for iPhone 17 Pro Max",""
"1784053968-412","https://www.olizstore.com/brands","https://www.olizstore.com/brand/pitaka","https://www.olizstore.com/product/pitaka-sunset-2.0-california-dream-02-edge-case-for-iphone-17-pro-max","https://wsrv.nl/?w=560&url=https://cdn2.blanxer.com/uploads/682feff88c633f25b4c7ce32/product_image-pitaka-a-mann-flora-in-grid-edge-case-(cloud-dusk)-for-iphone-17-pro-max-or-oliz-store-3675.webp","Pitaka Sunset 2.0 – California Dream 02 Edge Case for iPhone 17 Pro Max",""
"1784053970-413","https://www.olizstore.com/brands","https://www.olizstore.com/brand/pitaka","https://www.olizstore.com/product/pitaka-munn-flora-in-grid-edge-case-(cloud-dusk)-for-iphone-17-pro-max-price-in-nepal","https://wsrv.nl/?w=560&url=https://cdn2.blanxer.com/uploads/682feff88c633f25b4c7ce32/product_image-pitaka-a-mann-flora-in-grid-edge-case-(cloud-dusk)-for-iphone-17-pro-max-or-oliz-store-3675.webp","PITAKA × MÜNN Flora in Grid Edge Case (Cloud Dusk) for iPhone 17 Pro Max",""
"1784053976-414","https://www.olizstore.com/brands","https://www.olizstore.com/brand/pioneer","https://www.olizstore.com/product/pioneer-sbx101-2.1channel-sound-bar-with-wireless-subwoofer","https://wsrv.nl/?w=560&url=https://cdn2.blanxer.com/uploads/682feff88c633f25b4c7ce32/product_image-pioneer_sbx-101_angle_low1_preview_nxpowerlite_-2653.webp","Pioneer SBX‑101 2.1‑Channel Sound Bar with Wireless Subwoofer","27,000"
"1784053981-415","https://www.olizstore.com/brands","https://www.olizstore.com/brand/pgytech","https://www.olizstore.com/product/pgytech-osmo-pocket-pocket-2-vlog-set","https://wsrv.nl/?w=560&url=https://cdn2.blanxer.com/uploads/682feff88c633f25b4c7ce32/product_image-pgytech-action-camera-adapter-plus-a-for-mobile-gimbals-6065.webp","PGYTECH Osmo Pocket / Pocket 2 Vlog Set","12,500"
"1784053984-416","https://www.olizstore.com/brands","https://www.olizstore.com/brand/pgytech","https://www.olizstore.com/product/pgytech-osmo-action-vlog-set","https://wsrv.nl/?w=560&url=https://cdn2.blanxer.com/uploads/682feff88c633f25b4c7ce32/product_image-pgytech-action-camera-adapter-plus-a-for-mobile-gimbals-6065.webp","PGYTECH Osmo Action Vlog Set","9,500"
"1784053986-417","https://www.olizstore.com/brands","https://www.olizstore.com/brand/pgytech","https://www.olizstore.com/product/pgytech-onemo-shoulder-bag","https://wsrv.nl/?w=560&url=https://cdn2.blanxer.com/uploads/682feff88c633f25b4c7ce32/product_image-pgytech-action-camera-adapter-plus-a-for-mobile-gimbals-6065.webp","PGYTECH OneMo Shoulder Bag","9,500"
"1784053988-418","https://www.olizstore.com/brands","https://www.olizstore.com/brand/pgytech","https://www.olizstore.com/product/pgytech-carrying-case-for-mavic-series","https://wsrv.nl/?w=560&url=https://cdn2.blanxer.com/uploads/682feff88c633f25b4c7ce32/product_image-pgytech-action-camera-adapter-plus-a-for-mobile-gimbals-6065.webp","PGYTECH Carrying Case for Mavic Series","7,500"
"1784053990-419","https://www.olizstore.com/brands","https://www.olizstore.com/brand/pgytech","https://www.olizstore.com/product/pgytech-vlog-phone-extension-pole-tripod","https://wsrv.nl/?w=560&url=https://cdn2.blanxer.com/uploads/682feff88c633f25b4c7ce32/product_image-pgytech-action-camera-adapter-plus-a-for-mobile-gimbals-6065.webp","PGYTECH Vlog Phone Extension Pole Tripod","6,400"
"1784053992-420","https://www.olizstore.com/brands","https://www.olizstore.com/brand/pgytech","https://www.olizstore.com/product/pgytech-magic-arm","https://wsrv.nl/?w=560&url=https://cdn2.blanxer.com/uploads/682feff88c633f25b4c7ce32/product_image-pgytech-action-camera-adapter-plus-a-for-mobile-gimbals-6065.webp","PGYTECH Magic Arm","6,400"
"1784053994-421","https://www.olizstore.com/brands","https://www.olizstore.com/brand/pgytech","https://www.olizstore.com/product/pgytech-action-camera-suction-cup-mount","https://wsrv.nl/?w=560&url=https://cdn2.blanxer.com/uploads/682feff88c633f25b4c7ce32/product_image-pgytech-action-camera-adapter-plus-a-for-mobile-gimbals-6065.webp","PGYTECH Action Camera Suction Cup Mount","6,400"
"1784053996-422","https://www.olizstore.com/brands","https://www.olizstore.com/brand/pgytech","https://www.olizstore.com/product/pgytech-floating-hand-grip-for-action-cameras","https://wsrv.nl/?w=560&url=https://cdn2.blanxer.com/uploads/682feff88c633f25b4c7ce32/product_image-pgytech-action-camera-adapter-plus-a-for-mobile-gimbals-6065.webp","PGYTECH Floating Hand Grip for Action Cameras","4,500"
"1784053999-423","https://www.olizstore.com/brands","https://www.olizstore.com/brand/pgytech","https://www.olizstore.com/product/pgytech-action-camera-adapter-for-mobile-phone-gimbals","https://wsrv.nl/?w=560&url=https://cdn2.blanxer.com/uploads/682feff88c633f25b4c7ce32/product_image-pgytech-action-camera-adapter-plus-a-for-mobile-gimbals-6065.webp","PGYTECH Action Camera Adapter for Mobile Phone Gimbals","4,500"
"1784054001-424","https://www.olizstore.com/brands","https://www.olizstore.com/brand/pgytech","https://www.olizstore.com/product/pgytech-action-camera-adapter+-for-mobile-gimbals","https://wsrv.nl/?w=560&url=https://cdn2.blanxer.com/uploads/682feff88c633f25b4c7ce32/product_image-pgytech-action-camera-adapter-plus-a-for-mobile-gimbals-6065.webp","PGYTECH Action Camera Adapter+ for Mobile Gimbals","4,500"
"1784054006-425","https://www.olizstore.com/brands","https://www.olizstore.com/brand/paperlike","https://www.olizstore.com/product/paperlike-ipad-screen-protector-(2-pack)","https://wsrv.nl/?w=560&url=https://cdn2.blanxer.com/uploads/682feff88c633f25b4c7ce32/product_image-paperlike-ipad-109percent22-10th-gen-screen-protector-(2-pack)-5081.webp","Paperlike iPad Screen Protector (2 pack)","6,000"
"1784054012-426","https://www.olizstore.com/brands","https://www.olizstore.com/brand/panzerglass","https://www.olizstore.com/product/panzerglass-feature-kicks+-magsafe-case-for-iphone-16-series","https://wsrv.nl/?w=560&url=https://cdn2.blanxer.com/uploads/682feff88c633f25b4c7ce32/product_image-panzer-care-flagship-star-lit-magsafe-case-for-iphone-16-pro-max-2880.webp","PanzerGlass Feature Kicks+ MagSafe Case for iPhone 16 Series","5,500"
"1784054014-427","https://www.olizstore.com/brands","https://www.olizstore.com/brand/panzerglass","https://www.olizstore.com/product/panzerglass-flagship-transparent-urban-combat-case-w-frame-and-magsafe-iphone-16-series","https://wsrv.nl/?w=560&url=https://cdn2.blanxer.com/uploads/682feff88c633f25b4c7ce32/product_image-panzer-care-flagship-star-lit-magsafe-case-for-iphone-16-pro-max-2880.webp","PanzerGlass Flagship Transparent Urban Combat Case W. Frame & MagSafe iPhone 16 Series","4,500"
"1784054016-428","https://www.olizstore.com/brands","https://www.olizstore.com/brand/panzerglass","https://www.olizstore.com/product/panzerglass-flagship-w.-urban-combat-magsafe-case-for-iphone-16-series","https://wsrv.nl/?w=560&url=https://cdn2.blanxer.com/uploads/682feff88c633f25b4c7ce32/product_image-panzer-care-flagship-star-lit-magsafe-case-for-iphone-16-pro-max-2880.webp","PanzerGlass Flagship W. Urban Combat MagSafe Case for iPhone 16 series","4,500"
"1784054019-429","https://www.olizstore.com/brands","https://www.olizstore.com/brand/panzerglass","https://www.olizstore.com/product/panzerglass-flagship-magsafe-case-for-iphone-16-series","https://wsrv.nl/?w=560&url=https://cdn2.blanxer.com/uploads/682feff88c633f25b4c7ce32/product_image-panzer-care-flagship-star-lit-magsafe-case-for-iphone-16-pro-max-2880.webp","PanzerGlass Flagship MagSafe Case for iPhone 16 Series","4,500"
"1784054021-430","https://www.olizstore.com/brands","https://www.olizstore.com/brand/panzerglass","https://www.olizstore.com/product/panzerglass-flagship-star-lit-magsafe-case-for-iphone-16-series","https://wsrv.nl/?w=560&url=https://cdn2.blanxer.com/uploads/682feff88c633f25b4c7ce32/product_image-panzer-care-flagship-star-lit-magsafe-case-for-iphone-16-pro-max-2880.webp","PanzerGlass Flagship Star Lit MagSafe Case for iPhone 16 Series","4,500"
"1784054027-431","https://www.olizstore.com/brands","https://www.olizstore.com/brand/orient-star-watches-price-in-nepal","https://www.olizstore.com/product/orient-star-layered-skeleton-re-av0b02y","https://wsrv.nl/?w=560&url=https://cdn2.blanxer.com/uploads/682feff88c633f25b4c7ce32/product_image-orient-star-classic-re-au0001s-white-dial-0313.webp","Orient Star Layered Skeleton RE-AV0B02Y","1,64,600"
"1784054029-432","https://www.olizstore.com/brands","https://www.olizstore.com/brand/orient-star-watches-price-in-nepal","https://www.olizstore.com/product/orient-star-automatic-re-av0001s00b","https://wsrv.nl/?w=560&url=https://cdn2.blanxer.com/uploads/682feff88c633f25b4c7ce32/product_image-orient-star-classic-re-au0001s-white-dial-0313.webp","Orient Star Automatic RE-AV0001S00B","1,45,700"
"1784054031-433","https://www.olizstore.com/brands","https://www.olizstore.com/brand/orient-star-watches-price-in-nepal","https://www.olizstore.com/product/orient-star-contemporary-re-au0005l","https://wsrv.nl/?w=560&url=https://cdn2.blanxer.com/uploads/682feff88c633f25b4c7ce32/product_image-orient-star-classic-re-au0001s-white-dial-0313.webp","Orient Star Contemporary RE-AU0005L","1,25,500"
"1784054033-434","https://www.olizstore.com/brands","https://www.olizstore.com/brand/orient-star-watches-price-in-nepal","https://www.olizstore.com/product/orient-star-semi-skeleton-re-at0201g","https://wsrv.nl/?w=560&url=https://cdn2.blanxer.com/uploads/682feff88c633f25b4c7ce32/product_image-orient-star-classic-re-au0001s-white-dial-0313.webp","Orient Star Semi Skeleton RE-AT0201G","1,05,100"
"1784054035-435","https://www.olizstore.com/brands","https://www.olizstore.com/brand/orient-star-watches-price-in-nepal","https://www.olizstore.com/product/orient-star-m34-f8-skeleton-hand-winding-re-az0104l","https://wsrv.nl/?w=560&url=https://cdn2.blanxer.com/uploads/682feff88c633f25b4c7ce32/product_image-orient-star-classic-re-au0001s-white-dial-0313.webp","Orient Star M34 F8 Skeleton Hand Winding RE-AZ0104L","5,36,100"
"1784054038-436","https://www.olizstore.com/brands","https://www.olizstore.com/brand/orient-star-watches-price-in-nepal","https://www.olizstore.com/product/orient-star-m45-f7-mechanical-moon-phase-re-ay0124n","https://wsrv.nl/?w=560&url=https://cdn2.blanxer.com/uploads/682feff88c633f25b4c7ce32/product_image-orient-star-classic-re-au0001s-white-dial-0313.webp","Orient Star M45 F7 Mechanical Moon Phase RE-AY0124N","4,61,000"
"1784054040-437","https://www.olizstore.com/brands","https://www.olizstore.com/brand/orient-star-watches-price-in-nepal","https://www.olizstore.com/product/orient-star-classic-mechanical-re-ay0116a","https://wsrv.nl/?w=560&url=https://cdn2.blanxer.com/uploads/682feff88c633f25b4c7ce32/product_image-orient-star-classic-re-au0001s-white-dial-0313.webp","Orient Star Classic Mechanical RE-AY0116A","3,90,500"
"1784054042-438","https://www.olizstore.com/brands","https://www.olizstore.com/brand/orient-star-watches-price-in-nepal","https://www.olizstore.com/product/orient-star-m34-f8-date-limited-re-bx0009b","https://wsrv.nl/?w=560&url=https://cdn2.blanxer.com/uploads/682feff88c633f25b4c7ce32/product_image-orient-star-classic-re-au0001s-white-dial-0313.webp","Orient Star M34 F8 Date Limited RE-BX0009B","5,82,500"
"1784054044-439","https://www.olizstore.com/brands","https://www.olizstore.com/brand/orient-star-watches-price-in-nepal","https://www.olizstore.com/product/orient-star-m34-f8-date-re-bx0006e","https://wsrv.nl/?w=560&url=https://cdn2.blanxer.com/uploads/682feff88c633f25b4c7ce32/product_image-orient-star-classic-re-au0001s-white-dial-0313.webp","Orient Star M34 F8 Date RE-BX0006E","4,52,100"
"1784054047-440","https://www.olizstore.com/brands","https://www.olizstore.com/brand/orient-star-watches-price-in-nepal","https://www.olizstore.com/product/orient-star-m45-f8-mechanical-moon-phase-re-bw0004s","https://wsrv.nl/?w=560&url=https://cdn2.blanxer.com/uploads/682feff88c633f25b4c7ce32/product_image-orient-star-classic-re-au0001s-white-dial-0313.webp","Orient Star M45 F8 Mechanical Moon Phase RE-BW0004S","4,29,100"
"1784054049-441","https://www.olizstore.com/brands","https://www.olizstore.com/brand/orient-star-watches-price-in-nepal","https://www.olizstore.com/product/orient-star-contemporary-re-au0113y","https://wsrv.nl/?w=560&url=https://cdn2.blanxer.com/uploads/682feff88c633f25b4c7ce32/product_image-orient-star-classic-re-au0001s-white-dial-0313.webp","Orient Star Contemporary RE-AU0113Y","1,22,700"
"1784054067-442","https://www.olizstore.com/brands","https://www.olizstore.com/brand/orient-star-watches-price-in-nepal","https://www.olizstore.com/product/orient-star-diver-re-au0306l","https://wsrv.nl/?w=560&url=https://cdn2.blanxer.com/uploads/682feff88c633f25b4c7ce32/product_image-orient-star-classic-re-au0001s-white-dial-0313.webp","Orient Star Diver RE-AU0306L","1,65,000"
"1784054069-443","https://www.olizstore.com/brands","https://www.olizstore.com/brand/orient-star-watches-price-in-nepal","https://www.olizstore.com/product/orient-star-re-au0109l-contemporary-date-mechanical-watch","https://wsrv.nl/?w=560&url=https://cdn2.blanxer.com/uploads/682feff88c633f25b4c7ce32/product_image-orient-star-classic-re-au0001s-white-dial-0313.webp","Orient Star RE-AU0109L Contemporary Date Mechanical Watch","1,45,000"
"1784054071-444","https://www.olizstore.com/brands","https://www.olizstore.com/brand/orient-star-watches-price-in-nepal","https://www.olizstore.com/product/orient-star-contemporary-standard-mechanical-watch-re-au0108g","https://wsrv.nl/?w=560&url=https://cdn2.blanxer.com/uploads/682feff88c633f25b4c7ce32/product_image-orient-star-classic-re-au0001s-white-dial-0313.webp","Orient Star Contemporary Standard Mechanical Watch RE-AU0108G","1,45,200"
"1784054073-445","https://www.olizstore.com/brands","https://www.olizstore.com/brand/orient-star-watches-price-in-nepal","https://www.olizstore.com/product/orient-star-classic-re-au0001s-white-dial","https://wsrv.nl/?w=560&url=https://cdn2.blanxer.com/uploads/682feff88c633f25b4c7ce32/product_image-orient-star-classic-re-au0001s-white-dial-0313.webp","Orient Star Classic RE-AU0001S White Dial","1,51,000"
"1784054086-446","https://www.olizstore.com/brands","https://www.olizstore.com/brand/orient-watch-prices-in-nepal","https://www.olizstore.com/product/orient-bambino-:-mechanical-classic-watch-leather-strap-40.5mm-(ra-ap0004s)","https://wsrv.nl/?w=560&url=https://cdn2.blanxer.com/uploads/682feff88c633f25b4c7ce32/product_image-orient-mechanical-classic-watch-leather-strap-405mm-(ra-ap0003s)-7515.webp","Orient Bambino : Mechanical Classic Watch, Leather Strap – 40.5mm (RA-AP0004S)","51,500"
"1784054089-447","https://www.olizstore.com/brands","https://www.olizstore.com/brand/orient-watch-prices-in-nepal","https://www.olizstore.com/product/orient-bambino-:-mechanical-classic-watch-leather-strap-40.5mm-(ra-ap0005b30b)","https://wsrv.nl/?w=560&url=https://cdn2.blanxer.com/uploads/682feff88c633f25b4c7ce32/product_image-orient-mechanical-classic-watch-leather-strap-405mm-(ra-ap0003s)-7515.webp","ORIENT Bambino : Mechanical Classic Watch, Leather Strap – 40.5mm (RA-AP0005B30B)","70,500"
"1784054091-448","https://www.olizstore.com/brands","https://www.olizstore.com/brand/orient-watch-prices-in-nepal","https://www.olizstore.com/product/orient-bambino-mechanical-small-second-classic-men's-watch-40.5mm-(-ra-ap0002s30b-)","https://wsrv.nl/?w=560&url=https://cdn2.blanxer.com/uploads/682feff88c633f25b4c7ce32/product_image-orient-mechanical-classic-watch-leather-strap-405mm-(ra-ap0003s)-7515.webp","Orient Bambino Mechanical Small Second Classic Men’s Watch 40.5mm ( RA-AP0002S30B )","48,500"
"1784054093-449","https://www.olizstore.com/brands","https://www.olizstore.com/brand/orient-watch-prices-in-nepal","https://www.olizstore.com/product/orient-bambino-version-1-41mm-(fac00001b0)","https://wsrv.nl/?w=560&url=https://cdn2.blanxer.com/uploads/682feff88c633f25b4c7ce32/product_image-orient-mechanical-classic-watch-leather-strap-405mm-(ra-ap0003s)-7515.webp","Orient Bambino Version 1 41mm (FAC00001B0)","45,900"
"1784054095-450","https://www.olizstore.com/brands","https://www.olizstore.com/brand/orient-watch-prices-in-nepal","https://www.olizstore.com/product/orient-bambino-version-1-41mm-(tac00002w0)","https://wsrv.nl/?w=560&url=https://cdn2.blanxer.com/uploads/682feff88c633f25b4c7ce32/product_image-orient-mechanical-classic-watch-leather-strap-405mm-(ra-ap0003s)-7515.webp","Orient Bambino Version 1 41mm (TAC00002W0)","48,500"
"1784054097-451","https://www.olizstore.com/brands","https://www.olizstore.com/brand/orient-watch-prices-in-nepal","https://www.olizstore.com/product/orient-bambino-version-3-41mm-(fac0000dd0)","https://wsrv.nl/?w=560&url=https://cdn2.blanxer.com/uploads/682feff88c633f25b4c7ce32/product_image-orient-mechanical-classic-watch-leather-strap-405mm-(ra-ap0003s)-7515.webp","Orient Bambino Version 3 41mm (FAC0000DD0)","39,900"
"1784054099-452","https://www.olizstore.com/brands","https://www.olizstore.com/brand/orient-watch-prices-in-nepal","https://www.olizstore.com/product/orient-bambino-version-4-42mm-(fac08001t0)","https://wsrv.nl/?w=560&url=https://cdn2.blanxer.com/uploads/682feff88c633f25b4c7ce32/product_image-orient-mechanical-classic-watch-leather-strap-405mm-(ra-ap0003s)-7515.webp","Orient Bambino Version 4 42mm (AC08001T0)","49,500"
"1784054102-453","https://www.olizstore.com/brands","https://www.olizstore.com/brand/orient-watch-prices-in-nepal","https://www.olizstore.com/product/orient-bambino-version-4-42mm-(tac08002f0)","https://wsrv.nl/?w=560&url=https://cdn2.blanxer.com/uploads/682feff88c633f25b4c7ce32/product_image-orient-mechanical-classic-watch-leather-strap-405mm-(ra-ap0003s)-7515.webp","Orient Bambino Version 4 42mm (TAC08002F0)","49,500"
"1784054104-454","https://www.olizstore.com/brands","https://www.olizstore.com/brand/orient-watch-prices-in-nepal","https://www.olizstore.com/product/orient-bambino:-mechanical-classic-watch-leather-strap-38.4mm-(ra-ac0m02b30b)","https://wsrv.nl/?w=560&url=https://cdn2.blanxer.com/uploads/682feff88c633f25b4c7ce32/product_image-orient-mechanical-classic-watch-leather-strap-405mm-(ra-ap0003s)-7515.webp","ORIENT Bambino: Mechanical Classic Watch, Leather Strap – 38.4mm (RA-AC0M02B30B)","44,500"
"1784054106-455","https://www.olizstore.com/brands","https://www.olizstore.com/brand/orient-watch-prices-in-nepal","https://www.olizstore.com/product/orient-bambino:-mechanical-classic-watch-leather-strap-38.4mm-(ra-ac0m15y30b)","https://wsrv.nl/?w=560&url=https://cdn2.blanxer.com/uploads/682feff88c633f25b4c7ce32/product_image-orient-mechanical-classic-watch-leather-strap-405mm-(ra-ap0003s)-7515.webp","ORIENT Bambino: Mechanical Classic Watch, Leather Strap – 38.4mm (RA-AC0M15Y30B)","49,500"
"1784054108-456","https://www.olizstore.com/brands","https://www.olizstore.com/brand/orient-watch-prices-in-nepal","https://www.olizstore.com/product/orient-bambino:-mechanical-classic-watch-leather-strap-38.4mm-(ra-ap0106s)","https://wsrv.nl/?w=560&url=https://cdn2.blanxer.com/uploads/682feff88c633f25b4c7ce32/product_image-orient-mechanical-classic-watch-leather-strap-405mm-(ra-ap0003s)-7515.webp","ORIENT Bambino: Mechanical Classic Watch, Leather Strap – 38.4mm (RA-AP0106S)","54,500"
"1784054110-457","https://www.olizstore.com/brands","https://www.olizstore.com/brand/orient-watch-prices-in-nepal","https://www.olizstore.com/product/orient-bambino:-mechanical-classic-watch-leather-strap-40.5mm-(ra-ac0022s30b)","https://wsrv.nl/?w=560&url=https://cdn2.blanxer.com/uploads/682feff88c633f25b4c7ce32/product_image-orient-mechanical-classic-watch-leather-strap-405mm-(ra-ap0003s)-7515.webp","ORIENT Bambino: Mechanical Classic Watch, Leather Strap – 40.5mm (RA-AC0022S30B)","49,500"
"1784054112-458","https://www.olizstore.com/brands","https://www.olizstore.com/brand/orient-watch-prices-in-nepal","https://www.olizstore.com/product/orient-bambino:-mechanical-classic-watch-leather-strap-40.5mm-(ra-ak0704n30b)","https://wsrv.nl/?w=560&url=https://cdn2.blanxer.com/uploads/682feff88c633f25b4c7ce32/product_image-orient-mechanical-classic-watch-leather-strap-405mm-(ra-ap0003s)-7515.webp","ORIENT Bambino: Mechanical Classic Watch, Leather Strap – 40.5mm (RA-AK0704N30B)","53,500"
"1784054114-459","https://www.olizstore.com/brands","https://www.olizstore.com/brand/orient-watch-prices-in-nepal","https://www.olizstore.com/product/orient-bambino:-mechanical-classic-watch-leather-strap-41.5mm-(ra-ak0804y)","https://wsrv.nl/?w=560&url=https://cdn2.blanxer.com/uploads/682feff88c633f25b4c7ce32/product_image-orient-mechanical-classic-watch-leather-strap-405mm-(ra-ap0003s)-7515.webp","ORIENT Bambino: Mechanical Classic Watch, Leather Strap – 41.5mm (RA-AK0804Y)","74,500"
"1784054117-460","https://www.olizstore.com/brands","https://www.olizstore.com/brand/orient-watch-prices-in-nepal","https://www.olizstore.com/product/orient-bambino:-mechanical-classic-watch-leather-strap-42.0mm-(ra-ac0p02l30b)","https://wsrv.nl/?w=560&url=https://cdn2.blanxer.com/uploads/682feff88c633f25b4c7ce32/product_image-orient-mechanical-classic-watch-leather-strap-405mm-(ra-ap0003s)-7515.webp","ORIENT Bambino: Mechanical Classic Watch, Leather Strap – 42.0mm (RA-AC0P02L30B)","49,500"
"1784054119-461","https://www.olizstore.com/brands","https://www.olizstore.com/brand/orient-watch-prices-in-nepal","https://www.olizstore.com/product/orient-bambino:-mechanical-classic-watch-leather-strap-42.0mm-(ra-ac0p03l30b)","https://wsrv.nl/?w=560&url=https://cdn2.blanxer.com/uploads/682feff88c633f25b4c7ce32/product_image-orient-mechanical-classic-watch-leather-strap-405mm-(ra-ap0003s)-7515.webp","ORIENT Bambino: Mechanical Classic Watch, Leather Strap – 42.0mm (RA-AC0P03L30B)","49,500"
"1784054121-462","https://www.olizstore.com/brands","https://www.olizstore.com/brand/orient-watch-prices-in-nepal","https://www.olizstore.com/product/orient-bambino:-mechanical-classic-watch-metal-strap-38.4mm-(ra-ac0m09e30b)","https://wsrv.nl/?w=560&url=https://cdn2.blanxer.com/uploads/682feff88c633f25b4c7ce32/product_image-orient-mechanical-classic-watch-leather-strap-405mm-(ra-ap0003s)-7515.webp","ORIENT Bambino: Mechanical Classic Watch, Metal Strap – 38.4mm (RA-AC0M09E30B)","54,500"
"1784054123-463","https://www.olizstore.com/brands","https://www.olizstore.com/brand/orient-watch-prices-in-nepal","https://www.olizstore.com/product/orient-bambino:-mechanical-classic-watch-metal-strap-38.4mm-(ra-ac0m11y)","https://wsrv.nl/?w=560&url=https://cdn2.blanxer.com/uploads/682feff88c633f25b4c7ce32/product_image-orient-mechanical-classic-watch-leather-strap-405mm-(ra-ap0003s)-7515.webp","ORIENT Bambino: Mechanical Classic Watch, Metal Strap – 38.4mm (RA-AC0M11Y)","54,500"
"1784054125-464","https://www.olizstore.com/brands","https://www.olizstore.com/brand/orient-watch-prices-in-nepal","https://www.olizstore.com/product/orient-bambino:-mechanical-classic-watch-metal-strap-40.5mm-(ra-ac0018e30b)","https://wsrv.nl/?w=560&url=https://cdn2.blanxer.com/uploads/682feff88c633f25b4c7ce32/product_image-orient-mechanical-classic-watch-leather-strap-405mm-(ra-ap0003s)-7515.webp","ORIENT Bambino: Mechanical Classic Watch, Metal Strap – 40.5mm (RA-AC0018E30B)","49,500"
"1784054127-465","https://www.olizstore.com/brands","https://www.olizstore.com/brand/orient-watch-prices-in-nepal","https://www.olizstore.com/product/orient-bambino:-mechanical-classic-watch-metal-strap-40.5mm-(ra-ac0020g30b)","https://wsrv.nl/?w=560&url=https://cdn2.blanxer.com/uploads/682feff88c633f25b4c7ce32/product_image-orient-mechanical-classic-watch-leather-strap-405mm-(ra-ap0003s)-7515.webp","ORIENT Bambino: Mechanical Classic Watch, Metal Strap – 40.5mm (RA-AC0020G30B)","49,500"
"1784054129-466","https://www.olizstore.com/brands","https://www.olizstore.com/brand/orient-watch-prices-in-nepal","https://www.olizstore.com/product/orient-bambino:-mechanical-classic-watch-synthetic-leather-strap-42.0mm-(ra-ac0p04y30b)","https://wsrv.nl/?w=560&url=https://cdn2.blanxer.com/uploads/682feff88c633f25b4c7ce32/product_image-orient-mechanical-classic-watch-leather-strap-405mm-(ra-ap0003s)-7515.webp","ORIENT Bambino: Mechanical Classic Watch, Synthetic leather Strap – 42.0mm (RA-AC0P04Y30B)","49,500"
"1784054132-467","https://www.olizstore.com/brands","https://www.olizstore.com/brand/orient-watch-prices-in-nepal","https://www.olizstore.com/product/orient-kamasu:-mechanical-sports-watch-metal-strap-41.8mm-(ra-aa0002l39b)","https://wsrv.nl/?w=560&url=https://cdn2.blanxer.com/uploads/682feff88c633f25b4c7ce32/product_image-orient-mechanical-classic-watch-leather-strap-405mm-(ra-ap0003s)-7515.webp","ORIENT Kamasu: Mechanical Sports Watch, Metal Strap – 41.8mm (RA-AA0002L39B)","58,500"
"1784054134-468","https://www.olizstore.com/brands","https://www.olizstore.com/brand/orient-watch-prices-in-nepal","https://www.olizstore.com/product/orient-kanno:-mechanical-sports-watch-metal-strap-43.6mm-(ra-aa0915r19b)","https://wsrv.nl/?w=560&url=https://cdn2.blanxer.com/uploads/682feff88c633f25b4c7ce32/product_image-orient-mechanical-classic-watch-leather-strap-405mm-(ra-ap0003s)-7515.webp","ORIENT Kanno: Mechanical Sports Watch, Metal Strap – 43.6mm (RA-AA0915R19B)","49,500"
"1784054136-469","https://www.olizstore.com/brands","https://www.olizstore.com/brand/orient-watch-prices-in-nepal","https://www.olizstore.com/product/orient-kanno:-mechanical-sports-watch-metal-strap-43.6mm-(ra-aa0914e)","https://wsrv.nl/?w=560&url=https://cdn2.blanxer.com/uploads/682feff88c633f25b4c7ce32/product_image-orient-mechanical-classic-watch-leather-strap-405mm-(ra-ap0003s)-7515.webp","ORIENT Kanno: Mechanical Sports Watch, Metal Strap – 43.6mm (RA-AA0914E)","52,700"
"1784054138-470","https://www.olizstore.com/brands","https://www.olizstore.com/brand/orient-watch-prices-in-nepal","https://www.olizstore.com/product/orient-symphony-iv:-mechanical-contemporary-watch-leather-strap-41.6mm-(ra-ac0f11l30b)","https://wsrv.nl/?w=560&url=https://cdn2.blanxer.com/uploads/682feff88c633f25b4c7ce32/product_image-orient-mechanical-classic-watch-leather-strap-405mm-(ra-ap0003s)-7515.webp","ORIENT Symphony IV: Mechanical Contemporary Watch, Leather Strap – 41.6mm (RA-AC0F11L30B)","45,500"
"1784054140-471","https://www.olizstore.com/brands","https://www.olizstore.com/brand/orient-watch-prices-in-nepal","https://www.olizstore.com/product/orient-symphony-iv:-mechanical-contemporary-watch-metal-strap-41.6mm-(ra-ac0f08g30b)","https://wsrv.nl/?w=560&url=https://cdn2.blanxer.com/uploads/682feff88c633f25b4c7ce32/product_image-orient-mechanical-classic-watch-leather-strap-405mm-(ra-ap0003s)-7515.webp","ORIENT Symphony IV: Mechanical Contemporary Watch, Metal Strap – 41.6mm (RA-AC0F08G30B)","45,500"
"1784054142-472","https://www.olizstore.com/brands","https://www.olizstore.com/brand/orient-watch-prices-in-nepal","https://www.olizstore.com/product/orient:-mechanical-sports-watch-metal-strap-41.8mm-(ra-aa0811e39b)","https://wsrv.nl/?w=560&url=https://cdn2.blanxer.com/uploads/682feff88c633f25b4c7ce32/product_image-orient-mechanical-classic-watch-leather-strap-405mm-(ra-ap0003s)-7515.webp","ORIENT: Mechanical Sports Watch, Metal Strap – 41.8mm (RA-AA0811E39B)","72,500"
"1784054144-473","https://www.olizstore.com/brands","https://www.olizstore.com/brand/orient-watch-prices-in-nepal","https://www.olizstore.com/product/orient:-mechanical-sports-watch-metal-strap-41.8mm-(ra-aa0814r)","https://wsrv.nl/?w=560&url=https://cdn2.blanxer.com/uploads/682feff88c633f25b4c7ce32/product_image-orient-mechanical-classic-watch-leather-strap-405mm-(ra-ap0003s)-7515.webp","ORIENT: Mechanical Sports Watch, Metal Strap – 41.8mm (RA-AA0814R)","59,500"
"1784054147-474","https://www.olizstore.com/brands","https://www.olizstore.com/brand/orient-watch-prices-in-nepal","https://www.olizstore.com/product/orient:-mechanical-sports-watch-metal-strap-41.8mm-(ra-aa0819n)","https://wsrv.nl/?w=560&url=https://cdn2.blanxer.com/uploads/682feff88c633f25b4c7ce32/product_image-orient-mechanical-classic-watch-leather-strap-405mm-(ra-ap0003s)-7515.webp","ORIENT: Mechanical Sports Watch, Metal Strap – 41.8mm (RA-AA0819N)","72,500"
"1784054149-475","https://www.olizstore.com/brands","https://www.olizstore.com/brand/orient-watch-prices-in-nepal","https://www.olizstore.com/product/orient:-mechanical-sports-watch-metal-strap-41.8mm-(ra-aa0820r19b)","https://wsrv.nl/?w=560&url=https://cdn2.blanxer.com/uploads/682feff88c633f25b4c7ce32/product_image-orient-mechanical-classic-watch-leather-strap-405mm-(ra-ap0003s)-7515.webp","ORIENT: Mechanical Sports Watch, Metal Strap – 41.8mm (RA-AA0820R19B)","59,500"
"1784054151-476","https://www.olizstore.com/brands","https://www.olizstore.com/brand/orient-watch-prices-in-nepal","https://www.olizstore.com/product/orient:-mechanical-sports-watch-metal-strap-41.8mm-(ra-aa0821s)","https://wsrv.nl/?w=560&url=https://cdn2.blanxer.com/uploads/682feff88c633f25b4c7ce32/product_image-orient-mechanical-classic-watch-leather-strap-405mm-(ra-ap0003s)-7515.webp","ORIENT: Mechanical Sports Watch, Metal Strap – 41.8mm (RA-AA0821S)","59,500"
"1784054153-477","https://www.olizstore.com/brands","https://www.olizstore.com/brand/orient-watch-prices-in-nepal","https://www.olizstore.com/product/orient:-quartz-contemporary-watch-metal-strap-40.0mm-(ra-tx0303l10b)","https://wsrv.nl/?w=560&url=https://cdn2.blanxer.com/uploads/682feff88c633f25b4c7ce32/product_image-orient-mechanical-classic-watch-leather-strap-405mm-(ra-ap0003s)-7515.webp","ORIENT: Quartz Contemporary Watch, Metal Strap – 40.0mm (RA-TX0303L10B)","52,500"
"1784054155-478","https://www.olizstore.com/brands","https://www.olizstore.com/brand/orient-watch-prices-in-nepal","https://www.olizstore.com/product/orient:-quartz-contemporary-watch-metal-strap-40.0mm-(ra-tx0304l10b)","https://wsrv.nl/?w=560&url=https://cdn2.blanxer.com/uploads/682feff88c633f25b4c7ce32/product_image-orient-mechanical-classic-watch-leather-strap-405mm-(ra-ap0003s)-7515.webp","ORIENT: Quartz Contemporary Watch, Metal Strap – 40.0mm (RA-TX0304L10B)","52,500"
"1784054157-479","https://www.olizstore.com/brands","https://www.olizstore.com/brand/orient-watch-prices-in-nepal","https://www.olizstore.com/product/orient:-quartz-sports-watch-metal-strap-42.8mm-(ra-tx0201l)","https://wsrv.nl/?w=560&url=https://cdn2.blanxer.com/uploads/682feff88c633f25b4c7ce32/product_image-orient-mechanical-classic-watch-leather-strap-405mm-(ra-ap0003s)-7515.webp","ORIENT: Quartz Sports Watch, Metal Strap – 42.8mm (RA-TX0201L)","49,500"
"1784054159-480","https://www.olizstore.com/brands","https://www.olizstore.com/brand/orient-watch-prices-in-nepal","https://www.olizstore.com/product/orient:-quartz-sports-watch-metal-strap-42.8mm-(ra-tx0206l10b)","https://wsrv.nl/?w=560&url=https://cdn2.blanxer.com/uploads/682feff88c633f25b4c7ce32/product_image-orient-mechanical-classic-watch-leather-strap-405mm-(ra-ap0003s)-7515.webp","ORIENT: Quartz Sports Watch, Metal Strap – 42.8mm (RA-TX0206L10B)","49,500"
"1784054161-481","https://www.olizstore.com/brands","https://www.olizstore.com/brand/orient-watch-prices-in-nepal","https://www.olizstore.com/product/orient:-quartz-sports-watch-metal-strap-42.8mm-(ra-tx0207r10b)","https://wsrv.nl/?w=560&url=https://cdn2.blanxer.com/uploads/682feff88c633f25b4c7ce32/product_image-orient-mechanical-classic-watch-leather-strap-405mm-(ra-ap0003s)-7515.webp","ORIENT: Quartz Sports Watch, Metal Strap – 42.8mm (RA-TX0207R10B)","49,500"
"1784054164-482","https://www.olizstore.com/brands","https://www.olizstore.com/brand/orient-watch-prices-in-nepal","https://www.olizstore.com/product/orient:-quartz-sports-watch-metal-strap-42.8mm-(ra-tx0208l10b)","https://wsrv.nl/?w=560&url=https://cdn2.blanxer.com/uploads/682feff88c633f25b4c7ce32/product_image-orient-mechanical-classic-watch-leather-strap-405mm-(ra-ap0003s)-7515.webp","ORIENT: Quartz Sports Watch, Metal Strap – 42.8mm (RA-TX0208L10B)","59,500"
"1784054166-483","https://www.olizstore.com/brands","https://www.olizstore.com/brand/orient-watch-prices-in-nepal","https://www.olizstore.com/product/orientbambino:-mechanical-classic-watch-metal-strap-38.4mm-(ra-ac0m10l30b)","https://wsrv.nl/?w=560&url=https://cdn2.blanxer.com/uploads/682feff88c633f25b4c7ce32/product_image-orient-mechanical-classic-watch-leather-strap-405mm-(ra-ap0003s)-7515.webp","ORIENTBambino: Mechanical Classic Watch, Metal Strap – 38.4mm (RA-AC0M10L30B)","54,500"
"1784054168-484","https://www.olizstore.com/brands","https://www.olizstore.com/brand/orient-watch-prices-in-nepal","https://www.olizstore.com/product/orient-automatic-open-heart-(tag00004d0)","https://wsrv.nl/?w=560&url=https://cdn2.blanxer.com/uploads/682feff88c633f25b4c7ce32/product_image-orient-mechanical-classic-watch-leather-strap-405mm-(ra-ap0003s)-7515.webp","ORIENT AUTOMATIC OPEN HEART (TAG00004D0)","57,000"
"1784054170-485","https://www.olizstore.com/brands","https://www.olizstore.com/brand/orient-watch-prices-in-nepal","https://www.olizstore.com/product/orient:-mechanical-sports-watch-metal-strap-41.8mm-(ra-aa0818l)","https://wsrv.nl/?w=560&url=https://cdn2.blanxer.com/uploads/682feff88c633f25b4c7ce32/product_image-orient-mechanical-classic-watch-leather-strap-405mm-(ra-ap0003s)-7515.webp","ORIENT: Mechanical Sports Watch, Metal Strap - 41.8mm (RA-AA0818L)","59,500"
"1784054172-486","https://www.olizstore.com/brands","https://www.olizstore.com/brand/orient-watch-prices-in-nepal","https://www.olizstore.com/product/orient:-mechanical-classic-watch-leather-strap-40.5mm-(ra-ag0002s)","https://wsrv.nl/?w=560&url=https://cdn2.blanxer.com/uploads/682feff88c633f25b4c7ce32/product_image-orient-mechanical-classic-watch-leather-strap-405mm-(ra-ap0003s)-7515.webp","ORIENT: Mechanical Classic Watch, Leather Strap - 40.5mm (RA-AG0002S)","68,000"
"1784054174-487","https://www.olizstore.com/brands","https://www.olizstore.com/brand/orient-watch-prices-in-nepal","https://www.olizstore.com/product/orient:-mechanical-classic-watch-metal-strap-41.5mm-(ra-as0101s)","https://wsrv.nl/?w=560&url=https://cdn2.blanxer.com/uploads/682feff88c633f25b4c7ce32/product_image-orient-mechanical-classic-watch-leather-strap-405mm-(ra-ap0003s)-7515.webp","ORIENT: Mechanical Classic Watch, Metal Strap - 41.5mm (RA-AS0101S)","79,500"
"1784054176-488","https://www.olizstore.com/brands","https://www.olizstore.com/brand/orient-watch-prices-in-nepal","https://www.olizstore.com/product/orient:-mechanical-classic-watch-stainless-steel-strap-42.0mm-(ra-as0007s)","https://wsrv.nl/?w=560&url=https://cdn2.blanxer.com/uploads/682feff88c633f25b4c7ce32/product_image-orient-mechanical-classic-watch-leather-strap-405mm-(ra-ap0003s)-7515.webp","ORIENT: Mechanical Classic Watch, Stainless Steel Strap - 42.0mm (RA-AS0007S)","79,500"
"1784054179-489","https://www.olizstore.com/brands","https://www.olizstore.com/brand/orient-watch-prices-in-nepal","https://www.olizstore.com/product/orient:-mechanical-classic-watch-leather-strap-42.0mm-(ra-as0010s)","https://wsrv.nl/?w=560&url=https://cdn2.blanxer.com/uploads/682feff88c633f25b4c7ce32/product_image-orient-mechanical-classic-watch-leather-strap-405mm-(ra-ap0003s)-7515.webp","ORIENT: Mechanical Classic Watch, Leather Strap - 42.0mm (RA-AS0010S)","79,500"
"1784054181-490","https://www.olizstore.com/brands","https://www.olizstore.com/brand/orient-watch-prices-in-nepal","https://www.olizstore.com/product/orient:-mechanical-classic-watch-leather-strap-42.0mm-(ra-as0011s)","https://wsrv.nl/?w=560&url=https://cdn2.blanxer.com/uploads/682feff88c633f25b4c7ce32/product_image-orient-mechanical-classic-watch-leather-strap-405mm-(ra-ap0003s)-7515.webp","ORIENT: Mechanical Classic Watch, Leather Strap - 42.0mm (RA-AS0011S)","79,500"
"1784054183-491","https://www.olizstore.com/brands","https://www.olizstore.com/brand/orient-watch-prices-in-nepal","https://www.olizstore.com/product/orient:-mechanical-classic-watch-leather-strap-42.5mm-(ra-ak0009t)","https://wsrv.nl/?w=560&url=https://cdn2.blanxer.com/uploads/682feff88c633f25b4c7ce32/product_image-orient-mechanical-classic-watch-leather-strap-405mm-(ra-ap0003s)-7515.webp","ORIENT: Mechanical Classic Watch, Leather Strap - 42.5mm (RA-AK0009T)","79,500"
"1784054185-492","https://www.olizstore.com/brands","https://www.olizstore.com/brand/orient-watch-prices-in-nepal","https://www.olizstore.com/product/orient:-mechanical-classic-watch-leather-strap-42.5mm-(ra-ak0010b)","https://wsrv.nl/?w=560&url=https://cdn2.blanxer.com/uploads/682feff88c633f25b4c7ce32/product_image-orient-mechanical-classic-watch-leather-strap-405mm-(ra-ap0003s)-7515.webp","ORIENT: Mechanical Classic Watch, Leather Strap - 42.5mm (RA-AK0010B)","79,500"
"1784054187-493","https://www.olizstore.com/brands","https://www.olizstore.com/brand/orient-watch-prices-in-nepal","https://www.olizstore.com/product/orient:-mechanical-classic-watch-leather-strap-41.5mm-(ra-ak0801s)","https://wsrv.nl/?w=560&url=https://cdn2.blanxer.com/uploads/682feff88c633f25b4c7ce32/product_image-orient-mechanical-classic-watch-leather-strap-405mm-(ra-ap0003s)-7515.webp","ORIENT: Mechanical Classic Watch, Leather Strap - 41.5mm (RA-AK0801S)","89,000"
"1784054189-494","https://www.olizstore.com/brands","https://www.olizstore.com/brand/orient-watch-prices-in-nepal","https://www.olizstore.com/product/orient:-mechanical-classic-watch-leather-strap-41.5mm-(ra-ak0803y)","https://wsrv.nl/?w=560&url=https://cdn2.blanxer.com/uploads/682feff88c633f25b4c7ce32/product_image-orient-mechanical-classic-watch-leather-strap-405mm-(ra-ap0003s)-7515.webp","ORIENT: Mechanical Classic Watch, Leather Strap - 41.5mm (RA-AK0803Y)","86,500"
"1784054191-495","https://www.olizstore.com/brands","https://www.olizstore.com/brand/orient-watch-prices-in-nepal","https://www.olizstore.com/product/orient:-mechanical-classic-watch-leather-strap-40.5mm-(ra-ak0705r)","https://wsrv.nl/?w=560&url=https://cdn2.blanxer.com/uploads/682feff88c633f25b4c7ce32/product_image-orient-mechanical-classic-watch-leather-strap-405mm-(ra-ap0003s)-7515.webp","ORIENT: Mechanical Classic Watch, Leather Strap - 40.5mm (RA-AK0705R)","53,500"
"1784054194-496","https://www.olizstore.com/brands","https://www.olizstore.com/brand/orient-watch-prices-in-nepal","https://www.olizstore.com/product/orient:-mechanical-classic-watch-leather-strap-38.4mm-(ra-ap0104s)","https://wsrv.nl/?w=560&url=https://cdn2.blanxer.com/uploads/682feff88c633f25b4c7ce32/product_image-orient-mechanical-classic-watch-leather-strap-405mm-(ra-ap0003s)-7515.webp","ORIENT: Mechanical Classic Watch, Leather Strap - 38.4mm (RA-AP0104S)","54,500"
"1784054196-497","https://www.olizstore.com/brands","https://www.olizstore.com/brand/orient-watch-prices-in-nepal","https://www.olizstore.com/product/orient:-mechanical-classic-watch-leather-strap-38.4mm-(ra-ap0105y)","https://wsrv.nl/?w=560&url=https://cdn2.blanxer.com/uploads/682feff88c633f25b4c7ce32/product_image-orient-mechanical-classic-watch-leather-strap-405mm-(ra-ap0003s)-7515.webp","ORIENT: Mechanical Classic Watch, Leather Strap - 38.4mm (RA-AP0105Y)","55,000"
"1784054198-498","https://www.olizstore.com/brands","https://www.olizstore.com/brand/orient-watch-prices-in-nepal","https://www.olizstore.com/product/orient:-mechanical-classic-watch-synthetic-leather-strap-42.0mm-(ra-ac0p01e)","https://wsrv.nl/?w=560&url=https://cdn2.blanxer.com/uploads/682feff88c633f25b4c7ce32/product_image-orient-mechanical-classic-watch-leather-strap-405mm-(ra-ap0003s)-7515.webp","ORIENT: Mechanical Classic Watch, Synthetic leather Strap - 42.0mm (RA-AC0P01E)","49,500"
"1784054200-499","https://www.olizstore.com/brands","https://www.olizstore.com/brand/orient-watch-prices-in-nepal","https://www.olizstore.com/product/orient-automatic-mens-watch-41mm(tac00007w0)","https://wsrv.nl/?w=560&url=https://cdn2.blanxer.com/uploads/682feff88c633f25b4c7ce32/product_image-orient-mechanical-classic-watch-leather-strap-405mm-(ra-ap0003s)-7515.webp","Orient Automatic Mens Watch 41mm(TAC00007W0)","67,500"
"1784054202-500","https://www.olizstore.com/brands","https://www.olizstore.com/brand/orient-watch-prices-in-nepal","https://www.olizstore.com/product/orient-automatic-mens-watch-41mm(tac00008w0)","https://wsrv.nl/?w=560&url=https://cdn2.blanxer.com/uploads/682feff88c633f25b4c7ce32/product_image-orient-mechanical-classic-watch-leather-strap-405mm-(ra-ap0003s)-7515.webp","Orient Automatic Mens Watch 41mm(TAC00008W0)","55,400"
"1784054204-501","https://www.olizstore.com/brands","https://www.olizstore.com/brand/orient-watch-prices-in-nepal","https://www.olizstore.com/product/orient:-mechanical-classic-watch-leather-strap-40.5mm-(tac0000ab0)","https://wsrv.nl/?w=560&url=https://cdn2.blanxer.com/uploads/682feff88c633f25b4c7ce32/product_image-orient-mechanical-classic-watch-leather-strap-405mm-(ra-ap0003s)-7515.webp","ORIENT: Mechanical Classic Watch Leather Strap, 40.5mm (TAC0000AB0)","55,400"
"1784054206-502","https://www.olizstore.com/brands","https://www.olizstore.com/brand/orient-watch-prices-in-nepal","https://www.olizstore.com/product/orient:-mechanical-contemporary-watch-metal-strap-41.6mm-(ra-ac0f09l)","https://wsrv.nl/?w=560&url=https://cdn2.blanxer.com/uploads/682feff88c633f25b4c7ce32/product_image-orient-mechanical-classic-watch-leather-strap-405mm-(ra-ap0003s)-7515.webp","ORIENT: Mechanical Contemporary Watch, Metal Strap - 41.6mm (RA-AC0F09L)","45,500"
"1784054209-503","https://www.olizstore.com/brands","https://www.olizstore.com/brand/orient-watch-prices-in-nepal","https://www.olizstore.com/product/orient:-mechanical-contemporary-watch-metal-strap-41.6mm-(ra-ac0f10s)","https://wsrv.nl/?w=560&url=https://cdn2.blanxer.com/uploads/682feff88c633f25b4c7ce32/product_image-orient-mechanical-classic-watch-leather-strap-405mm-(ra-ap0003s)-7515.webp","ORIENT: Mechanical Contemporary Watch, Metal Strap - 41.6mm (RA-AC0F10S)","45,500"
"1784054211-504","https://www.olizstore.com/brands","https://www.olizstore.com/brand/orient-watch-prices-in-nepal","https://www.olizstore.com/product/orient:-mechanical-contemporary-watch-leather-strap-41.6mm-(ra-ac0f12s)","https://wsrv.nl/?w=560&url=https://cdn2.blanxer.com/uploads/682feff88c633f25b4c7ce32/product_image-orient-mechanical-classic-watch-leather-strap-405mm-(ra-ap0003s)-7515.webp","ORIENT: Mechanical Contemporary Watch, Leather Strap - 41.6mm (RA-AC0F12S)","45,500"
"1784054213-505","https://www.olizstore.com/brands","https://www.olizstore.com/brand/orient-watch-prices-in-nepal","https://www.olizstore.com/product/orient:-mechanical-contemporary-watch-metal-strap-41.5mm-(ra-ak0306s)","https://wsrv.nl/?w=560&url=https://cdn2.blanxer.com/uploads/682feff88c633f25b4c7ce32/product_image-orient-mechanical-classic-watch-leather-strap-405mm-(ra-ap0003s)-7515.webp","ORIENT: Mechanical Contemporary Watch, Metal Strap - 41.5mm (RA-AK0306S)","65,000"
"1784054215-506","https://www.olizstore.com/brands","https://www.olizstore.com/brand/orient-watch-prices-in-nepal","https://www.olizstore.com/product/orient:-mechanical-contemporary-watch-metal-strap-41.5mm-(ra-ak0307b)","https://wsrv.nl/?w=560&url=https://cdn2.blanxer.com/uploads/682feff88c633f25b4c7ce32/product_image-orient-mechanical-classic-watch-leather-strap-405mm-(ra-ap0003s)-7515.webp","ORIENT: Mechanical Contemporary Watch, Metal Strap - 41.5mm (RA-AK0307B)","59,500"
"1784054217-507","https://www.olizstore.com/brands","https://www.olizstore.com/brand/orient-watch-prices-in-nepal","https://www.olizstore.com/product/orient:-mechanical-contemporary-watch-metal-strap-41.5mm-(ra-ak0308l)","https://wsrv.nl/?w=560&url=https://cdn2.blanxer.com/uploads/682feff88c633f25b4c7ce32/product_image-orient-mechanical-classic-watch-leather-strap-405mm-(ra-ap0003s)-7515.webp","ORIENT: Mechanical Contemporary Watch, Metal Strap - 41.5mm (RA-AK0308L)","77,000"
"1784054219-508","https://www.olizstore.com/brands","https://www.olizstore.com/brand/orient-watch-prices-in-nepal","https://www.olizstore.com/product/orient:-mechanical-contemporary-watch-leather-strap-41.5mm-(ra-ak0309b)","https://wsrv.nl/?w=560&url=https://cdn2.blanxer.com/uploads/682feff88c633f25b4c7ce32/product_image-orient-mechanical-classic-watch-leather-strap-405mm-(ra-ap0003s)-7515.webp","ORIENT: Mechanical Contemporary Watch, Leather Strap - 41.5mm (RA-AK0309B)","62,500"
"1784054221-509","https://www.olizstore.com/brands","https://www.olizstore.com/brand/orient-watch-prices-in-nepal","https://www.olizstore.com/product/orient:-mechanical-contemporary-watch-leather-strap-41.5mm-(ra-ak0310s)","https://wsrv.nl/?w=560&url=https://cdn2.blanxer.com/uploads/682feff88c633f25b4c7ce32/product_image-orient-mechanical-classic-watch-leather-strap-405mm-(ra-ap0003s)-7515.webp","ORIENT: Mechanical Contemporary Watch, Leather Strap - 41.5mm (RA-AK0310S)","55,500"
"1784054224-510","https://www.olizstore.com/brands","https://www.olizstore.com/brand/orient-watch-prices-in-nepal","https://www.olizstore.com/product/orient:-mechanical-contemporary-watch-metal-strap-40.8mm-(ra-ar0003l)","https://wsrv.nl/?w=560&url=https://cdn2.blanxer.com/uploads/682feff88c633f25b4c7ce32/product_image-orient-mechanical-classic-watch-leather-strap-405mm-(ra-ap0003s)-7515.webp","ORIENT: Mechanical Contemporary Watch, Metal Strap - 40.8mm (RA-AR0003L)","60,600"
"1784054226-511","https://www.olizstore.com/brands","https://www.olizstore.com/brand/orient-watch-prices-in-nepal","https://www.olizstore.com/product/orient:-mechanical-contemporary-watch-leather-strap-40.8mm-(ra-ar0005y)","https://wsrv.nl/?w=560&url=https://cdn2.blanxer.com/uploads/682feff88c633f25b4c7ce32/product_image-orient-mechanical-classic-watch-leather-strap-405mm-(ra-ap0003s)-7515.webp","ORIENT: Mechanical Contemporary Watch, Leather Strap - 40.8mm (RA-AR0005Y)","73,500"
"1784054228-512","https://www.olizstore.com/brands","https://www.olizstore.com/brand/orient-watch-prices-in-nepal","https://www.olizstore.com/product/orient:-mechanical-contemporary-watch-sus316l-strap-40.8mm-(ra-ar0008e)","https://wsrv.nl/?w=560&url=https://cdn2.blanxer.com/uploads/682feff88c633f25b4c7ce32/product_image-orient-mechanical-classic-watch-leather-strap-405mm-(ra-ap0003s)-7515.webp","ORIENT: Mechanical Contemporary Watch, SUS316L Strap - 40.8mm (RA-AR0008E)","69,500"
"1784054230-513","https://www.olizstore.com/brands","https://www.olizstore.com/brand/orient-watch-prices-in-nepal","https://www.olizstore.com/product/orient:-mechanical-contemporary-watch-sus316l-strap-40.8mm-(ra-ar0010r)","https://wsrv.nl/?w=560&url=https://cdn2.blanxer.com/uploads/682feff88c633f25b4c7ce32/product_image-orient-mechanical-classic-watch-leather-strap-405mm-(ra-ap0003s)-7515.webp","ORIENT: Mechanical Contemporary Watch, SUS316L Strap - 40.8mm (RA-AR0010R)","79,000"
"1784054232-514","https://www.olizstore.com/brands","https://www.olizstore.com/brand/orient-watch-prices-in-nepal","https://www.olizstore.com/product/orient:-mechanical-contemporary-watch-leather-strap-35.6mm-(ra-ag0017y)","https://wsrv.nl/?w=560&url=https://cdn2.blanxer.com/uploads/682feff88c633f25b4c7ce32/product_image-orient-mechanical-classic-watch-leather-strap-405mm-(ra-ap0003s)-7515.webp","ORIENT: Mechanical Contemporary Watch, Leather Strap - 35.6mm (RA-AG0017Y)","72,500"
"1784054234-515","https://www.olizstore.com/brands","https://www.olizstore.com/brand/orient-watch-prices-in-nepal","https://www.olizstore.com/product/orient:-mechanical-contemporary-watch-leather-strap-35.6mm-(ra-ag0018l)","https://wsrv.nl/?w=560&url=https://cdn2.blanxer.com/uploads/682feff88c633f25b4c7ce32/product_image-orient-mechanical-classic-watch-leather-strap-405mm-(ra-ap0003s)-7515.webp","ORIENT: Mechanical Contemporary Watch, Leather Strap - 35.6mm (RA-AG0018L)","47,500"
"1784054236-516","https://www.olizstore.com/brands","https://www.olizstore.com/brand/orient-watch-prices-in-nepal","https://www.olizstore.com/product/orient:-mechanical-contemporary-watch-leather-strap-35.6mm-(ra-ag0019b)","https://wsrv.nl/?w=560&url=https://cdn2.blanxer.com/uploads/682feff88c633f25b4c7ce32/product_image-orient-mechanical-classic-watch-leather-strap-405mm-(ra-ap0003s)-7515.webp","ORIENT: Mechanical Contemporary Watch, Leather Strap - 35.6mm (RA-AG0019B)","68,000"
"1784054239-517","https://www.olizstore.com/brands","https://www.olizstore.com/brand/orient-watch-prices-in-nepal","https://www.olizstore.com/product/orient:-mechanical-contemporary-watch-metal-strap-32.0mm-(ra-nb0101b)","https://wsrv.nl/?w=560&url=https://cdn2.blanxer.com/uploads/682feff88c633f25b4c7ce32/product_image-orient-mechanical-classic-watch-leather-strap-405mm-(ra-ap0003s)-7515.webp","ORIENT: Mechanical Contemporary Watch, Metal Strap - 32.0mm (RA-NB0101B)","32,500"
"1784054241-518","https://www.olizstore.com/brands","https://www.olizstore.com/brand/orient-watch-prices-in-nepal","https://www.olizstore.com/product/orient:-mechanical-contemporary-watch-metal-strap-32.0mm-(ra-nb0103s)","https://wsrv.nl/?w=560&url=https://cdn2.blanxer.com/uploads/682feff88c633f25b4c7ce32/product_image-orient-mechanical-classic-watch-leather-strap-405mm-(ra-ap0003s)-7515.webp","ORIENT: Mechanical Contemporary Watch, Metal Strap - 32.0mm (RA-NB0103S)","38,500"
"1784054243-519","https://www.olizstore.com/brands","https://www.olizstore.com/brand/orient-watch-prices-in-nepal","https://www.olizstore.com/product/orient:-mechanical-contemporary-watch-leather-strap-32.0mm-(ra-nb0105s)","https://wsrv.nl/?w=560&url=https://cdn2.blanxer.com/uploads/682feff88c633f25b4c7ce32/product_image-orient-mechanical-classic-watch-leather-strap-405mm-(ra-ap0003s)-7515.webp","ORIENT: Mechanical Contemporary Watch, Leather Strap - 32.0mm (RA-NB0105S)","32,500"
"1784054245-520","https://www.olizstore.com/brands","https://www.olizstore.com/brand/orient-watch-prices-in-nepal","https://www.olizstore.com/product/orient:-mechanical-sports-watch-metal-strap-44.0mm-(ra-aa0008b)","https://wsrv.nl/?w=560&url=https://cdn2.blanxer.com/uploads/682feff88c633f25b4c7ce32/product_image-orient-mechanical-classic-watch-leather-strap-405mm-(ra-ap0003s)-7515.webp","ORIENT: Mechanical Sports Watch, Metal Strap - 44.0mm (RA-AA0008B)","49,500"
"1784054247-521","https://www.olizstore.com/brands","https://www.olizstore.com/brand/orient-watch-prices-in-nepal","https://www.olizstore.com/product/orient:-mechanical-sports-watch-metal-strap-39.9mm-(ra-ac0q01b)","https://wsrv.nl/?w=560&url=https://cdn2.blanxer.com/uploads/682feff88c633f25b4c7ce32/product_image-orient-mechanical-classic-watch-leather-strap-405mm-(ra-ap0003s)-7515.webp","ORIENT: Mechanical Sports Watch, Metal Strap - 39.9mm (RA-AC0Q01B)","63,500"
"1784054249-522","https://www.olizstore.com/brands","https://www.olizstore.com/brand/orient-watch-prices-in-nepal","https://www.olizstore.com/product/orient:-mechanical-sports-watch-metal-strap-39.9mm-(ra-ac0q02l)","https://wsrv.nl/?w=560&url=https://cdn2.blanxer.com/uploads/682feff88c633f25b4c7ce32/product_image-orient-mechanical-classic-watch-leather-strap-405mm-(ra-ap0003s)-7515.webp","ORIENT: Mechanical Sports Watch, Metal Strap - 39.9mm (RA-AC0Q02L)","63,500"
"1784054251-523","https://www.olizstore.com/brands","https://www.olizstore.com/brand/orient-watch-prices-in-nepal","https://www.olizstore.com/product/orient:-mechanical-sports-watch-metal-strap-39.9mm-(ra-ac0q03s)","https://wsrv.nl/?w=560&url=https://cdn2.blanxer.com/uploads/682feff88c633f25b4c7ce32/product_image-orient-mechanical-classic-watch-leather-strap-405mm-(ra-ap0003s)-7515.webp","ORIENT: Mechanical Sports Watch, Metal Strap - 39.9mm (RA-AC0Q03S)","63,500"
"1784054254-524","https://www.olizstore.com/brands","https://www.olizstore.com/brand/orient-watch-prices-in-nepal","https://www.olizstore.com/product/orient:-mechanical-sports-watch-leather-strap-39.9mm-(ra-ac0q07v)","https://wsrv.nl/?w=560&url=https://cdn2.blanxer.com/uploads/682feff88c633f25b4c7ce32/product_image-orient-mechanical-classic-watch-leather-strap-405mm-(ra-ap0003s)-7515.webp","ORIENT: Mechanical Sports Watch, Leather Strap - 39.9mm (RA-AC0Q07V)","63,500"
"1784054256-525","https://www.olizstore.com/brands","https://www.olizstore.com/brand/orient-watch-prices-in-nepal","https://www.olizstore.com/product/orient:-quartz-sports-watch-metal-strap-42.8mm-(ra-tx0203s)","https://wsrv.nl/?w=560&url=https://cdn2.blanxer.com/uploads/682feff88c633f25b4c7ce32/product_image-orient-mechanical-classic-watch-leather-strap-405mm-(ra-ap0003s)-7515.webp","ORIENT: Quartz Sports Watch, Metal Strap - 42.8mm (RA-TX0203S)","49,500"
"1784054258-526","https://www.olizstore.com/brands","https://www.olizstore.com/brand/orient-watch-prices-in-nepal","https://www.olizstore.com/product/orient:-quartz-sports-watch-metal-strap-39.9mm-(ra-wj0001e)","https://wsrv.nl/?w=560&url=https://cdn2.blanxer.com/uploads/682feff88c633f25b4c7ce32/product_image-orient-mechanical-classic-watch-leather-strap-405mm-(ra-ap0003s)-7515.webp","ORIENT: Quartz Sports Watch, Metal Strap - 39.9mm (RA-WJ0001E)","49,500"
"1784054260-527","https://www.olizstore.com/brands","https://www.olizstore.com/brand/orient-watch-prices-in-nepal","https://www.olizstore.com/product/orient:-quartz-sports-watch-metal-strap-39.9mm-(ra-wj0002l)","https://wsrv.nl/?w=560&url=https://cdn2.blanxer.com/uploads/682feff88c633f25b4c7ce32/product_image-orient-mechanical-classic-watch-leather-strap-405mm-(ra-ap0003s)-7515.webp","ORIENT: Quartz Sports Watch, Metal Strap - 39.9mm (RA-WJ0002L)","49,500"
"1784054262-528","https://www.olizstore.com/brands","https://www.olizstore.com/brand/orient-watch-prices-in-nepal","https://www.olizstore.com/product/orient:-quartz-sports-watch-metal-strap-39.9mm-(ra-wj0003s)","https://wsrv.nl/?w=560&url=https://cdn2.blanxer.com/uploads/682feff88c633f25b4c7ce32/product_image-orient-mechanical-classic-watch-leather-strap-405mm-(ra-ap0003s)-7515.webp","ORIENT: Quartz Sports Watch, Metal Strap - 39.9mm (RA-WJ0003S)","49,500"
"1784054264-529","https://www.olizstore.com/brands","https://www.olizstore.com/brand/orient-watch-prices-in-nepal","https://www.olizstore.com/product/orient:-quartz-sports-watch-metal-strap-39.9mm-(ra-wj0004y)","https://wsrv.nl/?w=560&url=https://cdn2.blanxer.com/uploads/682feff88c633f25b4c7ce32/product_image-orient-mechanical-classic-watch-leather-strap-405mm-(ra-ap0003s)-7515.webp","ORIENT: Quartz Sports Watch, Metal Strap - 39.9mm (RA-WJ0004Y)","49,500"
"1784054266-530","https://www.olizstore.com/brands","https://www.olizstore.com/brand/orient-watch-prices-in-nepal","https://www.olizstore.com/product/orient:-mechanical-revival-watch-metal-strap-43.5mm-(ra-aa0e01s)","https://wsrv.nl/?w=560&url=https://cdn2.blanxer.com/uploads/682feff88c633f25b4c7ce32/product_image-orient-mechanical-classic-watch-leather-strap-405mm-(ra-ap0003s)-7515.webp","ORIENT: Mechanical Revival Watch, Metal Strap - 43.5mm (RA-AA0E01S)","79,500"
"1784054269-531","https://www.olizstore.com/brands","https://www.olizstore.com/brand/orient-watch-prices-in-nepal","https://www.olizstore.com/product/orient:-mechanical-revival-watch-metal-strap-43.5mm-(ra-aa0e02e)","https://wsrv.nl/?w=560&url=https://cdn2.blanxer.com/uploads/682feff88c633f25b4c7ce32/product_image-orient-mechanical-classic-watch-leather-strap-405mm-(ra-ap0003s)-7515.webp","ORIENT: Mechanical Revival Watch, Metal Strap - 43.5mm (RA-AA0E02E)","79,500"
"1784054271-532","https://www.olizstore.com/brands","https://www.olizstore.com/brand/orient-watch-prices-in-nepal","https://www.olizstore.com/product/orient:-mechanical-revival-watch-metal-strap-43.5mm-(ra-aa0e03l)","https://wsrv.nl/?w=560&url=https://cdn2.blanxer.com/uploads/682feff88c633f25b4c7ce32/product_image-orient-mechanical-classic-watch-leather-strap-405mm-(ra-ap0003s)-7515.webp","ORIENT: Mechanical Revival Watch, Metal Strap - 43.5mm (RA-AA0E03L)","79,500"
"1784054273-533","https://www.olizstore.com/brands","https://www.olizstore.com/brand/orient-watch-prices-in-nepal","https://www.olizstore.com/product/orient:-mechanical-sports-watch-metal-strap-43.5mm-(ra-aa0e05b)","https://wsrv.nl/?w=560&url=https://cdn2.blanxer.com/uploads/682feff88c633f25b4c7ce32/product_image-orient-mechanical-classic-watch-leather-strap-405mm-(ra-ap0003s)-7515.webp","ORIENT: Mechanical Sports Watch, Metal Strap - 43.5mm (RA-AA0E05B)","79,500"
"1784054275-534","https://www.olizstore.com/brands","https://www.olizstore.com/brand/orient-watch-prices-in-nepal","https://www.olizstore.com/product/orient:-mechanical-sports-watch-leather-strap-43.5mm-(ra-aa0e06b)","https://wsrv.nl/?w=560&url=https://cdn2.blanxer.com/uploads/682feff88c633f25b4c7ce32/product_image-orient-mechanical-classic-watch-leather-strap-405mm-(ra-ap0003s)-7515.webp","ORIENT: Mechanical Sports Watch, Leather Strap - 43.5mm (RA-AA0E06B)","69,600"
"1784054277-535","https://www.olizstore.com/brands","https://www.olizstore.com/brand/orient-watch-prices-in-nepal","https://www.olizstore.com/product/orient:-mechanical-revival-watch-leather-strap-40.8mm-(ra-ar0202e)","https://wsrv.nl/?w=560&url=https://cdn2.blanxer.com/uploads/682feff88c633f25b4c7ce32/product_image-orient-mechanical-classic-watch-leather-strap-405mm-(ra-ap0003s)-7515.webp","ORIENT: Mechanical Revival Watch, Leather Strap - 40.8mm (RA-AR0202E)","88,500"
"1784054279-536","https://www.olizstore.com/brands","https://www.olizstore.com/brand/orient-watch-prices-in-nepal","https://www.olizstore.com/product/orient:-mechanical-sports-watch-leather-strap-39.9mm-(ra-ac0q05p)","https://wsrv.nl/?w=560&url=https://cdn2.blanxer.com/uploads/682feff88c633f25b4c7ce32/product_image-orient-mechanical-classic-watch-leather-strap-405mm-(ra-ap0003s)-7515.webp","ORIENT: Mechanical Sports Watch, Leather Strap - 39.9mm (RA-AC0Q05P)","63,500"
"1784054281-537","https://www.olizstore.com/brands","https://www.olizstore.com/brand/orient-watch-prices-in-nepal","https://www.olizstore.com/product/orient-ray-raven-ii-automatic-black-dial-men's-watch-(faa02003b9)","https://wsrv.nl/?w=560&url=https://cdn2.blanxer.com/uploads/682feff88c633f25b4c7ce32/product_image-orient-mechanical-classic-watch-leather-strap-405mm-(ra-ap0003s)-7515.webp","Orient Ray Raven II Automatic Black Dial Men's Watch (FAA02003B9)","58,400"
"1784054284-538","https://www.olizstore.com/brands","https://www.olizstore.com/brand/orient-watch-prices-in-nepal","https://www.olizstore.com/product/orient-sports-ray-ii-automatic-(taa02006m9)","https://wsrv.nl/?w=560&url=https://cdn2.blanxer.com/uploads/682feff88c633f25b4c7ce32/product_image-orient-mechanical-classic-watch-leather-strap-405mm-(ra-ap0003s)-7515.webp","Orient Sports Ray II Automatic (TAA02006M9)","52,500"
"1784054286-539","https://www.olizstore.com/brands","https://www.olizstore.com/brand/orient-watch-prices-in-nepal","https://www.olizstore.com/product/orient-automatic-mens-watch-41mm-(tac00009n0)","https://wsrv.nl/?w=560&url=https://cdn2.blanxer.com/uploads/682feff88c633f25b4c7ce32/product_image-orient-mechanical-classic-watch-leather-strap-405mm-(ra-ap0003s)-7515.webp","Orient Automatic Mens Watch 41mm (TAC00009N0)","55,400"
"1784054288-540","https://www.olizstore.com/brands","https://www.olizstore.com/brand/orient-watch-prices-in-nepal","https://www.olizstore.com/product/orient-bambino-automatic-version-2-(tac00009w)","https://wsrv.nl/?w=560&url=https://cdn2.blanxer.com/uploads/682feff88c633f25b4c7ce32/product_image-orient-mechanical-classic-watch-leather-strap-405mm-(ra-ap0003s)-7515.webp","Orient Bambino Automatic Version 2 (TAC00009W0)","55,400"
"1784054290-541","https://www.olizstore.com/brands","https://www.olizstore.com/brand/orient-watch-prices-in-nepal","https://www.olizstore.com/product/orient:-mechanical-sports-watch-metal-strap-41.8mm-(ra-aa0823l)-limited","https://wsrv.nl/?w=560&url=https://cdn2.blanxer.com/uploads/682feff88c633f25b4c7ce32/product_image-orient-mechanical-classic-watch-leather-strap-405mm-(ra-ap0003s)-7515.webp","ORIENT: Mechanical Sports Watch, Metal Strap - 41.8mm (RA-AA0823L) Limited","69,500"
"1784054292-542","https://www.olizstore.com/brands","https://www.olizstore.com/brand/orient-watch-prices-in-nepal","https://www.olizstore.com/product/orient:-mechanical-classic-watch-leather-strap-40.5mm-(ra-ac0023e)","https://wsrv.nl/?w=560&url=https://cdn2.blanxer.com/uploads/682feff88c633f25b4c7ce32/product_image-orient-mechanical-classic-watch-leather-strap-405mm-(ra-ap0003s)-7515.webp","ORIENT: Mechanical Classic Watch, Leather Strap - 40.5mm (RA-AC0023E)","54,500"
"1784054294-543","https://www.olizstore.com/brands","https://www.olizstore.com/brand/orient-watch-prices-in-nepal","https://www.olizstore.com/product/orient:-mechanical-classic-watch-leather-strap-40.5mm-(ra-ac0024l)","https://wsrv.nl/?w=560&url=https://cdn2.blanxer.com/uploads/682feff88c633f25b4c7ce32/product_image-orient-mechanical-classic-watch-leather-strap-405mm-(ra-ap0003s)-7515.webp","ORIENT: Mechanical Classic Watch, Leather Strap - 40.5mm (RA-AC0024L)","54,500"
"1784054296-544","https://www.olizstore.com/brands","https://www.olizstore.com/brand/orient-watch-prices-in-nepal","https://www.olizstore.com/product/orient:-mechanical-classic-watch-leather-strap-40.5mm-(ra-ac0025n)","https://wsrv.nl/?w=560&url=https://cdn2.blanxer.com/uploads/682feff88c633f25b4c7ce32/product_image-orient-mechanical-classic-watch-leather-strap-405mm-(ra-ap0003s)-7515.webp","ORIENT: Mechanical Classic Watch, Leather Strap - 40.5mm (RA-AC0025N)","54,500"
"1784054298-545","https://www.olizstore.com/brands","https://www.olizstore.com/brand/orient-watch-prices-in-nepal","https://www.olizstore.com/product/orient:-mechanical-classic-watch-leather-strap-40.5mm-(ra-ac0026r)","https://wsrv.nl/?w=560&url=https://cdn2.blanxer.com/uploads/682feff88c633f25b4c7ce32/product_image-orient-mechanical-classic-watch-leather-strap-405mm-(ra-ap0003s)-7515.webp","ORIENT: Mechanical Classic Watch, Leather Strap - 40.5mm (RA-AC0026R)","54,500"
"1784054301-546","https://www.olizstore.com/brands","https://www.olizstore.com/brand/orient-watch-prices-in-nepal","https://www.olizstore.com/product/orient:-mechanical-classic-watch-leather-strap-40.5mm-(ra-ac0027s)-limited","https://wsrv.nl/?w=560&url=https://cdn2.blanxer.com/uploads/682feff88c633f25b4c7ce32/product_image-orient-mechanical-classic-watch-leather-strap-405mm-(ra-ap0003s)-7515.webp","ORIENT: Mechanical Classic Watch, Leather Strap - 40.5mm (RA-AC0027S) Limited","66,000"
"1784054303-547","https://www.olizstore.com/brands","https://www.olizstore.com/brand/orient-watch-prices-in-nepal","https://www.olizstore.com/product/orient:-mechanical-sports-watch-leather-strap-39.9mm-(ra-ac0q08s)-limited","https://wsrv.nl/?w=560&url=https://cdn2.blanxer.com/uploads/682feff88c633f25b4c7ce32/product_image-orient-mechanical-classic-watch-leather-strap-405mm-(ra-ap0003s)-7515.webp","ORIENT: Mechanical Sports Watch, Leather Strap - 39.9mm (RA-AC0Q08S) Limited","69,500"
"1784054305-548","https://www.olizstore.com/brands","https://www.olizstore.com/brand/orient-watch-prices-in-nepal","https://www.olizstore.com/product/orient:-mechanical-sports-watch-metal-strap-39.9mm-(ra-ac0q12l)-limited","https://wsrv.nl/?w=560&url=https://cdn2.blanxer.com/uploads/682feff88c633f25b4c7ce32/product_image-orient-mechanical-classic-watch-leather-strap-405mm-(ra-ap0003s)-7515.webp","ORIENT: Mechanical Sports Watch, Metal Strap - 39.9mm (RA-AC0Q12L) Limited","69,500"
"1784054307-549","https://www.olizstore.com/brands","https://www.olizstore.com/brand/orient-watch-prices-in-nepal","https://www.olizstore.com/product/orient-bambino:-mechanical-classic-watch-leather-strap-38.4mm-(ra-ac0m01s30b)","https://wsrv.nl/?w=560&url=https://cdn2.blanxer.com/uploads/682feff88c633f25b4c7ce32/product_image-orient-mechanical-classic-watch-leather-strap-405mm-(ra-ap0003s)-7515.webp","ORIENT Bambino: Mechanical Classic Watch, Leather Strap – 38.4mm (RA-AC0M01S30B)","71,000"
"1784054309-550","https://www.olizstore.com/brands","https://www.olizstore.com/brand/orient-watch-prices-in-nepal","https://www.olizstore.com/product/orient:-mechanical-classic-watch-leather-strap-41.5mm-(ra-ak0805e)","https://wsrv.nl/?w=560&url=https://cdn2.blanxer.com/uploads/682feff88c633f25b4c7ce32/product_image-orient-mechanical-classic-watch-leather-strap-405mm-(ra-ap0003s)-7515.webp","ORIENT: Mechanical Classic Watch, Leather Strap - 41.5mm (RA-AK0805E)","75,500"
"1784054311-551","https://www.olizstore.com/brands","https://www.olizstore.com/brand/orient-watch-prices-in-nepal","https://www.olizstore.com/product/orient:-mechanical-classic-watch-leather-strap-41.5mm-(ra-ak0806l)","https://wsrv.nl/?w=560&url=https://cdn2.blanxer.com/uploads/682feff88c633f25b4c7ce32/product_image-orient-mechanical-classic-watch-leather-strap-405mm-(ra-ap0003s)-7515.webp","ORIENT: Mechanical Classic Watch, Leather Strap - 41.5mm (RA-AK0806L)","74,500"
"1784054313-552","https://www.olizstore.com/brands","https://www.olizstore.com/brand/orient-watch-prices-in-nepal","https://www.olizstore.com/product/orient:-mechanical-classic-watch-leather-strap-41.5mm-(ra-ak0807r)","https://wsrv.nl/?w=560&url=https://cdn2.blanxer.com/uploads/682feff88c633f25b4c7ce32/product_image-orient-mechanical-classic-watch-leather-strap-405mm-(ra-ap0003s)-7515.webp","ORIENT: Mechanical Classic Watch, Leather Strap - 41.5mm (RA-AK0807R)","74,500"
"1784054316-553","https://www.olizstore.com/brands","https://www.olizstore.com/brand/orient-watch-prices-in-nepal","https://www.olizstore.com/product/orient:-quartz-sports-watch-metal-strap-42.8mm-(ra-tx0210l)-limited","https://wsrv.nl/?w=560&url=https://cdn2.blanxer.com/uploads/682feff88c633f25b4c7ce32/product_image-orient-mechanical-classic-watch-leather-strap-405mm-(ra-ap0003s)-7515.webp","ORIENT: Quartz Sports Watch, Metal Strap - 42.8mm (RA-TX0210L) Limited","59,500"
"1784054318-554","https://www.olizstore.com/brands","https://www.olizstore.com/brand/orient-watch-prices-in-nepal","https://www.olizstore.com/product/orient:-quartz-classic-watch-synthetic-leather-strap-38.4mm-(ra-wk0001s)","https://wsrv.nl/?w=560&url=https://cdn2.blanxer.com/uploads/682feff88c633f25b4c7ce32/product_image-orient-mechanical-classic-watch-leather-strap-405mm-(ra-ap0003s)-7515.webp","ORIENT: Quartz Classic Watch, Synthetic leather Strap - 38.4mm (RA-WK0001S)","45,000"
"1784054320-555","https://www.olizstore.com/brands","https://www.olizstore.com/brand/orient-watch-prices-in-nepal","https://www.olizstore.com/product/orient:-sg60-singapore-edition-600-sets-(ra-ac0m18s30bra-ac0m19s30b)","https://wsrv.nl/?w=560&url=https://cdn2.blanxer.com/uploads/682feff88c633f25b4c7ce32/product_image-orient-mechanical-classic-watch-leather-strap-405mm-(ra-ap0003s)-7515.webp","Orient: SG60 - Singapore Edition 600 Sets (RA-AC0M18S30B/RA-AC0M19S30B)","52,500"
"1784054322-556","https://www.olizstore.com/brands","https://www.olizstore.com/brand/orient-watch-prices-in-nepal","https://www.olizstore.com/product/orient-stretto-solar-powered-ra-wg0601s","https://wsrv.nl/?w=560&url=https://cdn2.blanxer.com/uploads/682feff88c633f25b4c7ce32/product_image-orient-mechanical-classic-watch-leather-strap-405mm-(ra-ap0003s)-7515.webp","Orient Stretto Solar-Powered RA-WG0601S","66,000"
"1784054324-557","https://www.olizstore.com/brands","https://www.olizstore.com/brand/orient-watch-prices-in-nepal","https://www.olizstore.com/product/orient-classic-ra-bb0004y","https://wsrv.nl/?w=560&url=https://cdn2.blanxer.com/uploads/682feff88c633f25b4c7ce32/product_image-orient-mechanical-classic-watch-leather-strap-405mm-(ra-ap0003s)-7515.webp","Orient Classic RA-BB0004Y","69,500"
"1784054326-558","https://www.olizstore.com/brands","https://www.olizstore.com/brand/orient-watch-prices-in-nepal","https://www.olizstore.com/product/orient-classic-ra-ac0039y","https://wsrv.nl/?w=560&url=https://cdn2.blanxer.com/uploads/682feff88c633f25b4c7ce32/product_image-orient-mechanical-classic-watch-leather-strap-405mm-(ra-ap0003s)-7515.webp","Orient Classic RA-AC0039Y","69,500"
"1784054328-559","https://www.olizstore.com/brands","https://www.olizstore.com/brand/orient-watch-prices-in-nepal","https://www.olizstore.com/product/orient-classic-ra-ac0038s","https://wsrv.nl/?w=560&url=https://cdn2.blanxer.com/uploads/682feff88c633f25b4c7ce32/product_image-orient-mechanical-classic-watch-leather-strap-405mm-(ra-ap0003s)-7515.webp","Orient Classic RA-AC0038S","69,500"
"1784054331-560","https://www.olizstore.com/brands","https://www.olizstore.com/brand/orient-watch-prices-in-nepal","https://www.olizstore.com/product/orient-bambino-ra-ac0030l","https://wsrv.nl/?w=560&url=https://cdn2.blanxer.com/uploads/682feff88c633f25b4c7ce32/product_image-orient-mechanical-classic-watch-leather-strap-405mm-(ra-ap0003s)-7515.webp","Orient Bambino RA-AC0030L","69,500"
"1784054333-561","https://www.olizstore.com/brands","https://www.olizstore.com/brand/orient-watch-prices-in-nepal","https://www.olizstore.com/product/orient-stretto-solar-powered-brown-dial-ra-wg0603r","https://wsrv.nl/?w=560&url=https://cdn2.blanxer.com/uploads/682feff88c633f25b4c7ce32/product_image-orient-mechanical-classic-watch-leather-strap-405mm-(ra-ap0003s)-7515.webp","Orient Stretto Solar-Powered Brown Dial RA-WG0603R","49,500"
"1784054335-562","https://www.olizstore.com/brands","https://www.olizstore.com/brand/orient-watch-prices-in-nepal","https://www.olizstore.com/product/orient-stretto-solar-powered-navy-blue-dial-ra-wg0602l","https://wsrv.nl/?w=560&url=https://cdn2.blanxer.com/uploads/682feff88c633f25b4c7ce32/product_image-orient-mechanical-classic-watch-leather-strap-405mm-(ra-ap0003s)-7515.webp","Orient Stretto Solar-Powered Navy Blue Dial RA-WG0602L","49,500"
"1784054337-563","https://www.olizstore.com/brands","https://www.olizstore.com/brand/orient-watch-prices-in-nepal","https://www.olizstore.com/product/orient-stretto-semi-skeleton-grey-dial-ra-ar0012n","https://wsrv.nl/?w=560&url=https://cdn2.blanxer.com/uploads/682feff88c633f25b4c7ce32/product_image-orient-mechanical-classic-watch-leather-strap-405mm-(ra-ap0003s)-7515.webp","Orient Stretto Semi Skeleton Grey Dial RA-AR0012N","82,000"
"1784054339-564","https://www.olizstore.com/brands","https://www.olizstore.com/brand/orient-watch-prices-in-nepal","https://www.olizstore.com/product/orient-automatic-navy-dial-ra-ak0401l","https://wsrv.nl/?w=560&url=https://cdn2.blanxer.com/uploads/682feff88c633f25b4c7ce32/product_image-orient-mechanical-classic-watch-leather-strap-405mm-(ra-ap0003s)-7515.webp","Orient Automatic Navy Dial RA-AK0401L","59,500"
"1784054341-565","https://www.olizstore.com/brands","https://www.olizstore.com/brand/orient-watch-prices-in-nepal","https://www.olizstore.com/product/orient-stretto-day-and-night-ra-ak0316l-multi-color-dial","https://wsrv.nl/?w=560&url=https://cdn2.blanxer.com/uploads/682feff88c633f25b4c7ce32/product_image-orient-mechanical-classic-watch-leather-strap-405mm-(ra-ap0003s)-7515.webp","Orient Stretto Day & Night RA-AK0316L Multi-Color Dial","94,000"
"1784054343-566","https://www.olizstore.com/brands","https://www.olizstore.com/brand/orient-watch-prices-in-nepal","https://www.olizstore.com/product/orient-stretto-day-and-night-ra-ak0315l-navy-blue-dial","https://wsrv.nl/?w=560&url=https://cdn2.blanxer.com/uploads/682feff88c633f25b4c7ce32/product_image-orient-mechanical-classic-watch-leather-strap-405mm-(ra-ap0003s)-7515.webp","Orient Stretto Day & Night RA-AK0315L Navy Blue Dial","89,500"
"1784054346-567","https://www.olizstore.com/brands","https://www.olizstore.com/brand/orient-watch-prices-in-nepal","https://www.olizstore.com/product/orient-stretto-day-and-night-ra-ak0314e-green-dial","https://wsrv.nl/?w=560&url=https://cdn2.blanxer.com/uploads/682feff88c633f25b4c7ce32/product_image-orient-mechanical-classic-watch-leather-strap-405mm-(ra-ap0003s)-7515.webp","Orient Stretto Day & Night RA-AK0314E Green Dial","89,500"
"1784054348-568","https://www.olizstore.com/brands","https://www.olizstore.com/brand/orient-watch-prices-in-nepal","https://www.olizstore.com/product/orient-stretto-day-and-night-ra-ak0313y-brown-dial","https://wsrv.nl/?w=560&url=https://cdn2.blanxer.com/uploads/682feff88c633f25b4c7ce32/product_image-orient-mechanical-classic-watch-leather-strap-405mm-(ra-ap0003s)-7515.webp","Orient Stretto Day & Night RA-AK0313Y Brown Dial","89,500"
"1784054350-569","https://www.olizstore.com/brands","https://www.olizstore.com/brand/orient-watch-prices-in-nepal","https://www.olizstore.com/product/orient-stretto-day-and-night-ra-ak0312s-white-dial","https://wsrv.nl/?w=560&url=https://cdn2.blanxer.com/uploads/682feff88c633f25b4c7ce32/product_image-orient-mechanical-classic-watch-leather-strap-405mm-(ra-ap0003s)-7515.webp","Orient Stretto Day & Night RA-AK0312S White Dial","97,000"
"1784054352-570","https://www.olizstore.com/brands","https://www.olizstore.com/brand/orient-watch-prices-in-nepal","https://www.olizstore.com/product/orient-automatic-sports-ra-ac0k04e-green-dial","https://wsrv.nl/?w=560&url=https://cdn2.blanxer.com/uploads/682feff88c633f25b4c7ce32/product_image-orient-mechanical-classic-watch-leather-strap-405mm-(ra-ap0003s)-7515.webp","Orient Automatic Sports RA-AC0K04E Green Dial","82,000"
"1784054354-571","https://www.olizstore.com/brands","https://www.olizstore.com/brand/orient-watch-prices-in-nepal","https://www.olizstore.com/product/orient-ra-ac0037r-bordeaux-dial","https://wsrv.nl/?w=560&url=https://cdn2.blanxer.com/uploads/682feff88c633f25b4c7ce32/product_image-orient-mechanical-classic-watch-leather-strap-405mm-(ra-ap0003s)-7515.webp","Orient RA-AC0037R Bordeaux Dial","54,500"
"1784054356-572","https://www.olizstore.com/brands","https://www.olizstore.com/brand/orient-watch-prices-in-nepal","https://www.olizstore.com/product/orient-ra-ac0036l-navy-blue-dial","https://wsrv.nl/?w=560&url=https://cdn2.blanxer.com/uploads/682feff88c633f25b4c7ce32/product_image-orient-mechanical-classic-watch-leather-strap-405mm-(ra-ap0003s)-7515.webp","Orient RA-AC0036L Navy Blue Dial","54,500"
"1784054358-573","https://www.olizstore.com/brands","https://www.olizstore.com/brand/orient-watch-prices-in-nepal","https://www.olizstore.com/product/orient-ra-ac0035e-green-dial","https://wsrv.nl/?w=560&url=https://cdn2.blanxer.com/uploads/682feff88c633f25b4c7ce32/product_image-orient-mechanical-classic-watch-leather-strap-405mm-(ra-ap0003s)-7515.webp","Orient RA-AC0035E Green Dial","54,500"
"1784054361-574","https://www.olizstore.com/brands","https://www.olizstore.com/brand/orient-watch-prices-in-nepal","https://www.olizstore.com/product/orient-ra-ac0032v-purple-gradation-dial","https://wsrv.nl/?w=560&url=https://cdn2.blanxer.com/uploads/682feff88c633f25b4c7ce32/product_image-orient-mechanical-classic-watch-leather-strap-405mm-(ra-ap0003s)-7515.webp","Orient RA-AC0032V Purple Gradation Dial","69,500"
"1784054363-575","https://www.olizstore.com/brands","https://www.olizstore.com/brand/orient-watch-prices-in-nepal","https://www.olizstore.com/product/orient-stretto-date-ra-ac0r09l-blue-gradation-dial","https://wsrv.nl/?w=560&url=https://cdn2.blanxer.com/uploads/682feff88c633f25b4c7ce32/product_image-orient-mechanical-classic-watch-leather-strap-405mm-(ra-ap0003s)-7515.webp","Orient Stretto Date RA-AC0R09L Blue Gradation Dial","69,500"
"1784054365-576","https://www.olizstore.com/brands","https://www.olizstore.com/brand/orient-watch-prices-in-nepal","https://www.olizstore.com/product/orient-stretto-date-ra-ac0r08y-orange-dial","https://wsrv.nl/?w=560&url=https://cdn2.blanxer.com/uploads/682feff88c633f25b4c7ce32/product_image-orient-mechanical-classic-watch-leather-strap-405mm-(ra-ap0003s)-7515.webp","Orient Stretto Date RA-AC0R08Y Orange Dial","69,500"
"1784054367-577","https://www.olizstore.com/brands","https://www.olizstore.com/brand/orient-watch-prices-in-nepal","https://www.olizstore.com/product/orient-stretto-date-ra-ac0r07p-pink-dial","https://wsrv.nl/?w=560&url=https://cdn2.blanxer.com/uploads/682feff88c633f25b4c7ce32/product_image-orient-mechanical-classic-watch-leather-strap-405mm-(ra-ap0003s)-7515.webp","Orient Stretto Date RA-AC0R07P Pink Dial","79,000"
"1784054369-578","https://www.olizstore.com/brands","https://www.olizstore.com/brand/orient-watch-prices-in-nepal","https://www.olizstore.com/product/orient-stretto-date-ra-ac0r06l-blue-dial","https://wsrv.nl/?w=560&url=https://cdn2.blanxer.com/uploads/682feff88c633f25b4c7ce32/product_image-orient-mechanical-classic-watch-leather-strap-405mm-(ra-ap0003s)-7515.webp","Orient Stretto Date RA-AC0R06L Blue Dial","69,500"
"1784054371-579","https://www.olizstore.com/brands","https://www.olizstore.com/brand/orient-watch-prices-in-nepal","https://www.olizstore.com/product/orient-stretto-date-ra-ac0r05e-green-dial","https://wsrv.nl/?w=560&url=https://cdn2.blanxer.com/uploads/682feff88c633f25b4c7ce32/product_image-orient-mechanical-classic-watch-leather-strap-405mm-(ra-ap0003s)-7515.webp","Orient Stretto Date RA-AC0R05E Green Dial","69,500"
"1784054373-580","https://www.olizstore.com/brands","https://www.olizstore.com/brand/orient-watch-prices-in-nepal","https://www.olizstore.com/product/orient-stretto-date-ra-ac0r04n-grey-dial","https://wsrv.nl/?w=560&url=https://cdn2.blanxer.com/uploads/682feff88c633f25b4c7ce32/product_image-orient-mechanical-classic-watch-leather-strap-405mm-(ra-ap0003s)-7515.webp","Orient Stretto Date RA-AC0R04N Grey Dial","69,500"
"1784054376-581","https://www.olizstore.com/brands","https://www.olizstore.com/brand/orient-watch-prices-in-nepal","https://www.olizstore.com/product/orient-stretto-date-ra-ac0r03y-brown-dial","https://wsrv.nl/?w=560&url=https://cdn2.blanxer.com/uploads/682feff88c633f25b4c7ce32/product_image-orient-mechanical-classic-watch-leather-strap-405mm-(ra-ap0003s)-7515.webp","Orient Stretto Date RA-AC0R03Y Brown Dial","69,500"
"1784054378-582","https://www.olizstore.com/brands","https://www.olizstore.com/brand/orient-watch-prices-in-nepal","https://www.olizstore.com/product/orient-stretto-date-ra-ac0r02l-navy-blue-dial","https://wsrv.nl/?w=560&url=https://cdn2.blanxer.com/uploads/682feff88c633f25b4c7ce32/product_image-orient-mechanical-classic-watch-leather-strap-405mm-(ra-ap0003s)-7515.webp","Orient Stretto Date RA-AC0R02L Navy Blue Dial","69,500"
"1784054380-583","https://www.olizstore.com/brands","https://www.olizstore.com/brand/orient-watch-prices-in-nepal","https://www.olizstore.com/product/orient-diver-design-40-ra-ac0q17y-copper-gradation-dial","https://wsrv.nl/?w=560&url=https://cdn2.blanxer.com/uploads/682feff88c633f25b4c7ce32/product_image-orient-mechanical-classic-watch-leather-strap-405mm-(ra-ap0003s)-7515.webp","Orient Diver Design 40 RA-AC0Q17Y Copper Gradation Dial","80,000"
"1784054382-584","https://www.olizstore.com/brands","https://www.olizstore.com/brand/orient-watch-prices-in-nepal","https://www.olizstore.com/product/orient-diver-design-40-ra-ac0q16n-grey-gradation-dial","https://wsrv.nl/?w=560&url=https://cdn2.blanxer.com/uploads/682feff88c633f25b4c7ce32/product_image-orient-mechanical-classic-watch-leather-strap-405mm-(ra-ap0003s)-7515.webp","Orient Diver Design 40 RA-AC0Q16N Grey Gradation Dial","69,500"
"1784054384-585","https://www.olizstore.com/brands","https://www.olizstore.com/brand/orient-watch-prices-in-nepal","https://www.olizstore.com/product/orient-diver-design-40-ra-ac0q15y-brown-gradation-dial","https://wsrv.nl/?w=560&url=https://cdn2.blanxer.com/uploads/682feff88c633f25b4c7ce32/product_image-orient-mechanical-classic-watch-leather-strap-405mm-(ra-ap0003s)-7515.webp","Orient Diver Design 40 RA-AC0Q15Y Brown Gradation Dial","69,500"
"1784054386-586","https://www.olizstore.com/brands","https://www.olizstore.com/brand/orient-watch-prices-in-nepal","https://www.olizstore.com/product/orient-diver-design-40-ra-ac0q14l-navy-blue-gradation-dial","https://wsrv.nl/?w=560&url=https://cdn2.blanxer.com/uploads/682feff88c633f25b4c7ce32/product_image-orient-mechanical-classic-watch-leather-strap-405mm-(ra-ap0003s)-7515.webp","Orient Diver Design 40 RA-AC0Q14L Navy Blue Gradation Dial","63,500"
"1784054388-587","https://www.olizstore.com/brands","https://www.olizstore.com/brand/orient-watch-prices-in-nepal","https://www.olizstore.com/product/orient-diver-design-40-ra-ac0q13e-green-dial","https://wsrv.nl/?w=560&url=https://cdn2.blanxer.com/uploads/682feff88c633f25b4c7ce32/product_image-orient-mechanical-classic-watch-leather-strap-405mm-(ra-ap0003s)-7515.webp","Orient Diver Design 40 RA-AC0Q13E Green Dial","69,500"
"1784054391-588","https://www.olizstore.com/brands","https://www.olizstore.com/brand/orient-watch-prices-in-nepal","https://www.olizstore.com/product/orient-diver-design-40-ra-ac0q11e-green-dial","https://wsrv.nl/?w=560&url=https://cdn2.blanxer.com/uploads/682feff88c633f25b4c7ce32/product_image-orient-mechanical-classic-watch-leather-strap-405mm-(ra-ap0003s)-7515.webp","Orient Diver Design 40 RA-AC0Q11E Green Dial","63,500"
"1784054393-589","https://www.olizstore.com/brands","https://www.olizstore.com/brand/orient-watch-prices-in-nepal","https://www.olizstore.com/product/orient-diver-design-40-ra-ac0q10n-grey-dial","https://wsrv.nl/?w=560&url=https://cdn2.blanxer.com/uploads/682feff88c633f25b4c7ce32/product_image-orient-mechanical-classic-watch-leather-strap-405mm-(ra-ap0003s)-7515.webp","Orient Diver Design 40 RA-AC0Q10N Grey Dial","63,500"
"1784054395-590","https://www.olizstore.com/brands","https://www.olizstore.com/brand/orient-watch-prices-in-nepal","https://www.olizstore.com/product/orient-ra-aa0b03l-navy-dial","https://wsrv.nl/?w=560&url=https://cdn2.blanxer.com/uploads/682feff88c633f25b4c7ce32/product_image-orient-mechanical-classic-watch-leather-strap-405mm-(ra-ap0003s)-7515.webp","Orient RA-AA0B03L Navy Dial","54,500"
"1784054397-591","https://www.olizstore.com/brands","https://www.olizstore.com/brand/orient-watch-prices-in-nepal","https://www.olizstore.com/product/orient-ra-aa0b02r-red-dial","https://wsrv.nl/?w=560&url=https://cdn2.blanxer.com/uploads/682feff88c633f25b4c7ce32/product_image-orient-mechanical-classic-watch-leather-strap-405mm-(ra-ap0003s)-7515.webp","Orient RA-AA0B02R Red Dial","54,500"
"1784054399-592","https://www.olizstore.com/brands","https://www.olizstore.com/brand/orient-watch-prices-in-nepal","https://www.olizstore.com/product/orient-diver-design-aa02002d-blue-dial","https://wsrv.nl/?w=560&url=https://cdn2.blanxer.com/uploads/682feff88c633f25b4c7ce32/product_image-orient-mechanical-classic-watch-leather-strap-405mm-(ra-ap0003s)-7515.webp","Orient Diver Design AA02002D Blue Dial","57,500"
"1784054401-593","https://www.olizstore.com/brands","https://www.olizstore.com/brand/orient-watch-prices-in-nepal","https://www.olizstore.com/product/orient-bambino-ra-bb0006n-champagne-dial","https://wsrv.nl/?w=560&url=https://cdn2.blanxer.com/uploads/682feff88c633f25b4c7ce32/product_image-orient-mechanical-classic-watch-leather-strap-405mm-(ra-ap0003s)-7515.webp","Orient Bambino RA-BB0006N Champagne Dial","59,500"
"1784054403-594","https://www.olizstore.com/brands","https://www.olizstore.com/brand/orient-watch-prices-in-nepal","https://www.olizstore.com/product/orient-bambino-ra-bb0003y-yellow-dial","https://wsrv.nl/?w=560&url=https://cdn2.blanxer.com/uploads/682feff88c633f25b4c7ce32/product_image-orient-mechanical-classic-watch-leather-strap-405mm-(ra-ap0003s)-7515.webp","Orient Bambino RA-BB0003Y Yellow Dial","54,500"
"1784054406-595","https://www.olizstore.com/brands","https://www.olizstore.com/brand/orient-watch-prices-in-nepal","https://www.olizstore.com/product/orient-bambino-ra-bb0002s-white-dial","https://wsrv.nl/?w=560&url=https://cdn2.blanxer.com/uploads/682feff88c633f25b4c7ce32/product_image-orient-mechanical-classic-watch-leather-strap-405mm-(ra-ap0003s)-7515.webp","Orient Bambino RA-BB0002S White Dial","54,500"
"1784054408-596","https://www.olizstore.com/brands","https://www.olizstore.com/brand/orient-watch-prices-in-nepal","https://www.olizstore.com/product/orient-bambino-ra-bb0001e-green-dial","https://wsrv.nl/?w=560&url=https://cdn2.blanxer.com/uploads/682feff88c633f25b4c7ce32/product_image-orient-mechanical-classic-watch-leather-strap-405mm-(ra-ap0003s)-7515.webp","Orient Bambino RA-BB0001E Green Dial","54,500"
"1784054410-597","https://www.olizstore.com/brands","https://www.olizstore.com/brand/orient-watch-prices-in-nepal","https://www.olizstore.com/product/orient-bambino-version-7-ra-ac0m16s","https://wsrv.nl/?w=560&url=https://cdn2.blanxer.com/uploads/682feff88c633f25b4c7ce32/product_image-orient-mechanical-classic-watch-leather-strap-405mm-(ra-ap0003s)-7515.webp","Orient Bambino Version 7 RA-AC0M16S","57,500"
"1784054412-598","https://www.olizstore.com/brands","https://www.olizstore.com/brand/orient-watch-prices-in-nepal","https://www.olizstore.com/product/orient-bambino:-mechanical-classic-watch-leather-strap-38.4mm-(ra-ac0m03s30b)","https://wsrv.nl/?w=560&url=https://cdn2.blanxer.com/uploads/682feff88c633f25b4c7ce32/product_image-orient-mechanical-classic-watch-leather-strap-405mm-(ra-ap0003s)-7515.webp","ORIENT Bambino: Mechanical Classic Watch, Leather Strap – 38.4mm (RA-AC0M03S30B)","50,000"
"1784054414-599","https://www.olizstore.com/brands","https://www.olizstore.com/brand/orient-watch-prices-in-nepal","https://www.olizstore.com/product/orient-bambino:-mechanical-classic-watch-leather-strap-41.5mm-(ra-ak0802s)","https://wsrv.nl/?w=560&url=https://cdn2.blanxer.com/uploads/682feff88c633f25b4c7ce32/product_image-orient-mechanical-classic-watch-leather-strap-405mm-(ra-ap0003s)-7515.webp","Orient Bambino: Mechanical Classic Watch, Leather Strap – 41.5mm (RA-AK0802S)","86,500"
"1784054416-600","https://www.olizstore.com/brands","https://www.olizstore.com/brand/orient-watch-prices-in-nepal","https://www.olizstore.com/product/orient-bambino:-mechanical-classic-watch-metal-strap-40.5mm-(ra-ac0019l30b)","https://wsrv.nl/?w=560&url=https://cdn2.blanxer.com/uploads/682feff88c633f25b4c7ce32/product_image-orient-mechanical-classic-watch-leather-strap-405mm-(ra-ap0003s)-7515.webp","ORIENT Bambino: Mechanical Classic Watch, Metal Strap – 40.5mm (RA-AC0019L30B)","69,500"
"1784054418-601","https://www.olizstore.com/brands","https://www.olizstore.com/brand/orient-watch-prices-in-nepal","https://www.olizstore.com/product/orient-envoy-43mm-50m-wr-automatic-watch-(tag00001s0)","https://wsrv.nl/?w=560&url=https://cdn2.blanxer.com/uploads/682feff88c633f25b4c7ce32/product_image-orient-mechanical-classic-watch-leather-strap-405mm-(ra-ap0003s)-7515.webp","Orient Envoy 43mm 50m WR Automatic Watch (TAG00001S0)","60,000"
"1784054421-602","https://www.olizstore.com/brands","https://www.olizstore.com/brand/orient-watch-prices-in-nepal","https://www.olizstore.com/product/orient-stretto-quartz-contemporary-watch-leather-strap-40.0mm-(ra-tx0306s10b)","https://wsrv.nl/?w=560&url=https://cdn2.blanxer.com/uploads/682feff88c633f25b4c7ce32/product_image-orient-mechanical-classic-watch-leather-strap-405mm-(ra-ap0003s)-7515.webp","Orient Stretto Quartz Contemporary Watch, Leather Strap – 40.0mm (RA-TX0306S10B)","52,500"
"1784054423-603","https://www.olizstore.com/brands","https://www.olizstore.com/brand/orient-watch-prices-in-nepal","https://www.olizstore.com/product/orient-stretto-quartz-contemporary-watch-metal-strap-40.0mm-(ra-tx0301g)","https://wsrv.nl/?w=560&url=https://cdn2.blanxer.com/uploads/682feff88c633f25b4c7ce32/product_image-orient-mechanical-classic-watch-leather-strap-405mm-(ra-ap0003s)-7515.webp","Orient Stretto Quartz Contemporary Watch, Metal Strap – 40.0mm (RA-TX0301G)","59,500"
"1784054425-604","https://www.olizstore.com/brands","https://www.olizstore.com/brand/orient-watch-prices-in-nepal","https://www.olizstore.com/product/orient-stretto-quartz-contemporary-watch-metal-strap-40.0mm-(ra-tx0302s10b)","https://wsrv.nl/?w=560&url=https://cdn2.blanxer.com/uploads/682feff88c633f25b4c7ce32/product_image-orient-mechanical-classic-watch-leather-strap-405mm-(ra-ap0003s)-7515.webp","Orient Stretto Quartz Contemporary Watch, Metal Strap – 40.0mm (RA-TX0302S10B)","59,500"
"1784054427-605","https://www.olizstore.com/brands","https://www.olizstore.com/brand/orient-watch-prices-in-nepal","https://www.olizstore.com/product/orient-mechanical-classic-watch-leather-strap-40.5mm-(ra-ap0003s)","https://wsrv.nl/?w=560&url=https://cdn2.blanxer.com/uploads/682feff88c633f25b4c7ce32/product_image-orient-mechanical-classic-watch-leather-strap-405mm-(ra-ap0003s)-7515.webp","Orient Mechanical Classic Watch, Leather Strap - 40.5mm (RA-AP0003S)","48,500"
"1784054433-606","https://www.olizstore.com/brands","https://www.olizstore.com/brand/oppo","https://www.olizstore.com/product/oppo-a3x","https://wsrv.nl/?w=560&url=https://cdn2.blanxer.com/uploads/682feff88c633f25b4c7ce32/product_image-oppo-find-n5-foldable-7328.webp","Oppo A3x","14,499"
"1784054435-607","https://www.olizstore.com/brands","https://www.olizstore.com/brand/oppo","https://www.olizstore.com/product/oppo-a3","https://wsrv.nl/?w=560&url=https://cdn2.blanxer.com/uploads/682feff88c633f25b4c7ce32/product_image-oppo-find-n5-foldable-7328.webp","Oppo A3","22,999"
"1784054437-608","https://www.olizstore.com/brands","https://www.olizstore.com/brand/oppo","https://www.olizstore.com/product/oppo-a60","https://wsrv.nl/?w=560&url=https://cdn2.blanxer.com/uploads/682feff88c633f25b4c7ce32/product_image-oppo-find-n5-foldable-7328.webp","Oppo A60","30,000"
"1784054439-609","https://www.olizstore.com/brands","https://www.olizstore.com/brand/oppo","https://www.olizstore.com/product/oppo-a5-pro","https://wsrv.nl/?w=560&url=https://cdn2.blanxer.com/uploads/682feff88c633f25b4c7ce32/product_image-oppo-find-n5-foldable-7328.webp","Oppo A5 Pro","32,999"
"1784054441-610","https://www.olizstore.com/brands","https://www.olizstore.com/brand/oppo","https://www.olizstore.com/product/oppo-reno11-f-5g","https://wsrv.nl/?w=560&url=https://cdn2.blanxer.com/uploads/682feff88c633f25b4c7ce32/product_image-oppo-find-n5-foldable-7328.webp","OPPO Reno11 F 5G","44,000"
"1784054443-611","https://www.olizstore.com/brands","https://www.olizstore.com/brand/oppo","https://www.olizstore.com/product/oppo-reno12-f-5g","https://wsrv.nl/?w=560&url=https://cdn2.blanxer.com/uploads/682feff88c633f25b4c7ce32/product_image-oppo-find-n5-foldable-7328.webp","OPPO Reno12 F 5G","39,999"
"1784054446-612","https://www.olizstore.com/brands","https://www.olizstore.com/brand/oppo","https://www.olizstore.com/product/oppo-reno12-5g","https://wsrv.nl/?w=560&url=https://cdn2.blanxer.com/uploads/682feff88c633f25b4c7ce32/product_image-oppo-find-n5-foldable-7328.webp","OPPO Reno12 5G","66,000"
"1784054448-613","https://www.olizstore.com/brands","https://www.olizstore.com/brand/oppo","https://www.olizstore.com/product/oppo-find-n5-price-in-nepal","https://wsrv.nl/?w=560&url=https://cdn2.blanxer.com/uploads/682feff88c633f25b4c7ce32/product_image-oppo-find-n5-foldable-7328.webp","OPPO Find N5","2,49,999"
"1784054453-614","https://www.olizstore.com/brands","https://www.olizstore.com/brand/oneplus","https://www.olizstore.com/product/oneplus-13","https://wsrv.nl/?w=560&url=https://cdn2.blanxer.com/uploads/682feff88c633f25b4c7ce32/product_image-oneplus-dash-charge-power-adapter-5875.webp","OnePlus 13","1,42,000"
"1784054455-615","https://www.olizstore.com/brands","https://www.olizstore.com/brand/oneplus","https://www.olizstore.com/product/oneplus-nord-2t-5g","https://wsrv.nl/?w=560&url=https://cdn2.blanxer.com/uploads/682feff88c633f25b4c7ce32/product_image-oneplus-dash-charge-power-adapter-5875.webp","OnePlus Nord 2T 5G","64,999"
"1784054457-616","https://www.olizstore.com/brands","https://www.olizstore.com/brand/oneplus","https://www.olizstore.com/product/oneplus-band","https://wsrv.nl/?w=560&url=https://cdn2.blanxer.com/uploads/682feff88c633f25b4c7ce32/product_image-oneplus-dash-charge-power-adapter-5875.webp","OnePlus Band","6,500"
"1784054460-617","https://www.olizstore.com/brands","https://www.olizstore.com/brand/oneplus","https://www.olizstore.com/product/oneplus-adapter-100w","https://wsrv.nl/?w=560&url=https://cdn2.blanxer.com/uploads/682feff88c633f25b4c7ce32/product_image-oneplus-dash-charge-power-adapter-5875.webp","OnePlus Adapter 100W","4,400"
"1784054462-618","https://www.olizstore.com/brands","https://www.olizstore.com/brand/oneplus","https://www.olizstore.com/product/oneplus-warp-charge-usbc-cable","https://wsrv.nl/?w=560&url=https://cdn2.blanxer.com/uploads/682feff88c633f25b4c7ce32/product_image-oneplus-dash-charge-power-adapter-5875.webp","OnePlus Warp Charge USB‑C Cable","3,000"
"1784054464-619","https://www.olizstore.com/brands","https://www.olizstore.com/brand/oneplus","https://www.olizstore.com/product/oneplus-dash-charge-power-adapter","https://wsrv.nl/?w=560&url=https://cdn2.blanxer.com/uploads/682feff88c633f25b4c7ce32/product_image-oneplus-dash-charge-power-adapter-5875.webp","OnePlus Dash Charge Power Adapter","2,250"
"1784054470-620","https://www.olizstore.com/brands","https://www.olizstore.com/brand/nothing","https://www.olizstore.com/product/nothing-ear-(a)","https://wsrv.nl/?w=560&url=https://cdn2.blanxer.com/uploads/682feff88c633f25b4c7ce32/product_image-nothing-phone-3-5464.webp","Nothing Ear (a)","16,000"
"1784054472-621","https://www.olizstore.com/brands","https://www.olizstore.com/brand/nothing","https://www.olizstore.com/product/nothing-ear","https://wsrv.nl/?w=560&url=https://cdn2.blanxer.com/uploads/682feff88c633f25b4c7ce32/product_image-nothing-phone-3-5464.webp","Nothing Ear","23,000"
"1784054474-622","https://www.olizstore.com/brands","https://www.olizstore.com/brand/nothing","https://www.olizstore.com/product/nothing-ear-(stick)","https://wsrv.nl/?w=560&url=https://cdn2.blanxer.com/uploads/682feff88c633f25b4c7ce32/product_image-nothing-phone-3-5464.webp","Nothing Ear (Stick)","12,000"
"1784054476-623","https://www.olizstore.com/brands","https://www.olizstore.com/brand/nothing","https://www.olizstore.com/product/nothing-cmf-watch-pro","https://wsrv.nl/?w=560&url=https://cdn2.blanxer.com/uploads/682feff88c633f25b4c7ce32/product_image-nothing-phone-3-5464.webp","CMF Watch Pro","11,500"
"1784054478-624","https://www.olizstore.com/brands","https://www.olizstore.com/brand/nothing","https://www.olizstore.com/product/cmf-watch-pro","https://wsrv.nl/?w=560&url=https://cdn2.blanxer.com/uploads/682feff88c633f25b4c7ce32/product_image-nothing-phone-3-5464.webp","CMF Watch Pro 2","12,000"
"1784054480-625","https://www.olizstore.com/brands","https://www.olizstore.com/brand/nothing","https://www.olizstore.com/product/nothing-phone-2","https://wsrv.nl/?w=560&url=https://cdn2.blanxer.com/uploads/682feff88c633f25b4c7ce32/product_image-nothing-phone-3-5464.webp","Nothing Phone 2","75,699"
"1784054483-626","https://www.olizstore.com/brands","https://www.olizstore.com/brand/nothing","https://www.olizstore.com/product/nothing-phone-2a","https://wsrv.nl/?w=560&url=https://cdn2.blanxer.com/uploads/682feff88c633f25b4c7ce32/product_image-nothing-phone-3-5464.webp","Nothing Phone 2a","45,999"
"1784054485-627","https://www.olizstore.com/brands","https://www.olizstore.com/brand/nothing","https://www.olizstore.com/product/nothing-phone-3a","https://wsrv.nl/?w=560&url=https://cdn2.blanxer.com/uploads/682feff88c633f25b4c7ce32/product_image-nothing-phone-3-5464.webp","Nothing Phone 3a","61,999"
"1784054487-628","https://www.olizstore.com/brands","https://www.olizstore.com/brand/nothing","https://www.olizstore.com/product/nothing-phone-3a-pro","https://wsrv.nl/?w=560&url=https://cdn2.blanxer.com/uploads/682feff88c633f25b4c7ce32/product_image-nothing-phone-3-5464.webp","Nothing Phone 3a Pro","62,999"
"1784054489-629","https://www.olizstore.com/brands","https://www.olizstore.com/brand/nothing","https://www.olizstore.com/product/cmf-phone-2-pro","https://wsrv.nl/?w=560&url=https://cdn2.blanxer.com/uploads/682feff88c633f25b4c7ce32/product_image-nothing-phone-3-5464.webp","CMF Phone 2 Pro","34,999"
"1784054491-630","https://www.olizstore.com/brands","https://www.olizstore.com/brand/nothing","https://www.olizstore.com/product/cmf-33w-power-adapter","https://wsrv.nl/?w=560&url=https://cdn2.blanxer.com/uploads/682feff88c633f25b4c7ce32/product_image-nothing-phone-3-5464.webp","CMF 33W Power Adapter","2,000"
"1784054493-631","https://www.olizstore.com/brands","https://www.olizstore.com/brand/nothing","https://www.olizstore.com/product/nothing-phone-3-price-in-nepal","https://wsrv.nl/?w=560&url=https://cdn2.blanxer.com/uploads/682feff88c633f25b4c7ce32/product_image-nothing-phone-3-5464.webp","Nothing Phone 3","1,20,000"
"1784054499-632","https://www.olizstore.com/brands","https://www.olizstore.com/brand/nebula","https://www.olizstore.com/product/nebula-mars-3-air-portable-google-tv-projector","https://wsrv.nl/?w=560&url=https://cdn2.blanxer.com/uploads/682feff88c633f25b4c7ce32/product_image-d2325_td01_v1_e012fa38-532b-46b9-a475-d5cc86b17024_3838x-7009.webp","Nebula Mars 3 Air Portable Google TV Projector","85,000"
"1784054505-633","https://www.olizstore.com/brands","https://www.olizstore.com/brand/nanoleaf","https://www.olizstore.com/product/nanoleaf-4d-screen-mirror-+-lightstrip-kit-(tvs-and-monitors-up-to-65)","https://wsrv.nl/?w=560&url=https://cdn2.blanxer.com/uploads/682feff88c633f25b4c7ce32/product_image-nanoleaf-shapes-triangles-starter-kit-6266.webp","Nanoleaf 4D Screen Mirror + Lightstrip Kit (TVs & Monitors Up to 65″)","15,500"
"1784054507-634","https://www.olizstore.com/brands","https://www.olizstore.com/brand/nanoleaf","https://www.olizstore.com/product/nanoleaf-4d-screen-mirror-+-lightstrip-kit-(tvs-and-monitors-up-to-85)","https://wsrv.nl/?w=560&url=https://cdn2.blanxer.com/uploads/682feff88c633f25b4c7ce32/product_image-nanoleaf-shapes-triangles-starter-kit-6266.webp","Nanoleaf 4D Screen Mirror + Lightstrip Kit (TVs & Monitors Up to 85″)","18,500"
"1784054509-635","https://www.olizstore.com/brands","https://www.olizstore.com/brand/nanoleaf","https://www.olizstore.com/product/nanoleaf-canvas-expansion-square-white-4-pack-panels","https://wsrv.nl/?w=560&url=https://cdn2.blanxer.com/uploads/682feff88c633f25b4c7ce32/product_image-nanoleaf-shapes-triangles-starter-kit-6266.webp","Nanoleaf Canvas Expansion Square White 4 Pack Panels","7,500"
"1784054512-636","https://www.olizstore.com/brands","https://www.olizstore.com/brand/nanoleaf","https://www.olizstore.com/product/nanoleaf-canvas-smarter-kit-square-white-9-packs","https://wsrv.nl/?w=560&url=https://cdn2.blanxer.com/uploads/682feff88c633f25b4c7ce32/product_image-nanoleaf-shapes-triangles-starter-kit-6266.webp","Nanoleaf Canvas Smarter Kit Square White 9 Packs","26,500"
"1784054514-637","https://www.olizstore.com/brands","https://www.olizstore.com/brand/nanoleaf","https://www.olizstore.com/product/nanoleaf-elements-hexagons-expansion-pack-(3-panels)","https://wsrv.nl/?w=560&url=https://cdn2.blanxer.com/uploads/682feff88c633f25b4c7ce32/product_image-nanoleaf-shapes-triangles-starter-kit-6266.webp","Nanoleaf Elements Hexagons Expansion Pack (3 Panels)","10,500"
"1784054516-638","https://www.olizstore.com/brands","https://www.olizstore.com/brand/nanoleaf","https://www.olizstore.com/product/nanoleaf-elements-hexagons-starter-kit-(7-panels)","https://wsrv.nl/?w=560&url=https://cdn2.blanxer.com/uploads/682feff88c633f25b4c7ce32/product_image-nanoleaf-shapes-triangles-starter-kit-6266.webp","Nanoleaf Elements Hexagons Starter Kit (7 Panels)","31,500"
"1784054518-639","https://www.olizstore.com/brands","https://www.olizstore.com/brand/nanoleaf","https://www.olizstore.com/product/nanoleaf-essentials-a60-smart-bulb","https://wsrv.nl/?w=560&url=https://cdn2.blanxer.com/uploads/682feff88c633f25b4c7ce32/product_image-nanoleaf-shapes-triangles-starter-kit-6266.webp","Nanoleaf Essentials A60 Smart Bulb","2,950"
"1784054520-640","https://www.olizstore.com/brands","https://www.olizstore.com/brand/nanoleaf","https://www.olizstore.com/product/nanoleaf-essentials-lightstrip-expansion-(1m)-(each)","https://wsrv.nl/?w=560&url=https://cdn2.blanxer.com/uploads/682feff88c633f25b4c7ce32/product_image-nanoleaf-shapes-triangles-starter-kit-6266.webp","Nanoleaf Essentials Lightstrip Expansion (1m) (Each)","2,950"
"1784054522-641","https://www.olizstore.com/brands","https://www.olizstore.com/brand/nanoleaf","https://www.olizstore.com/product/nanoleaf-essentials-lightstrip-starter-kit-2m","https://wsrv.nl/?w=560&url=https://cdn2.blanxer.com/uploads/682feff88c633f25b4c7ce32/product_image-nanoleaf-shapes-triangles-starter-kit-6266.webp","Nanoleaf Essentials Lightstrip Starter Kit 2m","7,500"
"1784054524-642","https://www.olizstore.com/brands","https://www.olizstore.com/brand/nanoleaf","https://www.olizstore.com/product/nanoleaf-essentials-a60-smart-bulb-(3-pack)","https://wsrv.nl/?w=560&url=https://cdn2.blanxer.com/uploads/682feff88c633f25b4c7ce32/product_image-nanoleaf-shapes-triangles-starter-kit-6266.webp","Nanoleaf Essentials  A60 Smart Bulb (3 Pack)","7,500"
"1784054527-643","https://www.olizstore.com/brands","https://www.olizstore.com/brand/nanoleaf","https://www.olizstore.com/product/nanoleaf-lines-60-degrees-expansion-pack-white-(3-lines)","https://wsrv.nl/?w=560&url=https://cdn2.blanxer.com/uploads/682feff88c633f25b4c7ce32/product_image-nanoleaf-shapes-triangles-starter-kit-6266.webp","Nanoleaf Lines 60 Degrees Expansion Pack White (3 Lines)","10,500"
"1784054529-644","https://www.olizstore.com/brands","https://www.olizstore.com/brand/nanoleaf","https://www.olizstore.com/product/nanoleaf-lines-60-degrees-smarter-kit-white-(9-lines)","https://wsrv.nl/?w=560&url=https://cdn2.blanxer.com/uploads/682feff88c633f25b4c7ce32/product_image-nanoleaf-shapes-triangles-starter-kit-6266.webp","Nanoleaf Lines 60 Degrees Smarter Kit White (9 Lines)","29,500"
"1784054531-645","https://www.olizstore.com/brands","https://www.olizstore.com/brand/nanoleaf","https://www.olizstore.com/product/nanoleaf-shapes-hexagons-expansion-pack-white-(3-panels)","https://wsrv.nl/?w=560&url=https://cdn2.blanxer.com/uploads/682feff88c633f25b4c7ce32/product_image-nanoleaf-shapes-triangles-starter-kit-6266.webp","Nanoleaf Shapes Hexagons Expansion Pack White (3 Panels)","10,500"
"1784054533-646","https://www.olizstore.com/brands","https://www.olizstore.com/brand/nanoleaf","https://www.olizstore.com/product/nanoleaf-shapes-hexagons-smarter-kit-white-(9-panels)","https://wsrv.nl/?w=560&url=https://cdn2.blanxer.com/uploads/682feff88c633f25b4c7ce32/product_image-nanoleaf-shapes-triangles-starter-kit-6266.webp","Nanoleaf Shapes Hexagons Smarter Kit White (9 Panels)","29,500"
"1784054535-647","https://www.olizstore.com/brands","https://www.olizstore.com/brand/nanoleaf","https://www.olizstore.com/product/nanoleaf-shapes-mini-triangles-starter-kit-(9-panels)","https://wsrv.nl/?w=560&url=https://cdn2.blanxer.com/uploads/682feff88c633f25b4c7ce32/product_image-nanoleaf-shapes-triangles-starter-kit-6266.webp","Nanoleaf Shapes Mini Triangles Starter Kit (9 panels)","23,500"
"1784054537-648","https://www.olizstore.com/brands","https://www.olizstore.com/brand/nanoleaf","https://www.olizstore.com/product/nanoleaf-shapes-triangles-expansion-pack-white-(3-panels)","https://wsrv.nl/?w=560&url=https://cdn2.blanxer.com/uploads/682feff88c633f25b4c7ce32/product_image-nanoleaf-shapes-triangles-starter-kit-6266.webp","Nanoleaf Shapes Triangles Expansion Pack White (3 Panels)","10,500"
"1784054539-649","https://www.olizstore.com/brands","https://www.olizstore.com/brand/nanoleaf","https://www.olizstore.com/product/nanoleaf-shapes-triangles-starter-kit-(9-panels)","https://wsrv.nl/?w=560&url=https://cdn2.blanxer.com/uploads/682feff88c633f25b4c7ce32/product_image-nanoleaf-shapes-triangles-starter-kit-6266.webp","Nanoleaf Shapes Triangles Starter Kit (9 Panels)","29,500"
"1784054545-650","https://www.olizstore.com/brands","https://www.olizstore.com/brand/nanlite","https://www.olizstore.com/product/nanlite-mira-26b","https://wsrv.nl/?w=560&url=https://cdn2.blanxer.com/uploads/682feff88c633f25b4c7ce32/product_image-nanlite-halo-14u-bi-ring-light-1-0011.webp","Nanlite Mira 26B","17,500"
"1784054548-651","https://www.olizstore.com/brands","https://www.olizstore.com/brand/nanlite","https://www.olizstore.com/product/nanlite-ec-fz60-eggcrate-for-forza-6060b","https://wsrv.nl/?w=560&url=https://cdn2.blanxer.com/uploads/682feff88c633f25b4c7ce32/product_image-nanlite-halo-14u-bi-ring-light-1-0011.webp","Nanlite EC-FZ60 Eggcrate for forza 60/60B","5,500"
"1784054550-652","https://www.olizstore.com/brands","https://www.olizstore.com/brand/nanlite","https://www.olizstore.com/product/nanlite-ec-pr90-eggcrate-for-sb-pr-90-q","https://wsrv.nl/?w=560&url=https://cdn2.blanxer.com/uploads/682feff88c633f25b4c7ce32/product_image-nanlite-halo-14u-bi-ring-light-1-0011.webp","Nanlite EC-PR90 Eggcrate for SB-PR-90-Q","8,000"
"1784054552-653","https://www.olizstore.com/brands","https://www.olizstore.com/brand/nanlite","https://www.olizstore.com/product/nanlite-forza-200-led-spotlight","https://wsrv.nl/?w=560&url=https://cdn2.blanxer.com/uploads/682feff88c633f25b4c7ce32/product_image-nanlite-halo-14u-bi-ring-light-1-0011.webp","Nanlite Forza 200 LED Spotlight","0"
"1784054554-654","https://www.olizstore.com/brands","https://www.olizstore.com/brand/nanlite","https://www.olizstore.com/product/nanlite-forza-200-daylight","https://wsrv.nl/?w=560&url=https://cdn2.blanxer.com/uploads/682feff88c633f25b4c7ce32/product_image-nanlite-halo-14u-bi-ring-light-1-0011.webp","Nanlite Forza 200 Daylight","98,000"
"1784054556-655","https://www.olizstore.com/brands","https://www.olizstore.com/brand/nanlite","https://www.olizstore.com/product/nanlite-halo16''-led","https://wsrv.nl/?w=560&url=https://cdn2.blanxer.com/uploads/682feff88c633f25b4c7ce32/product_image-nanlite-halo-14u-bi-ring-light-1-0011.webp","Nanlite Halo16'' Led","26,500"
"1784054558-656","https://www.olizstore.com/brands","https://www.olizstore.com/brand/nanlite","https://www.olizstore.com/product/nanlite-lumipad25-led-pad-light","https://wsrv.nl/?w=560&url=https://cdn2.blanxer.com/uploads/682feff88c633f25b4c7ce32/product_image-nanlite-halo-14u-bi-ring-light-1-0011.webp","Nanlite LumiPad25 LED Pad Light","19,000"
"1784054560-657","https://www.olizstore.com/brands","https://www.olizstore.com/brand/nanlite","https://www.olizstore.com/product/nanlite-sb-fz60-softbox-for-forza-6060b","https://wsrv.nl/?w=560&url=https://cdn2.blanxer.com/uploads/682feff88c633f25b4c7ce32/product_image-nanlite-halo-14u-bi-ring-light-1-0011.webp","Nanlite SB-FZ60 softbox for forza 60/60B","17,500"
"1784054563-658","https://www.olizstore.com/brands","https://www.olizstore.com/brand/nanlite","https://www.olizstore.com/product/nanlite-sb-pr-90-q-softbox-with-bowens-mount","https://wsrv.nl/?w=560&url=https://cdn2.blanxer.com/uploads/682feff88c633f25b4c7ce32/product_image-nanlite-halo-14u-bi-ring-light-1-0011.webp","Nanlite SB-PR 90 Q Softbox with bowens mount","21,500"
"1784054565-659","https://www.olizstore.com/brands","https://www.olizstore.com/brand/nanlite","https://www.olizstore.com/product/nanlite-compac-100-led-studio-light","https://wsrv.nl/?w=560&url=https://cdn2.blanxer.com/uploads/682feff88c633f25b4c7ce32/product_image-nanlite-halo-14u-bi-ring-light-1-0011.webp","Nanlite compac 100 led studio light","38,500"
"1784054567-660","https://www.olizstore.com/brands","https://www.olizstore.com/brand/nanlite","https://www.olizstore.com/product/nanlite-compac-20-led-photo-light","https://wsrv.nl/?w=560&url=https://cdn2.blanxer.com/uploads/682feff88c633f25b4c7ce32/product_image-nanlite-halo-14u-bi-ring-light-1-0011.webp","Nanlite compac 20 led photo light","6,600"
"1784054569-661","https://www.olizstore.com/brands","https://www.olizstore.com/brand/nanlite","https://www.olizstore.com/product/nanlite-compac-40b-bi-color-led-photo-light","https://wsrv.nl/?w=560&url=https://cdn2.blanxer.com/uploads/682feff88c633f25b4c7ce32/product_image-nanlite-halo-14u-bi-ring-light-1-0011.webp","Nanlite compac 40b bi color led photo light","22,500"
"1784054571-662","https://www.olizstore.com/brands","https://www.olizstore.com/brand/nanlite","https://www.olizstore.com/product/nanlite-forza-60b-bi-color-led-moonlight-with-bh-fz60-and-as-ba-fz0","https://wsrv.nl/?w=560&url=https://cdn2.blanxer.com/uploads/682feff88c633f25b4c7ce32/product_image-nanlite-halo-14u-bi-ring-light-1-0011.webp","Nanlite forza 60B Bi-Color LED Moonlight with BH-FZ60 & AS-BA-FZ0","42,000"
"1784054573-663","https://www.olizstore.com/brands","https://www.olizstore.com/brand/nanlite","https://www.olizstore.com/product/nanlite-halo-16c-led-rgb-ring-light-with-mirror-phone-holder-and-carrying","https://wsrv.nl/?w=560&url=https://cdn2.blanxer.com/uploads/682feff88c633f25b4c7ce32/product_image-nanlite-halo-14u-bi-ring-light-1-0011.webp","Nanlite halo 16c led rgb ring light with mirror phone holder and carrying","26,500"
"1784054575-664","https://www.olizstore.com/brands","https://www.olizstore.com/brand/nanlite","https://www.olizstore.com/product/nanlite-mira-26b-led-beauty-light-phone-holder-carrying-bag-and-l170-light-stand","https://wsrv.nl/?w=560&url=https://cdn2.blanxer.com/uploads/682feff88c633f25b4c7ce32/product_image-nanlite-halo-14u-bi-ring-light-1-0011.webp","Nanlite Mira 26B LED Beauty Light, Phone Holder, Carrying Bag, and L170 Light Stand","19,500"
"1784054578-665","https://www.olizstore.com/brands","https://www.olizstore.com/brand/nanlite","https://www.olizstore.com/product/nanlite-halo-14u-bi-color-14%22-led-ring-light","https://wsrv.nl/?w=560&url=https://cdn2.blanxer.com/uploads/682feff88c633f25b4c7ce32/product_image-nanlite-halo-14u-bi-ring-light-1-0011.webp","Nanlite Halo 14U Bi-Color 14"" LED Ring Light","19,800"
"1784054585-666","https://www.olizstore.com/brands","https://www.olizstore.com/brand/mova","https://www.olizstore.com/product/mova-x4-pro-cordless-wet-dry-vacuum-cleaner-price-in-nepal","https://wsrv.nl/?w=560&url=https://cdn2.blanxer.com/uploads/682feff88c633f25b4c7ce32/product_image-mova-diver-a10-robotic-pool-cleaner-2057.webp","MOVA X4 Pro Cordless Wet-Dry Vacuum Cleaner","1,10,000"
"1784054587-667","https://www.olizstore.com/brands","https://www.olizstore.com/brand/mova","https://www.olizstore.com/product/mova-z50-ultra-robot-vacuum-cleaner-price-in-nepal","https://wsrv.nl/?w=560&url=https://cdn2.blanxer.com/uploads/682feff88c633f25b4c7ce32/product_image-mova-diver-a10-robotic-pool-cleaner-2057.webp","MOVA Z50 Ultra Robot Vacuum Cleaner","1,95,000"
"1784054589-668","https://www.olizstore.com/brands","https://www.olizstore.com/brand/mova","https://www.olizstore.com/product/mova-m10-cordless-wet-dry-vacuum-cleaner-floor-washer-price-in-nepal","https://wsrv.nl/?w=560&url=https://cdn2.blanxer.com/uploads/682feff88c633f25b4c7ce32/product_image-mova-diver-a10-robotic-pool-cleaner-2057.webp","MOVA M10 Cordless Wet-Dry Vacuum Cleaner & Floor Washer","85,000"
"1784054591-669","https://www.olizstore.com/brands","https://www.olizstore.com/brand/mova","https://www.olizstore.com/product/mova-i10-cordless-stick-vacuum-cleaner-price-in-nepal","https://wsrv.nl/?w=560&url=https://cdn2.blanxer.com/uploads/682feff88c633f25b4c7ce32/product_image-mova-diver-a10-robotic-pool-cleaner-2057.webp","MOVA I10 Cordless Stick Vacuum Cleaner","40,000"
"1784054594-670","https://www.olizstore.com/brands","https://www.olizstore.com/brand/mova","https://www.olizstore.com/product/mova-p50-pro-ultra-robot-vacuum-and-mop-price-in-nepal","https://wsrv.nl/?w=560&url=https://cdn2.blanxer.com/uploads/682feff88c633f25b4c7ce32/product_image-mova-diver-a10-robotic-pool-cleaner-2057.webp","MOVA P50 Pro Ultra Robot Vacuum & Mop","1,35,000"
"1784054596-671","https://www.olizstore.com/brands","https://www.olizstore.com/brand/mova","https://www.olizstore.com/product/mova-flip10-high-speed-hair-dryer-price-in-nepal","https://wsrv.nl/?w=560&url=https://cdn2.blanxer.com/uploads/682feff88c633f25b4c7ce32/product_image-mova-diver-a10-robotic-pool-cleaner-2057.webp","MOVA Flip10 High-Speed Hair Dryer","26,500"
"1784054598-672","https://www.olizstore.com/brands","https://www.olizstore.com/brand/mova","https://www.olizstore.com/product/mova-shine-20-high-speed-hair-dryer-price-in-nepal","https://wsrv.nl/?w=560&url=https://cdn2.blanxer.com/uploads/682feff88c633f25b4c7ce32/product_image-mova-diver-a10-robotic-pool-cleaner-2057.webp","MOVA Shine 20 High-Speed Hair Dryer","38,000"
"1784054600-673","https://www.olizstore.com/brands","https://www.olizstore.com/brand/mova","https://www.olizstore.com/product/mova-master-10-all-in-one-hair-styler-price-in-nepal","https://wsrv.nl/?w=560&url=https://cdn2.blanxer.com/uploads/682feff88c633f25b4c7ce32/product_image-mova-diver-a10-robotic-pool-cleaner-2057.webp","MOVA Master 10 All-in-one Hair Styler","71,500"
"1784054602-674","https://www.olizstore.com/brands","https://www.olizstore.com/brand/mova","https://www.olizstore.com/product/mova-mobius-60-custom-cleaning-robot-vacuum-price-in-nepal","https://wsrv.nl/?w=560&url=https://cdn2.blanxer.com/uploads/682feff88c633f25b4c7ce32/product_image-mova-diver-a10-robotic-pool-cleaner-2057.webp","MOVA Mobius 60 AI-Zoned Custom Cleaning Robot Vacuum & Mop with MopSwap™ Hub","2,45,000"
"1784054604-675","https://www.olizstore.com/brands","https://www.olizstore.com/brand/mova","https://www.olizstore.com/product/mova-fresh-20-vision-ai-electric-toothbrush-price-in-nepal","https://wsrv.nl/?w=560&url=https://cdn2.blanxer.com/uploads/682feff88c633f25b4c7ce32/product_image-mova-diver-a10-robotic-pool-cleaner-2057.webp","MOVA Fresh 20 Vision AI Electric Toothbrush","15,000"
"1784054606-676","https://www.olizstore.com/brands","https://www.olizstore.com/brand/mova","https://www.olizstore.com/product/mova-s2-detect-cordless-stick-vacuum","https://wsrv.nl/?w=560&url=https://cdn2.blanxer.com/uploads/682feff88c633f25b4c7ce32/product_image-mova-diver-a10-robotic-pool-cleaner-2057.webp","MOVA S2 Detect Cordless Stick Vacuum","28,000"
"1784054609-677","https://www.olizstore.com/brands","https://www.olizstore.com/brand/mova","https://www.olizstore.com/product/mova-k30-mix-wet-and-dry-vacuum","https://wsrv.nl/?w=560&url=https://cdn2.blanxer.com/uploads/682feff88c633f25b4c7ce32/product_image-mova-diver-a10-robotic-pool-cleaner-2057.webp","MOVA K30 Mix Wet and Dry Vacuum","60,000"
"1784054611-678","https://www.olizstore.com/brands","https://www.olizstore.com/brand/mova","https://www.olizstore.com/product/mova-shine-10-high-speed-hair-dryer","https://wsrv.nl/?w=560&url=https://cdn2.blanxer.com/uploads/682feff88c633f25b4c7ce32/product_image-mova-diver-a10-robotic-pool-cleaner-2057.webp","MOVA Shine 10 High-Speed Hair Dryer","24,500"
"1784054613-679","https://www.olizstore.com/brands","https://www.olizstore.com/brand/mova","https://www.olizstore.com/product/mova-turbo-high-speed-hairdryer","https://wsrv.nl/?w=560&url=https://cdn2.blanxer.com/uploads/682feff88c633f25b4c7ce32/product_image-mova-diver-a10-robotic-pool-cleaner-2057.webp","MOVA Turbo High-Speed Hairdryer","13,500"
"1784054615-680","https://www.olizstore.com/brands","https://www.olizstore.com/brand/mova","https://www.olizstore.com/product/mova-z60-ultra-roller-complete-robot-vacuum","https://wsrv.nl/?w=560&url=https://cdn2.blanxer.com/uploads/682feff88c633f25b4c7ce32/product_image-mova-diver-a10-robotic-pool-cleaner-2057.webp","MOVA Z60 Ultra Roller Complete Robot Vacuum","2,10,000"
"1784054617-681","https://www.olizstore.com/brands","https://www.olizstore.com/brand/mova","https://www.olizstore.com/product/mova-aero-c-high-speed-hair-dryer","https://wsrv.nl/?w=560&url=https://cdn2.blanxer.com/uploads/682feff88c633f25b4c7ce32/product_image-mova-diver-a10-robotic-pool-cleaner-2057.webp","MOVA Aero C High-Speed Hair Dryer","35,500"
"1784054619-682","https://www.olizstore.com/brands","https://www.olizstore.com/brand/mova","https://www.olizstore.com/product/mova-rover-x10-robotic-pool-cleaner-price-in-nepal","https://wsrv.nl/?w=560&url=https://cdn2.blanxer.com/uploads/682feff88c633f25b4c7ce32/product_image-mova-diver-a10-robotic-pool-cleaner-2057.webp","MOVA Rover X10 Robotic Pool Cleaner","4,85,000"
"1784054621-683","https://www.olizstore.com/brands","https://www.olizstore.com/brand/mova","https://www.olizstore.com/product/mova-diver-a10-robotic-pool-cleaner-price-in-nepal","https://wsrv.nl/?w=560&url=https://cdn2.blanxer.com/uploads/682feff88c633f25b4c7ce32/product_image-mova-diver-a10-robotic-pool-cleaner-2057.webp","MOVA Diver A10 Robotic Pool Cleaner","1,45,000"
"1784054627-684","https://www.olizstore.com/brands","https://www.olizstore.com/brand/moshi","https://www.olizstore.com/product/moshi-progeo-4-port-usb-wall-charger-35","https://wsrv.nl/?w=560&url=https://cdn2.blanxer.com/uploads/682feff88c633f25b4c7ce32/product_image-moshi-iglaze-slim-hardshell-case-iphone-13pro-1-7039.webp","Moshi ProGeo 4-Port USB Wall Charger 35","6,500"
"1784054629-685","https://www.olizstore.com/brands","https://www.olizstore.com/brand/moshi","https://www.olizstore.com/product/moshi-aux-to-usb-c-cable-with-lighting-connector-4-ft-(1.2-m)","https://wsrv.nl/?w=560&url=https://cdn2.blanxer.com/uploads/682feff88c633f25b4c7ce32/product_image-moshi-iglaze-slim-hardshell-case-iphone-13pro-1-7039.webp","Moshi Aux to USB-C Cable with Lighting Connector 4 ft (1.2 m)","4,500"
"1784054631-686","https://www.olizstore.com/brands","https://www.olizstore.com/brand/moshi","https://www.olizstore.com/product/moshi-pluma-pouch","https://wsrv.nl/?w=560&url=https://cdn2.blanxer.com/uploads/682feff88c633f25b4c7ce32/product_image-moshi-iglaze-slim-hardshell-case-iphone-13pro-1-7039.webp","Moshi Pluma Pouch","2,250"
"1784054634-687","https://www.olizstore.com/brands","https://www.olizstore.com/brand/moshi","https://www.olizstore.com/product/rewind-2-usb-wall-charger","https://wsrv.nl/?w=560&url=https://cdn2.blanxer.com/uploads/682feff88c633f25b4c7ce32/product_image-moshi-iglaze-slim-hardshell-case-iphone-13pro-1-7039.webp","Moshi Rewind 2 USB Wall Charger (17W)","3,500"
"1784054636-688","https://www.olizstore.com/brands","https://www.olizstore.com/brand/moshi","https://www.olizstore.com/product/usb-c-digital-audio-adapter-with-charging","https://wsrv.nl/?w=560&url=https://cdn2.blanxer.com/uploads/682feff88c633f25b4c7ce32/product_image-moshi-iglaze-slim-hardshell-case-iphone-13pro-1-7039.webp","Moshi USB-C Digital Audio Adapter with Charging","5,500"
"1784054638-689","https://www.olizstore.com/brands","https://www.olizstore.com/brand/moshi","https://www.olizstore.com/product/moshi-high-speed-hdmi-cable-white-6.6ft-(2m)","https://wsrv.nl/?w=560&url=https://cdn2.blanxer.com/uploads/682feff88c633f25b4c7ce32/product_image-moshi-iglaze-slim-hardshell-case-iphone-13pro-1-7039.webp","Moshi High Speed HDMI Cable White / 6.6ft (2M)","3,800"
"1784054640-690","https://www.olizstore.com/brands","https://www.olizstore.com/brand/moshi","https://www.olizstore.com/product/moshi-qubit-usb-c-charger-(20w)","https://wsrv.nl/?w=560&url=https://cdn2.blanxer.com/uploads/682feff88c633f25b4c7ce32/product_image-moshi-iglaze-slim-hardshell-case-iphone-13pro-1-7039.webp","Moshi Qubit USB-C Charger (20W)","4,500"
"1784054642-691","https://www.olizstore.com/brands","https://www.olizstore.com/brand/moshi","https://www.olizstore.com/product/moshi-qubit-usb-c-wall-charger-(45-w)","https://wsrv.nl/?w=560&url=https://cdn2.blanxer.com/uploads/682feff88c633f25b4c7ce32/product_image-moshi-iglaze-slim-hardshell-case-iphone-13pro-1-7039.webp","Moshi Qubit USB-C Wall Charger (45 W)","6,000"
"1784054644-692","https://www.olizstore.com/brands","https://www.olizstore.com/brand/moshi","https://www.olizstore.com/product/moshi-symbus-mini-7-in-1-portable-usb-c-hub","https://wsrv.nl/?w=560&url=https://cdn2.blanxer.com/uploads/682feff88c633f25b4c7ce32/product_image-moshi-iglaze-slim-hardshell-case-iphone-13pro-1-7039.webp","Moshi Symbus Mini 7-in-1 portable USB-C Hub","9,500"
"1784054646-693","https://www.olizstore.com/brands","https://www.olizstore.com/brand/moshi","https://www.olizstore.com/product/moshi-iglaze-for-iphone-13-pro-max-astral-silver","https://wsrv.nl/?w=560&url=https://cdn2.blanxer.com/uploads/682feff88c633f25b4c7ce32/product_image-moshi-iglaze-slim-hardshell-case-iphone-13pro-1-7039.webp","Moshi iGlaze for iPhone 13 Pro Max","5,500"
"1784054649-694","https://www.olizstore.com/brands","https://www.olizstore.com/brand/moshi","https://www.olizstore.com/product/moshi-iglaze-slim-hardshell-case-for-iphone-13-pro","https://wsrv.nl/?w=560&url=https://cdn2.blanxer.com/uploads/682feff88c633f25b4c7ce32/product_image-moshi-iglaze-slim-hardshell-case-iphone-13pro-1-7039.webp","Moshi iGlaze Slim Hardshell Case for iPhone 13 Pro","5,500"
"1784054652-695","https://www.olizstore.com/brands","https://www.olizstore.com/brand/mathey-tissot","","","",""
"1784054660-696","https://www.olizstore.com/brands","https://www.olizstore.com/brand/marshall","https://www.olizstore.com/product/marshall-woburn-iii-bluetooth-black(eu)","https://wsrv.nl/?w=560&url=https://cdn2.blanxer.com/uploads/682feff88c633f25b4c7ce32/product_image-marshall-bromley-750-black-and-brass-8784.webp","Marshall Woburn III (EU)","82,000"
"1784054662-697","https://www.olizstore.com/brands","https://www.olizstore.com/brand/marshall","https://www.olizstore.com/product/marshall-tufton-(eu)","https://wsrv.nl/?w=560&url=https://cdn2.blanxer.com/uploads/682feff88c633f25b4c7ce32/product_image-marshall-bromley-750-black-and-brass-8784.webp","Marshall Tufton (EU)","59,000"
"1784054664-698","https://www.olizstore.com/brands","https://www.olizstore.com/brand/marshall","https://www.olizstore.com/product/marshall-stanmore-iii-(eu)","https://wsrv.nl/?w=560&url=https://cdn2.blanxer.com/uploads/682feff88c633f25b4c7ce32/product_image-marshall-bromley-750-black-and-brass-8784.webp","Marshall Stanmore III (EU)","65,000"
"1784054666-699","https://www.olizstore.com/brands","https://www.olizstore.com/brand/marshall","https://www.olizstore.com/product/marshall-acton-iii-(eu)","https://wsrv.nl/?w=560&url=https://cdn2.blanxer.com/uploads/682feff88c633f25b4c7ce32/product_image-marshall-bromley-750-black-and-brass-8784.webp","Marshall Acton III (EU)","42,900"
"1784054668-700","https://www.olizstore.com/brands","https://www.olizstore.com/brand/marshall","https://www.olizstore.com/product/marshall-middleton","https://wsrv.nl/?w=560&url=https://cdn2.blanxer.com/uploads/682feff88c633f25b4c7ce32/product_image-marshall-bromley-750-black-and-brass-8784.webp","Marshall Middleton","40,000"
"1784054670-701","https://www.olizstore.com/brands","https://www.olizstore.com/brand/marshall","https://www.olizstore.com/product/marshall-kilburn-ii","https://wsrv.nl/?w=560&url=https://cdn2.blanxer.com/uploads/682feff88c633f25b4c7ce32/product_image-marshall-bromley-750-black-and-brass-8784.webp","Marshall Kilburn II","40,000"
"1784054672-702","https://www.olizstore.com/brands","https://www.olizstore.com/brand/marshall","https://www.olizstore.com/product/marshall-stockwell-ii","https://wsrv.nl/?w=560&url=https://cdn2.blanxer.com/uploads/682feff88c633f25b4c7ce32/product_image-marshall-bromley-750-black-and-brass-8784.webp","Marshall Stockwell II","32,000"
"1784054675-703","https://www.olizstore.com/brands","https://www.olizstore.com/brand/marshall","https://www.olizstore.com/product/marshall-emberton-iii","https://wsrv.nl/?w=560&url=https://cdn2.blanxer.com/uploads/682feff88c633f25b4c7ce32/product_image-marshall-bromley-750-black-and-brass-8784.webp","Marshall Emberton III","29,900"
"1784054677-704","https://www.olizstore.com/brands","https://www.olizstore.com/brand/marshall","https://www.olizstore.com/product/marshall-willen-ii","https://wsrv.nl/?w=560&url=https://cdn2.blanxer.com/uploads/682feff88c633f25b4c7ce32/product_image-marshall-bromley-750-black-and-brass-8784.webp","Marshall Willen II","18,500"
"1784054679-705","https://www.olizstore.com/brands","https://www.olizstore.com/brand/marshall","https://www.olizstore.com/product/marshall-willen-i","https://wsrv.nl/?w=560&url=https://cdn2.blanxer.com/uploads/682feff88c633f25b4c7ce32/product_image-marshall-bromley-750-black-and-brass-8784.webp","Marshall Willen I","15,500"
"1784054681-706","https://www.olizstore.com/brands","https://www.olizstore.com/brand/marshall","https://www.olizstore.com/product/marshall-monitor-iii-anc","https://wsrv.nl/?w=560&url=https://cdn2.blanxer.com/uploads/682feff88c633f25b4c7ce32/product_image-marshall-bromley-750-black-and-brass-8784.webp","Marshall Monitor III ANC","44,500"
"1784054683-707","https://www.olizstore.com/brands","https://www.olizstore.com/brand/marshall","https://www.olizstore.com/product/marshall-monitor-ii-anc","https://wsrv.nl/?w=560&url=https://cdn2.blanxer.com/uploads/682feff88c633f25b4c7ce32/product_image-marshall-bromley-750-black-and-brass-8784.webp","Marshall Monitor II ANC","37,000"
"1784054685-708","https://www.olizstore.com/brands","https://www.olizstore.com/brand/marshall","https://www.olizstore.com/product/marshall-major-v","https://wsrv.nl/?w=560&url=https://cdn2.blanxer.com/uploads/682feff88c633f25b4c7ce32/product_image-marshall-bromley-750-black-and-brass-8784.webp","Marshall Major V","22,500"
"1784054688-709","https://www.olizstore.com/brands","https://www.olizstore.com/brand/marshall","https://www.olizstore.com/product/marshall-motif-ii-anc","https://wsrv.nl/?w=560&url=https://cdn2.blanxer.com/uploads/682feff88c633f25b4c7ce32/product_image-marshall-bromley-750-black-and-brass-8784.webp","Marshall MOTIF II ANC","29,900"
"1784054690-710","https://www.olizstore.com/brands","https://www.olizstore.com/brand/marshall","https://www.olizstore.com/product/marshall-minor-iv","https://wsrv.nl/?w=560&url=https://cdn2.blanxer.com/uploads/682feff88c633f25b4c7ce32/product_image-marshall-bromley-750-black-and-brass-8784.webp","Marshall Minor IV","19,500"
"1784054692-711","https://www.olizstore.com/brands","https://www.olizstore.com/brand/marshall","https://www.olizstore.com/product/marshall-minor-iii","https://wsrv.nl/?w=560&url=https://cdn2.blanxer.com/uploads/682feff88c633f25b4c7ce32/product_image-marshall-bromley-750-black-and-brass-8784.webp","Marshall Minor III","17,900"
"1784054694-712","https://www.olizstore.com/brands","https://www.olizstore.com/brand/marshall","https://www.olizstore.com/product/marshall-mode-headphones","https://wsrv.nl/?w=560&url=https://cdn2.blanxer.com/uploads/682feff88c633f25b4c7ce32/product_image-marshall-bromley-750-black-and-brass-8784.webp","Marshall Mode Headphones","8,500"
"1784054696-713","https://www.olizstore.com/brands","https://www.olizstore.com/brand/marshall","https://www.olizstore.com/product/marshall-mode-eq-headphones","https://wsrv.nl/?w=560&url=https://cdn2.blanxer.com/uploads/682feff88c633f25b4c7ce32/product_image-marshall-bromley-750-black-and-brass-8784.webp","Marshall Mode EQ Headphones","9,900"
"1784054698-714","https://www.olizstore.com/brands","https://www.olizstore.com/brand/marshall","https://www.olizstore.com/product/marshall-middleton-ii-black-and-brass-price-in-nepal","https://wsrv.nl/?w=560&url=https://cdn2.blanxer.com/uploads/682feff88c633f25b4c7ce32/product_image-marshall-bromley-750-black-and-brass-8784.webp","Marshall Middleton II Black and Brass","49,900"
"1784054700-715","https://www.olizstore.com/brands","https://www.olizstore.com/brand/marshall","https://www.olizstore.com/product/marshall-kilburn-iii","https://wsrv.nl/?w=560&url=https://cdn2.blanxer.com/uploads/682feff88c633f25b4c7ce32/product_image-marshall-bromley-750-black-and-brass-8784.webp","Marshall Kilburn III","58,000"
"1784054703-716","https://www.olizstore.com/brands","https://www.olizstore.com/brand/marshall","https://www.olizstore.com/product/marshall-heston-120","https://wsrv.nl/?w=560&url=https://cdn2.blanxer.com/uploads/682feff88c633f25b4c7ce32/product_image-marshall-bromley-750-black-and-brass-8784.webp","Marshall Heston 120","1,85,000"
"1784054705-717","https://www.olizstore.com/brands","https://www.olizstore.com/brand/marshall","https://www.olizstore.com/product/marshall-heston-60","https://wsrv.nl/?w=560&url=https://cdn2.blanxer.com/uploads/682feff88c633f25b4c7ce32/product_image-marshall-bromley-750-black-and-brass-8784.webp","Marshall Heston 60","1,10,000"
"1784054707-718","https://www.olizstore.com/brands","https://www.olizstore.com/brand/marshall","https://www.olizstore.com/product/marshall-sub-200","https://wsrv.nl/?w=560&url=https://cdn2.blanxer.com/uploads/682feff88c633f25b4c7ce32/product_image-marshall-bromley-750-black-and-brass-8784.webp","Marshall Sub 200","78,000"
"1784054709-719","https://www.olizstore.com/brands","https://www.olizstore.com/brand/marshall","https://www.olizstore.com/product/marshall-bromley-750","https://wsrv.nl/?w=560&url=https://cdn2.blanxer.com/uploads/682feff88c633f25b4c7ce32/product_image-marshall-bromley-750-black-and-brass-8784.webp","Marshall Bromley 750","1,85,000"
"1784054714-720","https://www.olizstore.com/brands","https://www.olizstore.com/brand/marantz","https://www.olizstore.com/product/marantz-sr6013-9.2-channel-av-receiver","https://wsrv.nl/?w=560&url=https://cdn2.blanxer.com/uploads/682feff88c633f25b4c7ce32/product_image-marantz-pm6006-a-high-performance-stereo-amplifier-with-digital-dac-9042.webp","Marantz SR6013 9.2-Channel AV Receiver","2,05,000"
"1784054716-721","https://www.olizstore.com/brands","https://www.olizstore.com/brand/marantz","https://www.olizstore.com/product/marantz-pm6006-high-performance-stereo-amplifier","https://wsrv.nl/?w=560&url=https://cdn2.blanxer.com/uploads/682feff88c633f25b4c7ce32/product_image-marantz-pm6006-a-high-performance-stereo-amplifier-with-digital-dac-9042.webp","Marantz PM6006 High-Performance Stereo Amplifier","68,000"
"1784054723-722","https://www.olizstore.com/brands","https://www.olizstore.com/brand/maono","https://www.olizstore.com/product/maono-mh700-monitoring-headphone","https://wsrv.nl/?w=560&url=https://cdn2.blanxer.com/uploads/682feff88c633f25b4c7ce32/product_image-xlrcable_1-6721.webp","MAONO MH700 Monitoring Headphone","8,800"
"1784054725-723","https://www.olizstore.com/brands","https://www.olizstore.com/brand/maono","https://www.olizstore.com/product/maono-pd100x-usbxlr-dynamic-microphone","https://wsrv.nl/?w=560&url=https://cdn2.blanxer.com/uploads/682feff88c633f25b4c7ce32/product_image-xlrcable_1-6721.webp","MAONO PD100X USB/XLR Dynamic Microphone","9,300"
"1784054727-724","https://www.olizstore.com/brands","https://www.olizstore.com/brand/maono","https://www.olizstore.com/product/maono-pd200x-usbxlr-dynamic-microphone","https://wsrv.nl/?w=560&url=https://cdn2.blanxer.com/uploads/682feff88c633f25b4c7ce32/product_image-xlrcable_1-6721.webp","MAONO PD200X USB/XLR Dynamic Microphone","10,800"
"1784054729-725","https://www.olizstore.com/brands","https://www.olizstore.com/brand/maono","https://www.olizstore.com/product/maono-pd300x-usbxlr-dynamic-microphone","https://wsrv.nl/?w=560&url=https://cdn2.blanxer.com/uploads/682feff88c633f25b4c7ce32/product_image-xlrcable_1-6721.webp","MAONO PD300X USB/XLR Dynamic Microphone","18,300"
"1784054732-726","https://www.olizstore.com/brands","https://www.olizstore.com/brand/maono","https://www.olizstore.com/product/maono-pd300x-usbxlr-dynamic-microphone-with-ba37-boom-arm","https://wsrv.nl/?w=560&url=https://cdn2.blanxer.com/uploads/682feff88c633f25b4c7ce32/product_image-xlrcable_1-6721.webp","MAONO PD300X USB/XLR Dynamic Microphone With BA37 Boom Arm","23,500"
"1784054734-727","https://www.olizstore.com/brands","https://www.olizstore.com/brand/maono","https://www.olizstore.com/product/maonocaster-e2-gen2-audio-mixer","https://wsrv.nl/?w=560&url=https://cdn2.blanxer.com/uploads/682feff88c633f25b4c7ce32/product_image-xlrcable_1-6721.webp","MAONOCASTER E2 Gen2 Audio Mixer","17,500"
"1784054736-728","https://www.olizstore.com/brands","https://www.olizstore.com/brand/maono","https://www.olizstore.com/product/maono-pd400x-usbxlr-dynamic-microphone","https://wsrv.nl/?w=560&url=https://cdn2.blanxer.com/uploads/682feff88c633f25b4c7ce32/product_image-xlrcable_1-6721.webp","MAONO PD400X USB/XLR Dynamic Microphone","21,900"
"1784054738-729","https://www.olizstore.com/brands","https://www.olizstore.com/brand/maono","https://www.olizstore.com/product/maono-pd200w-wireless-dynamic-microphone","https://wsrv.nl/?w=560&url=https://cdn2.blanxer.com/uploads/682feff88c633f25b4c7ce32/product_image-xlrcable_1-6721.webp","MAONO PD200W Wireless Dynamic Microphone","14,600"
"1784054740-730","https://www.olizstore.com/brands","https://www.olizstore.com/brand/maono","https://www.olizstore.com/product/maonocaster-g1-neo-audio-mixer-and-interface","https://wsrv.nl/?w=560&url=https://cdn2.blanxer.com/uploads/682feff88c633f25b4c7ce32/product_image-xlrcable_1-6721.webp","MAONOCASTER G1 NEO Audio Mixer & Interface","10,500"
"1784054742-731","https://www.olizstore.com/brands","https://www.olizstore.com/brand/maono","https://www.olizstore.com/product/maono-ba92-aluminium-live-streaming-microphone-arm","https://wsrv.nl/?w=560&url=https://cdn2.blanxer.com/uploads/682feff88c633f25b4c7ce32/product_image-xlrcable_1-6721.webp","MAONO BA92 Aluminium Microphone Arm","11,500"
"1784054744-732","https://www.olizstore.com/brands","https://www.olizstore.com/brand/maono","https://www.olizstore.com/product/maono-ba37-microphone-boom-arm","https://wsrv.nl/?w=560&url=https://cdn2.blanxer.com/uploads/682feff88c633f25b4c7ce32/product_image-xlrcable_1-6721.webp","MAONO BA37 Microphone Boom Arm","5,500"
"1784054747-733","https://www.olizstore.com/brands","https://www.olizstore.com/brand/maono","https://www.olizstore.com/product/maono-ba20-microphone-boom-arm","https://wsrv.nl/?w=560&url=https://cdn2.blanxer.com/uploads/682feff88c633f25b4c7ce32/product_image-xlrcable_1-6721.webp","MAONO BA20 Microphone Boom Arm","1,950"
"1784054749-734","https://www.olizstore.com/brands","https://www.olizstore.com/brand/maono","https://www.olizstore.com/product/maono-wave-t5-wireless-microphone","https://wsrv.nl/?w=560&url=https://cdn2.blanxer.com/uploads/682feff88c633f25b4c7ce32/product_image-xlrcable_1-6721.webp","MAONO Wave T5 Wireless Microphone","21,500"
"1784054751-735","https://www.olizstore.com/brands","https://www.olizstore.com/brand/maono","https://www.olizstore.com/product/maono-wave-t1-mini-wireless-microphone","https://wsrv.nl/?w=560&url=https://cdn2.blanxer.com/uploads/682feff88c633f25b4c7ce32/product_image-xlrcable_1-6721.webp","Maono Wave T1 Mini Wireless Microphone","9,500"
"1784054753-736","https://www.olizstore.com/brands","https://www.olizstore.com/brand/maono","https://www.olizstore.com/product/maono-xlr-cable-price-in-nepal","https://wsrv.nl/?w=560&url=https://cdn2.blanxer.com/uploads/682feff88c633f25b4c7ce32/product_image-xlrcable_1-6721.webp","MAONO XLR Cable Male to Female","1,950"
"1784054759-737","https://www.olizstore.com/brands","https://www.olizstore.com/brand/lovense","https://www.olizstore.com/product/lovense-lush-2","https://wsrv.nl/?w=560&url=https://cdn2.blanxer.com/uploads/682feff88c633f25b4c7ce32/product_image-lovense-lush-3-5085.webp","Lovense Lush 2","15,500"
"1784054761-738","https://www.olizstore.com/brands","https://www.olizstore.com/brand/lovense","https://www.olizstore.com/product/lovense-gemini","https://wsrv.nl/?w=560&url=https://cdn2.blanxer.com/uploads/682feff88c633f25b4c7ce32/product_image-lovense-lush-3-5085.webp","Lovense Gemini","18,500"
"1784054763-739","https://www.olizstore.com/brands","https://www.olizstore.com/brand/lovense","https://www.olizstore.com/product/lovense-diamo","https://wsrv.nl/?w=560&url=https://cdn2.blanxer.com/uploads/682feff88c633f25b4c7ce32/product_image-lovense-lush-3-5085.webp","Lovense Diamo","22,500"
"1784054765-740","https://www.olizstore.com/brands","https://www.olizstore.com/brand/lovense","https://www.olizstore.com/product/lovense-hush-2","https://wsrv.nl/?w=560&url=https://cdn2.blanxer.com/uploads/682feff88c633f25b4c7ce32/product_image-lovense-lush-3-5085.webp","Lovense Hush 2","22,500"
"1784054767-741","https://www.olizstore.com/brands","https://www.olizstore.com/brand/lovense","https://www.olizstore.com/product/lovense-lush-4","https://wsrv.nl/?w=560&url=https://cdn2.blanxer.com/uploads/682feff88c633f25b4c7ce32/product_image-lovense-lush-3-5085.webp","Lovense Lush 4","26,500"
"1784054769-742","https://www.olizstore.com/brands","https://www.olizstore.com/brand/lovense","https://www.olizstore.com/product/lovense-lush-3","https://wsrv.nl/?w=560&url=https://cdn2.blanxer.com/uploads/682feff88c633f25b4c7ce32/product_image-lovense-lush-3-5085.webp","Lovense Lush 3","23,500"
"1784054777-743","https://www.olizstore.com/brands","https://www.olizstore.com/brand/logitech","https://www.olizstore.com/product/logitech-bluetooth-audio-adapter","https://wsrv.nl/?w=560&url=https://cdn2.blanxer.com/uploads/682feff88c633f25b4c7ce32/product_image-logitech-mx-master-4-wireless-mouse-graphite-0579.webp","Logitech Bluetooth Audio Adapter","7,500"
"1784054780-744","https://www.olizstore.com/brands","https://www.olizstore.com/brand/logitech","https://www.olizstore.com/product/logitech-combo-touch-keyboard-case-ipad-pro-11%22-m4","https://wsrv.nl/?w=560&url=https://cdn2.blanxer.com/uploads/682feff88c633f25b4c7ce32/product_image-logitech-mx-master-4-wireless-mouse-graphite-0579.webp","Logitech Combo Touch Keyboard Case iPad Pro 11"" M4","34,000"
"1784054782-745","https://www.olizstore.com/brands","https://www.olizstore.com/brand/logitech","https://www.olizstore.com/product/logitech-combo-touch-ipad-air-11%22-m2-and(5th-gen)","https://wsrv.nl/?w=560&url=https://cdn2.blanxer.com/uploads/682feff88c633f25b4c7ce32/product_image-logitech-mx-master-4-wireless-mouse-graphite-0579.webp","Logitech Combo Touch iPad Air 11"" M2/M3 & 10.9"" (4th/5th Gen)","38,000"
"1784054784-746","https://www.olizstore.com/brands","https://www.olizstore.com/brand/logitech","https://www.olizstore.com/product/logitech-combo-touch-ipad-air-13%22-m2","https://wsrv.nl/?w=560&url=https://cdn2.blanxer.com/uploads/682feff88c633f25b4c7ce32/product_image-logitech-mx-master-4-wireless-mouse-graphite-0579.webp","Logitech Combo Touch iPad Air 13"" M2","34,000"
"1784054786-747","https://www.olizstore.com/brands","https://www.olizstore.com/brand/logitech","https://www.olizstore.com/product/logitech-combo-touch-ipad-pro-11%22-m4","https://wsrv.nl/?w=560&url=https://cdn2.blanxer.com/uploads/682feff88c633f25b4c7ce32/product_image-logitech-mx-master-4-wireless-mouse-graphite-0579.webp","Logitech Combo Touch iPad Pro 11"" M4","34,000"
"1784054788-748","https://www.olizstore.com/brands","https://www.olizstore.com/brand/logitech","https://www.olizstore.com/product/logitech-combo-touch-ipad-pro-13%22-m4","https://wsrv.nl/?w=560&url=https://cdn2.blanxer.com/uploads/682feff88c633f25b4c7ce32/product_image-logitech-mx-master-4-wireless-mouse-graphite-0579.webp","Logitech Combo Touch iPad Pro 13"" M4","38,500"
"1784054790-749","https://www.olizstore.com/brands","https://www.olizstore.com/brand/logitech","https://www.olizstore.com/product/logitech-combo-touch-keyboard-case-with-trackpad-for-ipad-10.9%22-10th-gen","https://wsrv.nl/?w=560&url=https://cdn2.blanxer.com/uploads/682feff88c633f25b4c7ce32/product_image-logitech-mx-master-4-wireless-mouse-graphite-0579.webp","Logitech Combo Touch Keyboard Case with Trackpad for iPad 10.9"" 10th gen","28,000"
"1784054792-750","https://www.olizstore.com/brands","https://www.olizstore.com/brand/logitech","https://www.olizstore.com/product/logitech-combo-touch-keyboard-case-with-trackpad-for-ipad-pro-11-inch-(1st-to-4th-gen)","https://wsrv.nl/?w=560&url=https://cdn2.blanxer.com/uploads/682feff88c633f25b4c7ce32/product_image-logitech-mx-master-4-wireless-mouse-graphite-0579.webp","Logitech Combo Touch keyboard case with trackpad for iPad Pro 11-inch (1st to 4th gen)","38,500"
"1784054795-751","https://www.olizstore.com/brands","https://www.olizstore.com/brand/logitech","https://www.olizstore.com/product/logitech-combo-touch-keyboard-case-with-trackpad-for-ipad-pro-12.9-inch-(5th-and-6th-gen)","https://wsrv.nl/?w=560&url=https://cdn2.blanxer.com/uploads/682feff88c633f25b4c7ce32/product_image-logitech-mx-master-4-wireless-mouse-graphite-0579.webp","Logitech Combo Touch keyboard case with trackpad for iPad Pro 12.9-inch (5th & 6th gen)","38,000"
"1784054797-752","https://www.olizstore.com/brands","https://www.olizstore.com/brand/logitech","https://www.olizstore.com/product/logitech-combo-touch-for-ipad-air-10.9%22-4th-and-5th-gen","https://wsrv.nl/?w=560&url=https://cdn2.blanxer.com/uploads/682feff88c633f25b4c7ce32/product_image-logitech-mx-master-4-wireless-mouse-graphite-0579.webp","Logitech Combo touch for iPad Air 10.9"" 4th & 5th gen and iPad Pro 11"" (1st -4th Gen)","33,500"
"1784054799-753","https://www.olizstore.com/brands","https://www.olizstore.com/brand/logitech","https://www.olizstore.com/product/logitech-crayon-digital-pencil-for-ipad","https://wsrv.nl/?w=560&url=https://cdn2.blanxer.com/uploads/682feff88c633f25b4c7ce32/product_image-logitech-mx-master-4-wireless-mouse-graphite-0579.webp","Logitech Crayon Digital Pencil for iPad","13,000"
"1784054801-754","https://www.olizstore.com/brands","https://www.olizstore.com/brand/logitech","https://www.olizstore.com/product/logitech-crayon-digital-pencil-for-ipads-with-usb-c-port-silver","https://wsrv.nl/?w=560&url=https://cdn2.blanxer.com/uploads/682feff88c633f25b4c7ce32/product_image-logitech-mx-master-4-wireless-mouse-graphite-0579.webp","Logitech Crayon Digital Pencil for iPads with USB-C Port Silver","13,000"
"1784054803-755","https://www.olizstore.com/brands","https://www.olizstore.com/brand/logitech","https://www.olizstore.com/product/logitech-ergo-m575s-wireless-trackball-mouse","https://wsrv.nl/?w=560&url=https://cdn2.blanxer.com/uploads/682feff88c633f25b4c7ce32/product_image-logitech-mx-master-4-wireless-mouse-graphite-0579.webp","Logitech Ergo m575s wireless trackball mouse","9,500"
"1784054805-756","https://www.olizstore.com/brands","https://www.olizstore.com/brand/logitech","https://www.olizstore.com/product/logitech-folio-touch-ipad-air-10.9%22(4th-and-5th-gen)","https://wsrv.nl/?w=560&url=https://cdn2.blanxer.com/uploads/682feff88c633f25b4c7ce32/product_image-logitech-mx-master-4-wireless-mouse-graphite-0579.webp","Logitech Folio Touch iPad Air 10.9""(4th & 5th Gen)","27,000"
"1784054807-757","https://www.olizstore.com/brands","https://www.olizstore.com/brand/logitech","https://www.olizstore.com/product/logitech-g733-wireless-rgb-gaming-headset-black","https://wsrv.nl/?w=560&url=https://cdn2.blanxer.com/uploads/682feff88c633f25b4c7ce32/product_image-logitech-mx-master-4-wireless-mouse-graphite-0579.webp","Logitech G733 Wireless RGB Gaming HeadSet Black","25,500"
"1784054810-758","https://www.olizstore.com/brands","https://www.olizstore.com/brand/logitech","https://www.olizstore.com/product/logitech-k120-usb-keyboard","https://wsrv.nl/?w=560&url=https://cdn2.blanxer.com/uploads/682feff88c633f25b4c7ce32/product_image-logitech-mx-master-4-wireless-mouse-graphite-0579.webp","Logitech K120 USB Keyboard","2,250"
"1784054812-759","https://www.olizstore.com/brands","https://www.olizstore.com/brand/logitech","https://www.olizstore.com/product/logitech-keys-to-go-wireless-keyboard","https://wsrv.nl/?w=560&url=https://cdn2.blanxer.com/uploads/682feff88c633f25b4c7ce32/product_image-logitech-mx-master-4-wireless-mouse-graphite-0579.webp","Logitech KEYS-TO-GO Wireless Keyboard","11,500"
"1784054814-760","https://www.olizstore.com/brands","https://www.olizstore.com/brand/logitech","https://www.olizstore.com/product/logitech-mx-keys-mini-for-mac-keyboard-pale-grey","https://wsrv.nl/?w=560&url=https://cdn2.blanxer.com/uploads/682feff88c633f25b4c7ce32/product_image-logitech-mx-master-4-wireless-mouse-graphite-0579.webp","Logitech MX Keys Mini for Mac Keyboard - Pale Grey","18,000"
"1784054816-761","https://www.olizstore.com/brands","https://www.olizstore.com/brand/logitech","https://www.olizstore.com/product/logitech-mx-keys-s-illuminated-kb","https://wsrv.nl/?w=560&url=https://cdn2.blanxer.com/uploads/682feff88c633f25b4c7ce32/product_image-logitech-mx-master-4-wireless-mouse-graphite-0579.webp","Logitech MX Keys S Illuminated KB","21,500"
"1784054818-762","https://www.olizstore.com/brands","https://www.olizstore.com/brand/logitech","https://www.olizstore.com/product/logitech-mx-master-3s-for-mac-wireless-mouse","https://wsrv.nl/?w=560&url=https://cdn2.blanxer.com/uploads/682feff88c633f25b4c7ce32/product_image-logitech-mx-master-4-wireless-mouse-graphite-0579.webp","Logitech MX Master 3S for Mac Wireless Mouse","19,800"
"1784054820-763","https://www.olizstore.com/brands","https://www.olizstore.com/brand/logitech","https://www.olizstore.com/product/logitech-mx-ergo-s-wireless-trackball-mouse","https://wsrv.nl/?w=560&url=https://cdn2.blanxer.com/uploads/682feff88c633f25b4c7ce32/product_image-logitech-mx-master-4-wireless-mouse-graphite-0579.webp","Logitech Mx Ergo S Wireless Trackball Mouse","17,500"
"1784054822-764","https://www.olizstore.com/brands","https://www.olizstore.com/brand/logitech","https://www.olizstore.com/product/logitech-pebble-2-wireless-keyboard-and-mouse-combo","https://wsrv.nl/?w=560&url=https://cdn2.blanxer.com/uploads/682feff88c633f25b4c7ce32/product_image-logitech-mx-master-4-wireless-mouse-graphite-0579.webp","Logitech Pebble 2 Wireless Keyboard and Mouse Combo","9,500"
"1784054824-765","https://www.olizstore.com/brands","https://www.olizstore.com/brand/logitech","https://www.olizstore.com/product/logitech-pebble-mouse-2-m350s-tonal-graphite","https://wsrv.nl/?w=560&url=https://cdn2.blanxer.com/uploads/682feff88c633f25b4c7ce32/product_image-logitech-mx-master-4-wireless-mouse-graphite-0579.webp","Logitech Pebble Mouse 2","4,200"
"1784054827-766","https://www.olizstore.com/brands","https://www.olizstore.com/brand/logitech","https://www.olizstore.com/product/logitech-pop-mouse-with-emoji","https://wsrv.nl/?w=560&url=https://cdn2.blanxer.com/uploads/682feff88c633f25b4c7ce32/product_image-logitech-mx-master-4-wireless-mouse-graphite-0579.webp","Logitech Pop Mouse With Emoji","4,200"
"1784054829-767","https://www.olizstore.com/brands","https://www.olizstore.com/brand/logitech","https://www.olizstore.com/product/logitech-r400s-wl-laser-professional-presentation-remote","https://wsrv.nl/?w=560&url=https://cdn2.blanxer.com/uploads/682feff88c633f25b4c7ce32/product_image-logitech-mx-master-4-wireless-mouse-graphite-0579.webp","Logitech R400S WL and R500S WL BT Laser Professional Presentation Remote","6,500"
"1784054831-768","https://www.olizstore.com/brands","https://www.olizstore.com/brand/logitech","https://www.olizstore.com/product/logitech-rugged-folio-keyboard-case-with-smart-connector-for-ipad-10.9%22-10th-gen","https://wsrv.nl/?w=560&url=https://cdn2.blanxer.com/uploads/682feff88c633f25b4c7ce32/product_image-logitech-mx-master-4-wireless-mouse-graphite-0579.webp","Logitech RUGGED FOLIO Keyboard Case with Smart Connector for iPad 10.9"" 10th Gen","28,000"
"1784054833-769","https://www.olizstore.com/brands","https://www.olizstore.com/brand/logitech","https://www.olizstore.com/product/logitech-m100r-usb-mouse","https://wsrv.nl/?w=560&url=https://cdn2.blanxer.com/uploads/682feff88c633f25b4c7ce32/product_image-logitech-mx-master-4-wireless-mouse-graphite-0579.webp","Logitech M100r USB Mouse","1,050"
"1784054835-770","https://www.olizstore.com/brands","https://www.olizstore.com/brand/logitech","https://www.olizstore.com/product/logitech-pebble-keyboard-2-k380s","https://wsrv.nl/?w=560&url=https://cdn2.blanxer.com/uploads/682feff88c633f25b4c7ce32/product_image-logitech-mx-master-4-wireless-mouse-graphite-0579.webp","Logitech Pebble Keyboard 2 K380S","6,500"
"1784054837-771","https://www.olizstore.com/brands","https://www.olizstore.com/brand/logitech","https://www.olizstore.com/product/logitech-signature-slim-combo-mk950","https://wsrv.nl/?w=560&url=https://cdn2.blanxer.com/uploads/682feff88c633f25b4c7ce32/product_image-logitech-mx-master-4-wireless-mouse-graphite-0579.webp","Logitech Signature Slim Combo MK950","18,500"
"1784054840-772","https://www.olizstore.com/brands","https://www.olizstore.com/brand/logitech","https://www.olizstore.com/product/logitech-mx-mechanical-keyboard-mini-for-mac","https://wsrv.nl/?w=560&url=https://cdn2.blanxer.com/uploads/682feff88c633f25b4c7ce32/product_image-logitech-mx-master-4-wireless-mouse-graphite-0579.webp","Logitech MX Mechanical Keyboard Mini For Mac","29,500"
"1784054842-773","https://www.olizstore.com/brands","https://www.olizstore.com/brand/logitech","https://www.olizstore.com/product/logitech-c922-hd-pro-webcam","https://wsrv.nl/?w=560&url=https://cdn2.blanxer.com/uploads/682feff88c633f25b4c7ce32/product_image-logitech-mx-master-4-wireless-mouse-graphite-0579.webp","Logitech C922 HD Pro Webcam","22,000"
"1784054844-774","https://www.olizstore.com/brands","https://www.olizstore.com/brand/logitech","https://www.olizstore.com/product/logitech-c920-hd-pro-webcam","https://wsrv.nl/?w=560&url=https://cdn2.blanxer.com/uploads/682feff88c633f25b4c7ce32/product_image-logitech-mx-master-4-wireless-mouse-graphite-0579.webp","Logitech C920 HD Pro Webcam","19,000"
"1784054846-775","https://www.olizstore.com/brands","https://www.olizstore.com/brand/logitech","https://www.olizstore.com/product/logitech-c270-hd-webcam","https://wsrv.nl/?w=560&url=https://cdn2.blanxer.com/uploads/682feff88c633f25b4c7ce32/product_image-logitech-mx-master-4-wireless-mouse-graphite-0579.webp","Logitech C270 HD Webcam","4,000"
"1784054848-776","https://www.olizstore.com/brands","https://www.olizstore.com/brand/logitech","https://www.olizstore.com/product/logitech-mx-keys-s-combo","https://wsrv.nl/?w=560&url=https://cdn2.blanxer.com/uploads/682feff88c633f25b4c7ce32/product_image-logitech-mx-master-4-wireless-mouse-graphite-0579.webp","Logitech MX Keys S Combo","39,000"
"1784054850-777","https://www.olizstore.com/brands","https://www.olizstore.com/brand/logitech","https://www.olizstore.com/product/logitech-pop-icon-combo-price-in-nepal","https://wsrv.nl/?w=560&url=https://cdn2.blanxer.com/uploads/682feff88c633f25b4c7ce32/product_image-logitech-mx-master-4-wireless-mouse-graphite-0579.webp","Logitech POP Icon Combo","14,500"
"1784054853-778","https://www.olizstore.com/brands","https://www.olizstore.com/brand/logitech","https://www.olizstore.com/product/logitech-ergo-k860-wireless-split-keyboard-price-in-nepal","https://wsrv.nl/?w=560&url=https://cdn2.blanxer.com/uploads/682feff88c633f25b4c7ce32/product_image-logitech-mx-master-4-wireless-mouse-graphite-0579.webp","Logitech ERGO K860 Wireless Split Keyboard","25,500"
"1784054855-779","https://www.olizstore.com/brands","https://www.olizstore.com/brand/logitech","https://www.olizstore.com/product/logitech-combo-touch-for-ipad-11-(a16)-and-ipad-10.9-(10th-gen)","https://wsrv.nl/?w=560&url=https://cdn2.blanxer.com/uploads/682feff88c633f25b4c7ce32/product_image-logitech-mx-master-4-wireless-mouse-graphite-0579.webp","Logitech Combo Touch for iPad 11″ (A16) & iPad 10.9″ (10th Gen)","34,000"
"1784054857-780","https://www.olizstore.com/brands","https://www.olizstore.com/brand/logitech","https://www.olizstore.com/product/logitech-mx-master-4-price-in-nepal","https://wsrv.nl/?w=560&url=https://cdn2.blanxer.com/uploads/682feff88c633f25b4c7ce32/product_image-logitech-mx-master-4-wireless-mouse-graphite-0579.webp","Logitech MX Master 4 Wireless Mouse","24,500"
"1784054862-781","https://www.olizstore.com/brands","https://www.olizstore.com/brand/lexar","https://www.olizstore.com/product/lexar-professional-633x-sdhc-uhs-i-memory-card","https://wsrv.nl/?w=560&url=https://cdn2.blanxer.com/uploads/682feff88c633f25b4c7ce32/product_image-lexar-professional-high-speed-all-2479.webp","Lexar Professional 633x SDHC UHS-I Memory Card","1,400"
"1784054864-782","https://www.olizstore.com/brands","https://www.olizstore.com/brand/lexar","https://www.olizstore.com/product/lexar-high-performance-633x-microsdhcmicrosdxc-uhs-i-card","https://wsrv.nl/?w=560&url=https://cdn2.blanxer.com/uploads/682feff88c633f25b4c7ce32/product_image-lexar-professional-high-speed-all-2479.webp","Lexar High-Performance 633x microSDHC / microSDXC UHS-I Card","1,500"
"1784054872-783","https://www.olizstore.com/brands","https://www.olizstore.com/brand/levoit","https://www.olizstore.com/product/levoit-lvac-200-cordless-vacuum-cleaner","https://wsrv.nl/?w=560&url=https://cdn2.blanxer.com/uploads/682feff88c633f25b4c7ce32/product_image-untitled-design-5-7119.webp","Levoit LVAC-200 Cordless Vacuum Cleaner","28,500"
"1784054874-784","https://www.olizstore.com/brands","https://www.olizstore.com/brand/levoit","https://www.olizstore.com/product/levoit-core(r)-600s-smart-air-purifier","https://wsrv.nl/?w=560&url=https://cdn2.blanxer.com/uploads/682feff88c633f25b4c7ce32/product_image-untitled-design-5-7119.webp","Levoit Core® 600S Smart Air Purifier","48,500"
"1784054877-785","https://www.olizstore.com/brands","https://www.olizstore.com/brand/levoit","https://www.olizstore.com/product/levoit-core(r)-400s-smart-air-purifier","https://wsrv.nl/?w=560&url=https://cdn2.blanxer.com/uploads/682feff88c633f25b4c7ce32/product_image-untitled-design-5-7119.webp","Levoit Core® 400S Smart Air Purifier","36,500"
"1784054879-786","https://www.olizstore.com/brands","https://www.olizstore.com/brand/levoit","https://www.olizstore.com/product/levoit-core(r)-300s-smart-air-purifier","https://wsrv.nl/?w=560&url=https://cdn2.blanxer.com/uploads/682feff88c633f25b4c7ce32/product_image-untitled-design-5-7119.webp","Levoit Core® 300S Smart Air Purifier","27,500"
"1784054881-787","https://www.olizstore.com/brands","https://www.olizstore.com/brand/levoit","https://www.olizstore.com/product/levoit-pet-air-purifier-vital-100s","https://wsrv.nl/?w=560&url=https://cdn2.blanxer.com/uploads/682feff88c633f25b4c7ce32/product_image-untitled-design-5-7119.webp","Levoit Pet Air Purifier Vital 100s","25,500"
"1784054883-788","https://www.olizstore.com/brands","https://www.olizstore.com/brand/levoit","https://www.olizstore.com/product/levoit-core(r)-200s-smart-air-purifier","https://wsrv.nl/?w=560&url=https://cdn2.blanxer.com/uploads/682feff88c633f25b4c7ce32/product_image-untitled-design-5-7119.webp","Levoit Core® 200S Smart Air Purifier","20,500"
"1784054885-789","https://www.olizstore.com/brands","https://www.olizstore.com/brand/levoit","https://www.olizstore.com/product/levoit-core(r)-mini-air-purifier","https://wsrv.nl/?w=560&url=https://cdn2.blanxer.com/uploads/682feff88c633f25b4c7ce32/product_image-untitled-design-5-7119.webp","Levoit Core® Mini Air Purifier","13,500"
"1784054887-790","https://www.olizstore.com/brands","https://www.olizstore.com/brand/levoit","https://www.olizstore.com/product/levoit-classic-300s-ultrasonic-smart-humidifier","https://wsrv.nl/?w=560&url=https://cdn2.blanxer.com/uploads/682feff88c633f25b4c7ce32/product_image-untitled-design-5-7119.webp","Levoit Classic 300S Ultrasonic Smart Humidifier","18,500"
"1784054890-791","https://www.olizstore.com/brands","https://www.olizstore.com/brand/levoit","https://www.olizstore.com/product/levoit-dual-150-ultrasonic-cool-mist-humidifier","https://wsrv.nl/?w=560&url=https://cdn2.blanxer.com/uploads/682feff88c633f25b4c7ce32/product_image-untitled-design-5-7119.webp","Levoit Dual 150 Ultrasonic Cool Mist Humidifier","12,500"
"1784054892-792","https://www.olizstore.com/brands","https://www.olizstore.com/brand/levoit","https://www.olizstore.com/product/levoit-filter-core-300-and-300srf","https://wsrv.nl/?w=560&url=https://cdn2.blanxer.com/uploads/682feff88c633f25b4c7ce32/product_image-untitled-design-5-7119.webp","Levoit Filter Core 300 & 300S‑RF","8,800"
"1784054894-793","https://www.olizstore.com/brands","https://www.olizstore.com/brand/levoit","https://www.olizstore.com/product/levoit-classic-pro-smart-tower-fan-42-inch-(wifi)","https://wsrv.nl/?w=560&url=https://cdn2.blanxer.com/uploads/682feff88c633f25b4c7ce32/product_image-untitled-design-5-7119.webp","Levoit Classic Pro Smart Tower Fan 42-inch (WiFi)","23,500"
"1784054896-794","https://www.olizstore.com/brands","https://www.olizstore.com/brand/levoit","https://www.olizstore.com/product/levoit-pedestal-air-circulator-fan","https://wsrv.nl/?w=560&url=https://cdn2.blanxer.com/uploads/682feff88c633f25b4c7ce32/product_image-untitled-design-5-7119.webp","Levoit Pedestal Air Circulator Fan","19,500"
"1784054898-795","https://www.olizstore.com/brands","https://www.olizstore.com/brand/levoit","https://www.olizstore.com/product/levoit-dc-tower-fan-42-inch","https://wsrv.nl/?w=560&url=https://cdn2.blanxer.com/uploads/682feff88c633f25b4c7ce32/product_image-untitled-design-5-7119.webp","Levoit Classic Pro Tower Fan 42-inch","21,500"
"1784054901-796","https://www.olizstore.com/brands","https://www.olizstore.com/brand/levoit","https://www.olizstore.com/product/levoit-classic-tower-fan-36-inch","https://wsrv.nl/?w=560&url=https://cdn2.blanxer.com/uploads/682feff88c633f25b4c7ce32/product_image-untitled-design-5-7119.webp","Levoit Classic Tower Fan 36-inch","17,500"
"1784054903-797","https://www.olizstore.com/brands","https://www.olizstore.com/brand/levoit","https://www.olizstore.com/product/levoit-windi-mini-pro-portable-desk-tower-fan","https://wsrv.nl/?w=560&url=https://cdn2.blanxer.com/uploads/682feff88c633f25b4c7ce32/product_image-untitled-design-5-7119.webp","Levoit Windi Mini Pro Portable Desk Tower Fan",""
"1784054905-798","https://www.olizstore.com/brands","https://www.olizstore.com/brand/levoit","https://www.olizstore.com/product/levoit-windi-mini-portable-desk-tower-fan-price-in-nepal","https://wsrv.nl/?w=560&url=https://cdn2.blanxer.com/uploads/682feff88c633f25b4c7ce32/product_image-untitled-design-5-7119.webp","Levoit Windi Mini Portable Desk Tower Fan",""
"1784054907-799","https://www.olizstore.com/brands","https://www.olizstore.com/brand/levoit","https://www.olizstore.com/product/levoit-core(r)-mini-p-air-purifier-replacement-filter-price-in-nepal","https://wsrv.nl/?w=560&url=https://cdn2.blanxer.com/uploads/682feff88c633f25b4c7ce32/product_image-untitled-design-5-7119.webp","Levoit Core® Mini-P Air Purifier Replacement Filter",""
"1784054909-800","https://www.olizstore.com/brands","https://www.olizstore.com/brand/levoit","https://www.olizstore.com/product/levoit-core(r)-600s-p-original-replacement-filter","https://wsrv.nl/?w=560&url=https://cdn2.blanxer.com/uploads/682feff88c633f25b4c7ce32/product_image-untitled-design-5-7119.webp","Levoit Core® 600S-P Original Replacement Filter",""
"1784054912-801","https://www.olizstore.com/brands","https://www.olizstore.com/brand/levoit","https://www.olizstore.com/product/levoit-core-200s(r)-p-3-stage-replacement-filter-price-in-nepal","https://wsrv.nl/?w=560&url=https://cdn2.blanxer.com/uploads/682feff88c633f25b4c7ce32/product_image-untitled-design-5-7119.webp","Levoit Core 200S®-P 3-Stage Replacement Filter",""
"1784054914-802","https://www.olizstore.com/brands","https://www.olizstore.com/brand/levoit","https://www.olizstore.com/product/levoit-core(r)-400s-p-3-stage-replacement-filter-price-in-nepal","https://wsrv.nl/?w=560&url=https://cdn2.blanxer.com/uploads/682feff88c633f25b4c7ce32/product_image-untitled-design-5-7119.webp","Levoit Core® 400S-P 3-Stage Replacement Filter",""
"1784054923-803","https://www.olizstore.com/brands","https://www.olizstore.com/brand/keychron","https://www.olizstore.com/product/keychron-q6-max-full-size-mechanical-keyboard","https://wsrv.nl/?w=560&url=https://cdn2.blanxer.com/uploads/682feff88c633f25b4c7ce32/product_image-keychron-c3-pro-8k-qmk-wired-mechanical-keyboard-cover-0198.webp","Keychron Q6 Max Full-Size Mechanical Keyboard","29,250"
"1784054925-804","https://www.olizstore.com/brands","https://www.olizstore.com/brand/keychron","https://www.olizstore.com/product/keychron-v6-max-full-size-mechanical-keyboard","https://wsrv.nl/?w=560&url=https://cdn2.blanxer.com/uploads/682feff88c633f25b4c7ce32/product_image-keychron-c3-pro-8k-qmk-wired-mechanical-keyboard-cover-0198.webp","Keychron V6 Max Full-Size Mechanical Keyboard","13,500"
"1784054927-805","https://www.olizstore.com/brands","https://www.olizstore.com/brand/keychron","https://www.olizstore.com/product/keychron-v5-full-size-mechanical-keyboard","https://wsrv.nl/?w=560&url=https://cdn2.blanxer.com/uploads/682feff88c633f25b4c7ce32/product_image-keychron-c3-pro-8k-qmk-wired-mechanical-keyboard-cover-0198.webp","Keychron V5 Full-Size Mechanical Keyboard","13,950"
"1784054929-806","https://www.olizstore.com/brands","https://www.olizstore.com/brand/keychron","https://www.olizstore.com/product/keychron-v5-max-full-size-mechanical-keyboard","https://wsrv.nl/?w=560&url=https://cdn2.blanxer.com/uploads/682feff88c633f25b4c7ce32/product_image-keychron-c3-pro-8k-qmk-wired-mechanical-keyboard-cover-0198.webp","Keychron V5 Max Full-Size Mechanical Keyboard","13,500"
"1784054931-807","https://www.olizstore.com/brands","https://www.olizstore.com/brand/keychron","https://www.olizstore.com/product/keychron-v3-max-wireless-mechanical-keyboard","https://wsrv.nl/?w=560&url=https://cdn2.blanxer.com/uploads/682feff88c633f25b4c7ce32/product_image-keychron-c3-pro-8k-qmk-wired-mechanical-keyboard-cover-0198.webp","Keychron V3 Max Wireless Mechanical Keyboard","14,000"
"1784054933-808","https://www.olizstore.com/brands","https://www.olizstore.com/brand/keychron","https://www.olizstore.com/product/keychron-v1-75percent-custom-mechanical-keyboard","https://wsrv.nl/?w=560&url=https://cdn2.blanxer.com/uploads/682feff88c633f25b4c7ce32/product_image-keychron-c3-pro-8k-qmk-wired-mechanical-keyboard-cover-0198.webp","Keychron V1 75% Custom Mechanical Keyboard","15,000"
"1784054936-809","https://www.olizstore.com/brands","https://www.olizstore.com/brand/keychron","https://www.olizstore.com/product/keychron-v10-75percent-alice-style-mechanical-keyboard","https://wsrv.nl/?w=560&url=https://cdn2.blanxer.com/uploads/682feff88c633f25b4c7ce32/product_image-keychron-c3-pro-8k-qmk-wired-mechanical-keyboard-cover-0198.webp","Keychron V10 75% Alice-Style Mechanical Keyboard","14,850"
"1784054938-810","https://www.olizstore.com/brands","https://www.olizstore.com/brand/keychron","https://www.olizstore.com/product/keychron-k6-68-keys-wireless-mechanical-keyboard","https://wsrv.nl/?w=560&url=https://cdn2.blanxer.com/uploads/682feff88c633f25b4c7ce32/product_image-keychron-c3-pro-8k-qmk-wired-mechanical-keyboard-cover-0198.webp","Keychron K6 68-Keys Wireless Mechanical Keyboard","13,500"
"1784054940-811","https://www.olizstore.com/brands","https://www.olizstore.com/brand/keychron","https://www.olizstore.com/product/keychron-k6-pro-87-keys-wireless-mechanical-keyboard","https://wsrv.nl/?w=560&url=https://cdn2.blanxer.com/uploads/682feff88c633f25b4c7ce32/product_image-keychron-c3-pro-8k-qmk-wired-mechanical-keyboard-cover-0198.webp","Keychron K6 Pro 87-Keys Wireless Mechanical Keyboard","14,850"
"1784054942-812","https://www.olizstore.com/brands","https://www.olizstore.com/brand/keychron","https://www.olizstore.com/product/keychron-k5-max-full-size-mechanical-keyboard","https://wsrv.nl/?w=560&url=https://cdn2.blanxer.com/uploads/682feff88c633f25b4c7ce32/product_image-keychron-c3-pro-8k-qmk-wired-mechanical-keyboard-cover-0198.webp","Keychron K5 Max Full-Size Mechanical Keyboard","16,020"
"1784054944-813","https://www.olizstore.com/brands","https://www.olizstore.com/brand/keychron","https://www.olizstore.com/product/keychron-k4-96percent-wireless-mechanical-keyboard","https://wsrv.nl/?w=560&url=https://cdn2.blanxer.com/uploads/682feff88c633f25b4c7ce32/product_image-keychron-c3-pro-8k-qmk-wired-mechanical-keyboard-cover-0198.webp","Keychron K4 96% Wireless Mechanical Keyboard","13,950"
"1784054947-814","https://www.olizstore.com/brands","https://www.olizstore.com/brand/keychron","https://www.olizstore.com/product/keychron-k3-ultra-slim-wireless-mechanical-keyboard","https://wsrv.nl/?w=560&url=https://cdn2.blanxer.com/uploads/682feff88c633f25b4c7ce32/product_image-keychron-c3-pro-8k-qmk-wired-mechanical-keyboard-cover-0198.webp","Keychron K3 Ultra-Slim Wireless Mechanical Keyboard","15,500"
"1784054949-815","https://www.olizstore.com/brands","https://www.olizstore.com/brand/keychron","https://www.olizstore.com/product/keychron-k3-pro-low-profile-wireless-mechanical-keyboard","https://wsrv.nl/?w=560&url=https://cdn2.blanxer.com/uploads/682feff88c633f25b4c7ce32/product_image-keychron-c3-pro-8k-qmk-wired-mechanical-keyboard-cover-0198.webp","Keychron K3 Pro Low-Profile Wireless Mechanical Keyboard","16,650"
"1784054951-816","https://www.olizstore.com/brands","https://www.olizstore.com/brand/keychron","https://www.olizstore.com/product/keychron-k2-pro-84-key-mechanical-keyboard","https://wsrv.nl/?w=560&url=https://cdn2.blanxer.com/uploads/682feff88c633f25b4c7ce32/product_image-keychron-c3-pro-8k-qmk-wired-mechanical-keyboard-cover-0198.webp","Keychron K2 Pro 84-Key Mechanical Keyboard","15,750"
"1784054953-817","https://www.olizstore.com/brands","https://www.olizstore.com/brand/keychron","https://www.olizstore.com/product/keychron-k2-wireless-mechanical-keyboard","https://wsrv.nl/?w=560&url=https://cdn2.blanxer.com/uploads/682feff88c633f25b4c7ce32/product_image-keychron-c3-pro-8k-qmk-wired-mechanical-keyboard-cover-0198.webp","Keychron K2 Wireless Mechanical Keyboard","12,150"
"1784054955-818","https://www.olizstore.com/brands","https://www.olizstore.com/brand/keychron","https://www.olizstore.com/product/keychron-k1-pro-low-profile-mechanical-keyboard","https://wsrv.nl/?w=560&url=https://cdn2.blanxer.com/uploads/682feff88c633f25b4c7ce32/product_image-keychron-c3-pro-8k-qmk-wired-mechanical-keyboard-cover-0198.webp","Keychron K1 Pro Low-Profile Mechanical Keyboard","16,650"
"1784054957-819","https://www.olizstore.com/brands","https://www.olizstore.com/brand/keychron","https://www.olizstore.com/product/keychron-k1-low-profile-mechanical-keyboard","https://wsrv.nl/?w=560&url=https://cdn2.blanxer.com/uploads/682feff88c633f25b4c7ce32/product_image-keychron-c3-pro-8k-qmk-wired-mechanical-keyboard-cover-0198.webp","Keychron K1 Low-Profile Mechanical Keyboard","14,850"
"1784054960-820","https://www.olizstore.com/brands","https://www.olizstore.com/brand/keychron","https://www.olizstore.com/product/keychron-k13-max-wireless-full-size-mechanical-keyboard","https://wsrv.nl/?w=560&url=https://cdn2.blanxer.com/uploads/682feff88c633f25b4c7ce32/product_image-keychron-c3-pro-8k-qmk-wired-mechanical-keyboard-cover-0198.webp","Keychron K13 Max Wireless Full-Size Mechanical Keyboard","17,000"
"1784054962-821","https://www.olizstore.com/brands","https://www.olizstore.com/brand/keychron","https://www.olizstore.com/product/keychron-k12-60percent-wireless-mechanical-keyboard","https://wsrv.nl/?w=560&url=https://cdn2.blanxer.com/uploads/682feff88c633f25b4c7ce32/product_image-keychron-c3-pro-8k-qmk-wired-mechanical-keyboard-cover-0198.webp","Keychron K12 60% Wireless Mechanical Keyboard","16,000"
"1784054964-822","https://www.olizstore.com/brands","https://www.olizstore.com/brand/keychron","https://www.olizstore.com/product/keychron-k10-pro-104key-fullsize-mechanical-keyboard","https://wsrv.nl/?w=560&url=https://cdn2.blanxer.com/uploads/682feff88c633f25b4c7ce32/product_image-keychron-c3-pro-8k-qmk-wired-mechanical-keyboard-cover-0198.webp","Keychron K10 Pro 104‑Key Full‑Size Mechanical Keyboard","16,500"
"1784054966-823","https://www.olizstore.com/brands","https://www.olizstore.com/brand/keychron","https://www.olizstore.com/product/keychron-k10-wireless-104key-mechanical-keyboard","https://wsrv.nl/?w=560&url=https://cdn2.blanxer.com/uploads/682feff88c633f25b4c7ce32/product_image-keychron-c3-pro-8k-qmk-wired-mechanical-keyboard-cover-0198.webp","Keychron K10 Wireless 104‑Key Mechanical Keyboard","17,500"
"1784054968-824","https://www.olizstore.com/brands","https://www.olizstore.com/brand/keychron","https://www.olizstore.com/product/keychron-c2-wired-87key-mechanical-keyboard","https://wsrv.nl/?w=560&url=https://cdn2.blanxer.com/uploads/682feff88c633f25b4c7ce32/product_image-keychron-c3-pro-8k-qmk-wired-mechanical-keyboard-cover-0198.webp","Keychron C2 Wired 87‑Key Mechanical Keyboard","8,500"
"1784054971-825","https://www.olizstore.com/brands","https://www.olizstore.com/brand/keychron","https://www.olizstore.com/product/keychron-b6-pro-ultra-slim-full-size-wireless-keyboardb6p-k1","https://wsrv.nl/?w=560&url=https://cdn2.blanxer.com/uploads/682feff88c633f25b4c7ce32/product_image-keychron-c3-pro-8k-qmk-wired-mechanical-keyboard-cover-0198.webp","Keychron B6 Pro Ultra-Slim Full-Size Wireless Keyboard","7,500"
"1784054973-826","https://www.olizstore.com/brands","https://www.olizstore.com/brand/keychron","https://www.olizstore.com/product/keychron-m6-wireless-mouse","https://wsrv.nl/?w=560&url=https://cdn2.blanxer.com/uploads/682feff88c633f25b4c7ce32/product_image-keychron-c3-pro-8k-qmk-wired-mechanical-keyboard-cover-0198.webp","Keychron M6 Wireless Mouse","7,500"
"1784054975-827","https://www.olizstore.com/brands","https://www.olizstore.com/brand/keychron","https://www.olizstore.com/product/keychron-m3-mini-wireless-mouse","https://wsrv.nl/?w=560&url=https://cdn2.blanxer.com/uploads/682feff88c633f25b4c7ce32/product_image-keychron-c3-pro-8k-qmk-wired-mechanical-keyboard-cover-0198.webp","Keychron M3 Mini Wireless Mouse","7,500"
"1784054977-828","https://www.olizstore.com/brands","https://www.olizstore.com/brand/keychron","https://www.olizstore.com/product/keychron-m3-wireless-mouse","https://wsrv.nl/?w=560&url=https://cdn2.blanxer.com/uploads/682feff88c633f25b4c7ce32/product_image-keychron-c3-pro-8k-qmk-wired-mechanical-keyboard-cover-0198.webp","Keychron M3 Wireless Mouse","7,500"
"1784054979-829","https://www.olizstore.com/brands","https://www.olizstore.com/brand/keychron","https://www.olizstore.com/product/keychron-m7-wireless-mouse","https://wsrv.nl/?w=560&url=https://cdn2.blanxer.com/uploads/682feff88c633f25b4c7ce32/product_image-keychron-c3-pro-8k-qmk-wired-mechanical-keyboard-cover-0198.webp","Keychron M7 Wireless Mouse","7,500"
"1784054981-830","https://www.olizstore.com/brands","https://www.olizstore.com/brand/keychron","https://www.olizstore.com/product/keychron-m1-wireless-mouse","https://wsrv.nl/?w=560&url=https://cdn2.blanxer.com/uploads/682feff88c633f25b4c7ce32/product_image-keychron-c3-pro-8k-qmk-wired-mechanical-keyboard-cover-0198.webp","Keychron M1 Wireless Mouse","7,200"
"1784054984-831","https://www.olizstore.com/brands","https://www.olizstore.com/brand/keychron","https://www.olizstore.com/product/keychron-solid-wood-palm-rests","https://wsrv.nl/?w=560&url=https://cdn2.blanxer.com/uploads/682feff88c633f25b4c7ce32/product_image-keychron-c3-pro-8k-qmk-wired-mechanical-keyboard-cover-0198.webp","Keychron Solid Wood Palm Rests","3,200"
"1784054986-832","https://www.olizstore.com/brands","https://www.olizstore.com/brand/keychron","https://www.olizstore.com/product/keychron-v1-max-wireless-mechanical-keyboardv6m-d3","https://wsrv.nl/?w=560&url=https://cdn2.blanxer.com/uploads/682feff88c633f25b4c7ce32/product_image-keychron-c3-pro-8k-qmk-wired-mechanical-keyboard-cover-0198.webp","Keychron V1 Max Wireless Mechanical Keyboard","19,000"
"1784054988-833","https://www.olizstore.com/brands","https://www.olizstore.com/brand/keychron","https://www.olizstore.com/product/keychron-k10-wireless-mechanical-keyboard-(version-2)k10x-j3","https://wsrv.nl/?w=560&url=https://cdn2.blanxer.com/uploads/682feff88c633f25b4c7ce32/product_image-keychron-c3-pro-8k-qmk-wired-mechanical-keyboard-cover-0198.webp","Keychron K10 Wireless Mechanical Keyboard (Version 2)","21,000"
"1784054990-834","https://www.olizstore.com/brands","https://www.olizstore.com/brand/keychron","https://www.olizstore.com/product/keychron-k8-wireless-mechanical-keyboard-(version-2)k8x-j3","https://wsrv.nl/?w=560&url=https://cdn2.blanxer.com/uploads/682feff88c633f25b4c7ce32/product_image-keychron-c3-pro-8k-qmk-wired-mechanical-keyboard-cover-0198.webp","Keychron K8 Wireless Mechanical Keyboard (Version 2)","20,000"
"1784054993-835","https://www.olizstore.com/brands","https://www.olizstore.com/brand/keychron","https://www.olizstore.com/product/keychron-k3-wireless-mechanical-keyboard-(version-3)","https://wsrv.nl/?w=560&url=https://cdn2.blanxer.com/uploads/682feff88c633f25b4c7ce32/product_image-keychron-c3-pro-8k-qmk-wired-mechanical-keyboard-cover-0198.webp","Keychron K3 Wireless Mechanical Keyboard (Version 3)","17,500"
"1784054995-836","https://www.olizstore.com/brands","https://www.olizstore.com/brand/keychron","https://www.olizstore.com/product/keychron-k2-wireless-mechanical-keyboard-(version-3)-k2x-j1","https://wsrv.nl/?w=560&url=https://cdn2.blanxer.com/uploads/682feff88c633f25b4c7ce32/product_image-keychron-c3-pro-8k-qmk-wired-mechanical-keyboard-cover-0198.webp","Keychron K2 Wireless Mechanical Keyboard (Version 3)","20,000"
"1784054997-837","https://www.olizstore.com/brands","https://www.olizstore.com/brand/keychron","https://www.olizstore.com/product/keychron-k10-he-wireless-mechanical-keyboard-special-edition","https://wsrv.nl/?w=560&url=https://cdn2.blanxer.com/uploads/682feff88c633f25b4c7ce32/product_image-keychron-c3-pro-8k-qmk-wired-mechanical-keyboard-cover-0198.webp","Keychron K10 HE Wireless Mechanical Keyboard Special Edition","24,000"
"1784054999-838","https://www.olizstore.com/brands","https://www.olizstore.com/brand/keychron","https://www.olizstore.com/product/keychron-k2-he-wireless-mechanical-keyboard-special-edition-k2h-q1","https://wsrv.nl/?w=560&url=https://cdn2.blanxer.com/uploads/682feff88c633f25b4c7ce32/product_image-keychron-c3-pro-8k-qmk-wired-mechanical-keyboard-cover-0198.webp","Keychron K2 HE Wireless Mechanical Keyboard Special Edition","23,000"
"1784055001-839","https://www.olizstore.com/brands","https://www.olizstore.com/brand/keychron","https://www.olizstore.com/product/keychron-c3-pro-8k-qmk-wired-mechanical-keyboard","https://wsrv.nl/?w=560&url=https://cdn2.blanxer.com/uploads/682feff88c633f25b4c7ce32/product_image-keychron-c3-pro-8k-qmk-wired-mechanical-keyboard-cover-0198.webp","Keychron C3 Pro 8K QMK Wired Mechanical Keyboard","9,000"
"1784055011-840","https://www.olizstore.com/brands","https://www.olizstore.com/brand/kef","https://www.olizstore.com/product/kef-r7-meta-floor-standing-loudspeaker-(pair)","https://wsrv.nl/?w=560&url=https://cdn2.blanxer.com/uploads/682feff88c633f25b4c7ce32/product_image-kef-muo-portable-bluetooth-speaker-0016.webp","KEF R7 Meta – Floor Standing Loudspeaker (Pair)","9,30,000"
"1784055013-841","https://www.olizstore.com/brands","https://www.olizstore.com/brand/kef","https://www.olizstore.com/product/kef-r11-meta-flagship-three-way-floor-standing-speakers-(pair)","https://wsrv.nl/?w=560&url=https://cdn2.blanxer.com/uploads/682feff88c633f25b4c7ce32/product_image-kef-muo-portable-bluetooth-speaker-0016.webp","KEF R11 Meta – Flagship Three-Way Floor Standing Speakers (Pair)","10,85,000"
"1784055015-842","https://www.olizstore.com/brands","https://www.olizstore.com/brand/kef","https://www.olizstore.com/product/kef-r11-flagship-three-way-floor-standing-speakers-(pair)","https://wsrv.nl/?w=560&url=https://cdn2.blanxer.com/uploads/682feff88c633f25b4c7ce32/product_image-kef-muo-portable-bluetooth-speaker-0016.webp","KEF R11 – Flagship Three-Way Floor Standing Speakers (Pair)","9,15,000"
"1784055017-843","https://www.olizstore.com/brands","https://www.olizstore.com/brand/kef","https://www.olizstore.com/product/kef-r5-floorstanding-speakers-(pair)","https://wsrv.nl/?w=560&url=https://cdn2.blanxer.com/uploads/682feff88c633f25b4c7ce32/product_image-kef-muo-portable-bluetooth-speaker-0016.webp","KEF R5 – Floorstanding Speakers (Pair)","4,90,000"
"1784055019-844","https://www.olizstore.com/brands","https://www.olizstore.com/brand/kef","https://www.olizstore.com/product/kef-r3-bookshelf-speaker-(pair)","https://wsrv.nl/?w=560&url=https://cdn2.blanxer.com/uploads/682feff88c633f25b4c7ce32/product_image-kef-muo-portable-bluetooth-speaker-0016.webp","KEF R3 – Bookshelf Speaker (Pair)","2,48,000"
"1784055021-845","https://www.olizstore.com/brands","https://www.olizstore.com/brand/kef","https://www.olizstore.com/product/kef-r6-meta-center-channel-speaker","https://wsrv.nl/?w=560&url=https://cdn2.blanxer.com/uploads/682feff88c633f25b4c7ce32/product_image-kef-muo-portable-bluetooth-speaker-0016.webp","KEF R6 Meta – Center Channel Speaker","3,40,000"
"1784055024-846","https://www.olizstore.com/brands","https://www.olizstore.com/brand/kef","https://www.olizstore.com/product/kef-r2c-center-channel-speaker","https://wsrv.nl/?w=560&url=https://cdn2.blanxer.com/uploads/682feff88c633f25b4c7ce32/product_image-kef-muo-portable-bluetooth-speaker-0016.webp","KEF R2C – Center Channel Speaker","1,25,000"
"1784055026-847","https://www.olizstore.com/brands","https://www.olizstore.com/brand/kef","https://www.olizstore.com/product/kef-r200c-center-channel-speaker","https://wsrv.nl/?w=560&url=https://cdn2.blanxer.com/uploads/682feff88c633f25b4c7ce32/product_image-kef-muo-portable-bluetooth-speaker-0016.webp","KEF R200C – Center Channel Speaker","1,90,000"
"1784055028-848","https://www.olizstore.com/brands","https://www.olizstore.com/brand/kef","https://www.olizstore.com/product/kef-r100-bookshelf-speaker-(pair)","https://wsrv.nl/?w=560&url=https://cdn2.blanxer.com/uploads/682feff88c633f25b4c7ce32/product_image-kef-muo-portable-bluetooth-speaker-0016.webp","KEF R100 Bookshelf Speaker (Pair)","1,20,000"
"1784055030-849","https://www.olizstore.com/brands","https://www.olizstore.com/brand/kef","https://www.olizstore.com/product/kef-q950-flagship-floor-standing-speakers-(pair)","https://wsrv.nl/?w=560&url=https://cdn2.blanxer.com/uploads/682feff88c633f25b4c7ce32/product_image-kef-muo-portable-bluetooth-speaker-0016.webp","KEF Q950 – Flagship Floor Standing Speakers (Pair)","3,30,000"
"1784055032-850","https://www.olizstore.com/brands","https://www.olizstore.com/brand/kef","https://www.olizstore.com/product/kef-q750-floor-standing-speakers-(pair)","https://wsrv.nl/?w=560&url=https://cdn2.blanxer.com/uploads/682feff88c633f25b4c7ce32/product_image-kef-muo-portable-bluetooth-speaker-0016.webp","KEF Q750 – Floor Standing Speakers (Pair)","2,70,000"
"1784055035-851","https://www.olizstore.com/brands","https://www.olizstore.com/brand/kef","https://www.olizstore.com/product/kef-q550-floor-standing-speakers-(pair)","https://wsrv.nl/?w=560&url=https://cdn2.blanxer.com/uploads/682feff88c633f25b4c7ce32/product_image-kef-muo-portable-bluetooth-speaker-0016.webp","KEF Q550 – Floor Standing Speakers (Pair)","2,20,000"
"1784055037-852","https://www.olizstore.com/brands","https://www.olizstore.com/brand/kef","https://www.olizstore.com/product/kef-q350-book-shelf-speakers-(pair)","https://wsrv.nl/?w=560&url=https://cdn2.blanxer.com/uploads/682feff88c633f25b4c7ce32/product_image-kef-muo-portable-bluetooth-speaker-0016.webp","KEF Q350 – Book Shelf Speakers (Pair)","1,20,000"
"1784055039-853","https://www.olizstore.com/brands","https://www.olizstore.com/brand/kef","https://www.olizstore.com/product/kef-q650c-center-channel-speaker","https://wsrv.nl/?w=560&url=https://cdn2.blanxer.com/uploads/682feff88c633f25b4c7ce32/product_image-kef-muo-portable-bluetooth-speaker-0016.webp","KEF Q650c – Center Channel Speaker","1,20,000"
"1784055041-854","https://www.olizstore.com/brands","https://www.olizstore.com/brand/kef","https://www.olizstore.com/product/kef-q300-book-shelf-speakers-(pair)","https://wsrv.nl/?w=560&url=https://cdn2.blanxer.com/uploads/682feff88c633f25b4c7ce32/product_image-kef-muo-portable-bluetooth-speaker-0016.webp","KEF Q300 – Book Shelf Speakers (Pair)","95,000"
"1784055043-855","https://www.olizstore.com/brands","https://www.olizstore.com/brand/kef","https://www.olizstore.com/product/kef-q750-cloth-grille-black","https://wsrv.nl/?w=560&url=https://cdn2.blanxer.com/uploads/682feff88c633f25b4c7ce32/product_image-kef-muo-portable-bluetooth-speaker-0016.webp","KEF Q750 Cloth Grille - Black","8,500"
"1784055045-856","https://www.olizstore.com/brands","https://www.olizstore.com/brand/kef","https://www.olizstore.com/product/kef-q550-cloth-grille-black","https://wsrv.nl/?w=560&url=https://cdn2.blanxer.com/uploads/682feff88c633f25b4c7ce32/product_image-kef-muo-portable-bluetooth-speaker-0016.webp","KEF Q550 Cloth Grille - Black","6,800"
"1784055048-857","https://www.olizstore.com/brands","https://www.olizstore.com/brand/kef","https://www.olizstore.com/product/kef-q350-cloth-grille-black","https://wsrv.nl/?w=560&url=https://cdn2.blanxer.com/uploads/682feff88c633f25b4c7ce32/product_image-kef-muo-portable-bluetooth-speaker-0016.webp","KEF Q350 Cloth Grille - Black","4,200"
"1784055050-858","https://www.olizstore.com/brands","https://www.olizstore.com/brand/kef","https://www.olizstore.com/product/kef-ls60-wireless-highfidelity-floor-standing-speaker-(pair)","https://wsrv.nl/?w=560&url=https://cdn2.blanxer.com/uploads/682feff88c633f25b4c7ce32/product_image-kef-muo-portable-bluetooth-speaker-0016.webp","KEF LS60 Wireless – High‑Fidelity Floor Standing Speaker (Pair)","9,30,000"
"1784055052-859","https://www.olizstore.com/brands","https://www.olizstore.com/brand/kef","https://www.olizstore.com/product/kef-ls50-wireless-ii-powerful-book-shelf-speaker-(pair)","https://wsrv.nl/?w=560&url=https://cdn2.blanxer.com/uploads/682feff88c633f25b4c7ce32/product_image-kef-muo-portable-bluetooth-speaker-0016.webp","KEF LS50 Wireless II - Powerful Book Shelf Speaker (Pair)","4,65,000"
"1784055054-860","https://www.olizstore.com/brands","https://www.olizstore.com/brand/kef","https://www.olizstore.com/product/kef-ls50-meta-hi-fi-book-shelf-speaker-(pair)","https://wsrv.nl/?w=560&url=https://cdn2.blanxer.com/uploads/682feff88c633f25b4c7ce32/product_image-kef-muo-portable-bluetooth-speaker-0016.webp","KEF LS50 Meta - Hi-Fi Book Shelf Speaker (Pair)","2,48,000"
"1784055056-861","https://www.olizstore.com/brands","https://www.olizstore.com/brand/kef","https://www.olizstore.com/product/kef-lsx-ii-wireless-book-shelf-speaker-(pair)","https://wsrv.nl/?w=560&url=https://cdn2.blanxer.com/uploads/682feff88c633f25b4c7ce32/product_image-kef-muo-portable-bluetooth-speaker-0016.webp","KEF LSX II - Wireless Book Shelf Speaker (Pair)","2,32,500"
"1784055059-862","https://www.olizstore.com/brands","https://www.olizstore.com/brand/kef","https://www.olizstore.com/product/kef-q650c-cloth-grille-black","https://wsrv.nl/?w=560&url=https://cdn2.blanxer.com/uploads/682feff88c633f25b4c7ce32/product_image-kef-muo-portable-bluetooth-speaker-0016.webp","KEF Q650c Cloth Grille – Black","5,100"
"1784055061-863","https://www.olizstore.com/brands","https://www.olizstore.com/brand/kef","https://www.olizstore.com/product/kef-ventura-6-architectural-outdoor-speaker","https://wsrv.nl/?w=560&url=https://cdn2.blanxer.com/uploads/682feff88c633f25b4c7ce32/product_image-kef-muo-portable-bluetooth-speaker-0016.webp","KEF Ventura 6 - Architectural Outdoor Speaker","93,000"
"1784055063-864","https://www.olizstore.com/brands","https://www.olizstore.com/brand/kef","https://www.olizstore.com/product/kef-ventura-5-architectural-outdoor-speaker","https://wsrv.nl/?w=560&url=https://cdn2.blanxer.com/uploads/682feff88c633f25b4c7ce32/product_image-kef-muo-portable-bluetooth-speaker-0016.webp","KEF Ventura 5 - Architectural Outdoor Speaker","77,500"
"1784055065-865","https://www.olizstore.com/brands","https://www.olizstore.com/brand/kef","https://www.olizstore.com/product/kef-s2-floor-stand-(pair)","https://wsrv.nl/?w=560&url=https://cdn2.blanxer.com/uploads/682feff88c633f25b4c7ce32/product_image-kef-muo-portable-bluetooth-speaker-0016.webp","KEF S2 Floor Stand (Pair)","85,000"
"1784055067-866","https://www.olizstore.com/brands","https://www.olizstore.com/brand/kef","https://www.olizstore.com/product/kef-s1-floor-stand-(pair)","https://wsrv.nl/?w=560&url=https://cdn2.blanxer.com/uploads/682feff88c633f25b4c7ce32/product_image-kef-muo-portable-bluetooth-speaker-0016.webp","KEF S1 Floor Stand (Pair)","65,000"
"1784055070-867","https://www.olizstore.com/brands","https://www.olizstore.com/brand/kef","https://www.olizstore.com/product/kef-b1-wall-bracket-black","https://wsrv.nl/?w=560&url=https://cdn2.blanxer.com/uploads/682feff88c633f25b4c7ce32/product_image-kef-muo-portable-bluetooth-speaker-0016.webp","KEF B1 Wall Bracket – Black","40,000"
"1784055072-868","https://www.olizstore.com/brands","https://www.olizstore.com/brand/kef","https://www.olizstore.com/product/kef-ci130sp-sp3935bb","https://wsrv.nl/?w=560&url=https://cdn2.blanxer.com/uploads/682feff88c633f25b4c7ce32/product_image-kef-muo-portable-bluetooth-speaker-0016.webp","KEF Ci130SP SP3935BB Speaker","46,500"
"1784055079-869","https://www.olizstore.com/brands","https://www.olizstore.com/brand/kef","https://www.olizstore.com/product/kef-ci200.2cr-speaker","https://wsrv.nl/?w=560&url=https://cdn2.blanxer.com/uploads/682feff88c633f25b4c7ce32/product_image-kef-muo-portable-bluetooth-speaker-0016.webp","KEF Ci200.2CR Speaker","75,000"
"1784055081-870","https://www.olizstore.com/brands","https://www.olizstore.com/brand/kef","https://www.olizstore.com/product/kef-ci200ql-white","https://wsrv.nl/?w=560&url=https://cdn2.blanxer.com/uploads/682feff88c633f25b4c7ce32/product_image-kef-muo-portable-bluetooth-speaker-0016.webp","KEF Ci200QL White","93,000"
"1784055083-871","https://www.olizstore.com/brands","https://www.olizstore.com/brand/kef","https://www.olizstore.com/product/kef-ci-3-80qt","https://wsrv.nl/?w=560&url=https://cdn2.blanxer.com/uploads/682feff88c633f25b4c7ce32/product_image-kef-muo-portable-bluetooth-speaker-0016.webp","KEF CI 3-80QT","95,000"
"1784055085-872","https://www.olizstore.com/brands","https://www.olizstore.com/brand/kef","https://www.olizstore.com/product/kef-ci160-.2cr-speaker","https://wsrv.nl/?w=560&url=https://cdn2.blanxer.com/uploads/682feff88c633f25b4c7ce32/product_image-kef-muo-portable-bluetooth-speaker-0016.webp","KEF Ci160.2CR Speaker","62,000"
"1784055088-873","https://www.olizstore.com/brands","https://www.olizstore.com/brand/kef","https://www.olizstore.com/product/the-kef-ci160csds","https://wsrv.nl/?w=560&url=https://cdn2.blanxer.com/uploads/682feff88c633f25b4c7ce32/product_image-kef-muo-portable-bluetooth-speaker-0016.webp","The KEF Ci160CSds","62,000"
"1784055090-874","https://www.olizstore.com/brands","https://www.olizstore.com/brand/kef","https://www.olizstore.com/product/kef-ci160-qr-2-way-uni-q-in-ceiling-round-speaker-white","https://wsrv.nl/?w=560&url=https://cdn2.blanxer.com/uploads/682feff88c633f25b4c7ce32/product_image-kef-muo-portable-bluetooth-speaker-0016.webp","KEF Ci160QR 2-way Uni-Q in-ceiling Round Speaker White","77,500"
"1784055092-875","https://www.olizstore.com/brands","https://www.olizstore.com/brand/kef","https://www.olizstore.com/product/kef-ci160.2cl-160mm-uniq","https://wsrv.nl/?w=560&url=https://cdn2.blanxer.com/uploads/682feff88c633f25b4c7ce32/product_image-kef-muo-portable-bluetooth-speaker-0016.webp","KEF Ci160.2CL 160MM Uniq","62,000"
"1784055095-876","https://www.olizstore.com/brands","https://www.olizstore.com/brand/kef","https://www.olizstore.com/product/kef-ci160.2cs","https://wsrv.nl/?w=560&url=https://cdn2.blanxer.com/uploads/682feff88c633f25b4c7ce32/product_image-kef-muo-portable-bluetooth-speaker-0016.webp","KEF Ci160.2CS","62,000"
"1784055097-877","https://www.olizstore.com/brands","https://www.olizstore.com/brand/kef","https://www.olizstore.com/product/kef-x300a-wireless-speakers","https://wsrv.nl/?w=560&url=https://cdn2.blanxer.com/uploads/682feff88c633f25b4c7ce32/product_image-kef-muo-portable-bluetooth-speaker-0016.webp","KEF X300A Wireless Speakers","1,20,000"
"1784055099-878","https://www.olizstore.com/brands","https://www.olizstore.com/brand/kef","https://www.olizstore.com/product/kef-e305-speaker","https://wsrv.nl/?w=560&url=https://cdn2.blanxer.com/uploads/682feff88c633f25b4c7ce32/product_image-kef-muo-portable-bluetooth-speaker-0016.webp","KEF E305 Speaker","1,20,000"
"1784055111-879","https://www.olizstore.com/brands","https://www.olizstore.com/brand/kef","https://www.olizstore.com/product/kef-kasa-500-system-sub-power-amplifer","https://wsrv.nl/?w=560&url=https://cdn2.blanxer.com/uploads/682feff88c633f25b4c7ce32/product_image-kef-muo-portable-bluetooth-speaker-0016.webp","KEF KASA 500 System Sub Power Amplifer","75,000"
"1784055114-880","https://www.olizstore.com/brands","https://www.olizstore.com/brand/kef","https://www.olizstore.com/product/kef-kc62-speaker","https://wsrv.nl/?w=560&url=https://cdn2.blanxer.com/uploads/682feff88c633f25b4c7ce32/product_image-kef-muo-portable-bluetooth-speaker-0016.webp","KEF KC62 Speaker","2,63,500"
"1784055116-881","https://www.olizstore.com/brands","https://www.olizstore.com/brand/kef","https://www.olizstore.com/product/kef-kf92-powered-subwoofer","https://wsrv.nl/?w=560&url=https://cdn2.blanxer.com/uploads/682feff88c633f25b4c7ce32/product_image-kef-muo-portable-bluetooth-speaker-0016.webp","Kef KF92 Powered Subwoofer","3,87,500"
"1784055118-882","https://www.olizstore.com/brands","https://www.olizstore.com/brand/kef","https://www.olizstore.com/product/kef-ci3160rlb","https://wsrv.nl/?w=560&url=https://cdn2.blanxer.com/uploads/682feff88c633f25b4c7ce32/product_image-kef-muo-portable-bluetooth-speaker-0016.webp","KEF Ci3160RLb","2,00,000"
"1784055120-883","https://www.olizstore.com/brands","https://www.olizstore.com/brand/kef","https://www.olizstore.com/product/kef-speaker-ci130.2cs-130mm-uniq","https://wsrv.nl/?w=560&url=https://cdn2.blanxer.com/uploads/682feff88c633f25b4c7ce32/product_image-kef-muo-portable-bluetooth-speaker-0016.webp","Kef Speaker Ci130.2CS 130mm UniQ","46,500"
"1784055122-884","https://www.olizstore.com/brands","https://www.olizstore.com/brand/kef","https://www.olizstore.com/product/kef-porsche-design-motion-one","https://wsrv.nl/?w=560&url=https://cdn2.blanxer.com/uploads/682feff88c633f25b4c7ce32/product_image-kef-muo-portable-bluetooth-speaker-0016.webp","KEF Porsche Design Motion One","12,500"
"1784055124-885","https://www.olizstore.com/brands","https://www.olizstore.com/brand/kef","https://www.olizstore.com/product/kef-kube-10b-subwoofer-speaker","https://wsrv.nl/?w=560&url=https://cdn2.blanxer.com/uploads/682feff88c633f25b4c7ce32/product_image-kef-muo-portable-bluetooth-speaker-0016.webp","KEF kube 10b Subwoofer Speaker","1,10,000"
"1784055126-886","https://www.olizstore.com/brands","https://www.olizstore.com/brand/kef","https://www.olizstore.com/product/kef-kube-12b-subwoofer-speaker","https://wsrv.nl/?w=560&url=https://cdn2.blanxer.com/uploads/682feff88c633f25b4c7ce32/product_image-kef-muo-portable-bluetooth-speaker-0016.webp","KEF Kube 12b Subwoofer Speaker","1,45,000"
"1784055128-887","https://www.olizstore.com/brands","https://www.olizstore.com/brand/kef","https://www.olizstore.com/product/kef-kube-8b-subwoofer-speaker","https://wsrv.nl/?w=560&url=https://cdn2.blanxer.com/uploads/682feff88c633f25b4c7ce32/product_image-kef-muo-portable-bluetooth-speaker-0016.webp","KEF Kube 8b Subwoofer Speaker","1,00,000"
"1784055130-888","https://www.olizstore.com/brands","https://www.olizstore.com/brand/kef","https://www.olizstore.com/product/kef-m500-headphones","https://wsrv.nl/?w=560&url=https://cdn2.blanxer.com/uploads/682feff88c633f25b4c7ce32/product_image-kef-muo-portable-bluetooth-speaker-0016.webp","KEF M500 Headphones","15,000"
"1784055132-889","https://www.olizstore.com/brands","https://www.olizstore.com/brand/kef","https://www.olizstore.com/product/kef-mu7-headphones","https://wsrv.nl/?w=560&url=https://cdn2.blanxer.com/uploads/682feff88c633f25b4c7ce32/product_image-kef-muo-portable-bluetooth-speaker-0016.webp","KEF Mu7 Headphones","68,000"
"1784055135-890","https://www.olizstore.com/brands","https://www.olizstore.com/brand/kef","https://www.olizstore.com/product/kef-muo-portable-bluetooth-speaker","https://wsrv.nl/?w=560&url=https://cdn2.blanxer.com/uploads/682feff88c633f25b4c7ce32/product_image-kef-muo-portable-bluetooth-speaker-0016.webp","KEF MUO Portable Bluetooth Speaker","35,000"
"1784055137-891","https://www.olizstore.com/brands","https://www.olizstore.com/brand/kef","https://www.olizstore.com/product/kef-muo-sp3892ba-speaker","https://wsrv.nl/?w=560&url=https://cdn2.blanxer.com/uploads/682feff88c633f25b4c7ce32/product_image-kef-muo-portable-bluetooth-speaker-0016.webp","KEF MUO SP3892BA Speaker","35,000"
"1784055139-892","https://www.olizstore.com/brands","https://www.olizstore.com/brand/kef","https://www.olizstore.com/product/kef-muo-sp3892ca-speaker","https://wsrv.nl/?w=560&url=https://cdn2.blanxer.com/uploads/682feff88c633f25b4c7ce32/product_image-kef-muo-portable-bluetooth-speaker-0016.webp","KEF MUO SP3892CA Speaker","35,000"
"1784055146-893","https://www.olizstore.com/brands","https://www.olizstore.com/brand/kandf","https://www.olizstore.com/product/dji-osmo-pocket-4-tempered-glass-screen-protector-set","https://wsrv.nl/?w=560&url=https://cdn2.blanxer.com/uploads/682feff88c633f25b4c7ce32/product_image-kandf-concept-dji-osmo-pocket-3-black-lanyard-5442.webp","K&F Concept DJI OSMO POCKET 4 Tempered Glass Screen Protector Set","600"
"1784055148-894","https://www.olizstore.com/brands","https://www.olizstore.com/brand/kandf","https://www.olizstore.com/product/dji-osmo-pocket-4-magsafe-magnetic-expansion-box","https://wsrv.nl/?w=560&url=https://cdn2.blanxer.com/uploads/682feff88c633f25b4c7ce32/product_image-kandf-concept-dji-osmo-pocket-3-black-lanyard-5442.webp","K&F Concept DJI Osmo Pocket 4 MagSafe Magnetic Expansion Box","5,500"
"1784055150-895","https://www.olizstore.com/brands","https://www.olizstore.com/brand/kandf","https://www.olizstore.com/product/kandf-concept-charging-adapter-base-for-dji-osmo-pocket-43","https://wsrv.nl/?w=560&url=https://cdn2.blanxer.com/uploads/682feff88c633f25b4c7ce32/product_image-kandf-concept-dji-osmo-pocket-3-black-lanyard-5442.webp","K&F Concept Charging Adapter Base for DJI Osmo Pocket 4/3","3,000"
"1784055153-896","https://www.olizstore.com/brands","https://www.olizstore.com/brand/kandf","https://www.olizstore.com/product/kandf-concept-storage-case-for-dji-osmo-pocket-3","https://wsrv.nl/?w=560&url=https://cdn2.blanxer.com/uploads/682feff88c633f25b4c7ce32/product_image-kandf-concept-dji-osmo-pocket-3-black-lanyard-5442.webp","K&F Concept Storage Case for DJI Osmo Pocket 3","3,200"
"1784055155-897","https://www.olizstore.com/brands","https://www.olizstore.com/brand/kandf","https://www.olizstore.com/product/smart-series-ms-62-selfie-stick-desktop-stand-(medium)","https://wsrv.nl/?w=560&url=https://cdn2.blanxer.com/uploads/682feff88c633f25b4c7ce32/product_image-kandf-concept-dji-osmo-pocket-3-black-lanyard-5442.webp","K&F Concept Smart Series MS-62 Selfie Stick / Desktop Stand (Medium)","3,100"
"1784055157-898","https://www.olizstore.com/brands","https://www.olizstore.com/brand/kandf","https://www.olizstore.com/product/silicone-non-slip-desktop-mount-for-dji-osmo-pocket-3","https://wsrv.nl/?w=560&url=https://cdn2.blanxer.com/uploads/682feff88c633f25b4c7ce32/product_image-kandf-concept-dji-osmo-pocket-3-black-lanyard-5442.webp","K&F Concept Silicone Non-Slip Desktop Mount for DJI Osmo Pocket 3","1,000"
"1784055159-899","https://www.olizstore.com/brands","https://www.olizstore.com/brand/kandf","https://www.olizstore.com/product/kandf-concept-sports-camera-pocket-3-accessory-kit","https://wsrv.nl/?w=560&url=https://cdn2.blanxer.com/uploads/682feff88c633f25b4c7ce32/product_image-kandf-concept-dji-osmo-pocket-3-black-lanyard-5442.webp","K&F Concept Sports Camera Pocket 3 Accessory Kit","1,800"
"1784055161-900","https://www.olizstore.com/brands","https://www.olizstore.com/brand/kandf","https://www.olizstore.com/product/dji-osmo-pocket-3-quick-release-base-(2-pack)","https://wsrv.nl/?w=560&url=https://cdn2.blanxer.com/uploads/682feff88c633f25b4c7ce32/product_image-kandf-concept-dji-osmo-pocket-3-black-lanyard-5442.webp","K&F Concept DJI Osmo Pocket 3 Quick Release Base (2-Pack)","5,250"
"1784055163-901","https://www.olizstore.com/brands","https://www.olizstore.com/brand/kandf","https://www.olizstore.com/product/kandf-concept-kf31.143-sports-camera-pocket-3-magnetic-suction-cup-mount","https://wsrv.nl/?w=560&url=https://cdn2.blanxer.com/uploads/682feff88c633f25b4c7ce32/product_image-kandf-concept-dji-osmo-pocket-3-black-lanyard-5442.webp","K&F Concept KF31.143 Sports Camera Pocket 3 Magnetic Suction Cup Mount",""
"1784055165-902","https://www.olizstore.com/brands","https://www.olizstore.com/brand/kandf","https://www.olizstore.com/product/kandf-concept-pocket-3-suction-cup-mount","https://wsrv.nl/?w=560&url=https://cdn2.blanxer.com/uploads/682feff88c633f25b4c7ce32/product_image-kandf-concept-dji-osmo-pocket-3-black-lanyard-5442.webp","K&F Concept Pocket 3 Suction Cup Mount","1,900"
"1784055167-903","https://www.olizstore.com/brands","https://www.olizstore.com/brand/kandf","https://www.olizstore.com/product/dji-osmo-pocket-3-cell-phone-holder","https://wsrv.nl/?w=560&url=https://cdn2.blanxer.com/uploads/682feff88c633f25b4c7ce32/product_image-kandf-concept-dji-osmo-pocket-3-black-lanyard-5442.webp","K&F Concept DJI Osmo Pocket 3 Cell Phone Holder","2,500"
"1784055169-904","https://www.olizstore.com/brands","https://www.olizstore.com/brand/kandf","https://www.olizstore.com/product/kandf-concept-gimbal-cover-camera-lens-protector-cap-for-dji-osmo-pocket-3","https://wsrv.nl/?w=560&url=https://cdn2.blanxer.com/uploads/682feff88c633f25b4c7ce32/product_image-kandf-concept-dji-osmo-pocket-3-black-lanyard-5442.webp","K&F Concept Gimbal Cover Camera Lens Protector Cap for DJI Osmo Pocket 3","1,800"
"1784055171-905","https://www.olizstore.com/brands","https://www.olizstore.com/brand/kandf","https://www.olizstore.com/product/kandf-concept-dji-osmo-pocket-3-aluminum-magnetic-expansion-frame","https://wsrv.nl/?w=560&url=https://cdn2.blanxer.com/uploads/682feff88c633f25b4c7ce32/product_image-kandf-concept-dji-osmo-pocket-3-black-lanyard-5442.webp","K&F Concept DJI Osmo Pocket 3 Aluminum Magnetic Expansion Frame","6,600"
"1784055174-906","https://www.olizstore.com/brands","https://www.olizstore.com/brand/kandf","https://www.olizstore.com/product/kandf-pocket-3-aluminum-alloy-multi-function-expansion-frame","https://wsrv.nl/?w=560&url=https://cdn2.blanxer.com/uploads/682feff88c633f25b4c7ce32/product_image-kandf-concept-dji-osmo-pocket-3-black-lanyard-5442.webp","K&F Concept Pocket 3 Aluminum Alloy Multi-function Expansion Frame","4,650"
"1784055176-907","https://www.olizstore.com/brands","https://www.olizstore.com/brand/kandf","https://www.olizstore.com/product/kandf-65cm-gray-neck-mount-kit","https://wsrv.nl/?w=560&url=https://cdn2.blanxer.com/uploads/682feff88c633f25b4c7ce32/product_image-kandf-concept-dji-osmo-pocket-3-black-lanyard-5442.webp","K&F Concept 65cm Gray Neck Mount Kit","4,050"
"1784055178-908","https://www.olizstore.com/brands","https://www.olizstore.com/brand/kandf","https://www.olizstore.com/product/kandf-concept-dji-osmo-action-6-waterproof-case-kit","https://wsrv.nl/?w=560&url=https://cdn2.blanxer.com/uploads/682feff88c633f25b4c7ce32/product_image-kandf-concept-dji-osmo-pocket-3-black-lanyard-5442.webp","K&F Concept DJI Osmo Action 6 Waterproof Case Kit","3,450"
"1784055180-909","https://www.olizstore.com/brands","https://www.olizstore.com/brand/kandf","https://www.olizstore.com/product/kandf-concept-dji-osmo-action-6-lightweight-rabbit-cage","https://wsrv.nl/?w=560&url=https://cdn2.blanxer.com/uploads/682feff88c633f25b4c7ce32/product_image-kandf-concept-dji-osmo-pocket-3-black-lanyard-5442.webp","K&F Concept DJI Osmo Action 6 Lightweight Rabbit Cage","6,200"
"1784055182-910","https://www.olizstore.com/brands","https://www.olizstore.com/brand/kandf","https://www.olizstore.com/product/kandf-concept-dji-osmo-360-rabbit-cage","https://wsrv.nl/?w=560&url=https://cdn2.blanxer.com/uploads/682feff88c633f25b4c7ce32/product_image-kandf-concept-dji-osmo-pocket-3-black-lanyard-5442.webp","K&F Concept DJI Osmo 360 Rabbit Cage","7,800"
"1784055184-911","https://www.olizstore.com/brands","https://www.olizstore.com/brand/kandf","https://www.olizstore.com/product/kandf-concept-dji-osmo-360-lens-silicone-protective-case","https://wsrv.nl/?w=560&url=https://cdn2.blanxer.com/uploads/682feff88c633f25b4c7ce32/product_image-kandf-concept-dji-osmo-pocket-3-black-lanyard-5442.webp","K&F Concept DJI Osmo 360 Lens Silicone Protective Case","900"
"1784055186-912","https://www.olizstore.com/brands","https://www.olizstore.com/brand/kandf","https://www.olizstore.com/product/kandf-concept-sports-camera-wearable-accessories-big-set","https://wsrv.nl/?w=560&url=https://cdn2.blanxer.com/uploads/682feff88c633f25b4c7ce32/product_image-kandf-concept-dji-osmo-pocket-3-black-lanyard-5442.webp","K&F Concept Sports Camera Wearable Accessories Big Set","4,200"
"1784055188-913","https://www.olizstore.com/brands","https://www.olizstore.com/brand/kandf","https://www.olizstore.com/product/kandf-concept-sports-camera-wearable-accessory-set","https://wsrv.nl/?w=560&url=https://cdn2.blanxer.com/uploads/682feff88c633f25b4c7ce32/product_image-kandf-concept-dji-osmo-pocket-3-black-lanyard-5442.webp","K&F Concept Sports Camera Wearable Accessory Set","2,400"
"1784055190-914","https://www.olizstore.com/brands","https://www.olizstore.com/brand/kandf","https://www.olizstore.com/product/kandf-concept-windshield-mount-clamp","https://wsrv.nl/?w=560&url=https://cdn2.blanxer.com/uploads/682feff88c633f25b4c7ce32/product_image-kandf-concept-dji-osmo-pocket-3-black-lanyard-5442.webp","K&F Concept Windshield Mount Clamp","2,850"
"1784055193-915","https://www.olizstore.com/brands","https://www.olizstore.com/brand/kandf","https://www.olizstore.com/product/kandf-nano-adhesive-vacuum-suction-cup-magnetic-phone-mount","https://wsrv.nl/?w=560&url=https://cdn2.blanxer.com/uploads/682feff88c633f25b4c7ce32/product_image-kandf-concept-dji-osmo-pocket-3-black-lanyard-5442.webp","K&F Concept Nano-Adhesive Vacuum Suction Cup Magnetic Phone Mount","3,850"
"1784055195-916","https://www.olizstore.com/brands","https://www.olizstore.com/brand/kandf","https://www.olizstore.com/product/kandf-concept-effect-lens-and-nd-filter-kit-for-dji-osmo-pocket-43","https://wsrv.nl/?w=560&url=https://cdn2.blanxer.com/uploads/682feff88c633f25b4c7ce32/product_image-kandf-concept-dji-osmo-pocket-3-black-lanyard-5442.webp","K&F Concept Effect Lens & ND Filter Kit for DJI Osmo Pocket 4/3","21,900"
"1784055197-917","https://www.olizstore.com/brands","https://www.olizstore.com/brand/kandf","https://www.olizstore.com/product/kandf-concept-dji-osmo-pocket-4-protective-case-with-4-filter-slots-price-in-nepal","https://wsrv.nl/?w=560&url=https://cdn2.blanxer.com/uploads/682feff88c633f25b4c7ce32/product_image-kandf-concept-dji-osmo-pocket-3-black-lanyard-5442.webp","K&F Concept DJI OSMO Pocket 4 Protective Case with 4 filter slots","2,250"
"1784055199-918","https://www.olizstore.com/brands","https://www.olizstore.com/brand/kandf","https://www.olizstore.com/product/kandf-concept-65cm-gray-neck-mount-including-fixing-screws","https://wsrv.nl/?w=560&url=https://cdn2.blanxer.com/uploads/682feff88c633f25b4c7ce32/product_image-kandf-concept-dji-osmo-pocket-3-black-lanyard-5442.webp","K&F Concept 65cm Gray Neck Mount Including Fixing Screws","4,750"
"1784055201-919","https://www.olizstore.com/brands","https://www.olizstore.com/brand/kandf","https://www.olizstore.com/product/kandf-concept-dji-osmo-action-6-cage-tempered-glass-screen-protector","https://wsrv.nl/?w=560&url=https://cdn2.blanxer.com/uploads/682feff88c633f25b4c7ce32/product_image-kandf-concept-dji-osmo-pocket-3-black-lanyard-5442.webp","K&F Concept DJI OSMO ACTION 6 Cage Tempered Glass Screen Protector","8,100"
"1784055203-920","https://www.olizstore.com/brands","https://www.olizstore.com/brand/kandf","https://www.olizstore.com/product/kandf-concept-dji-osmo-pocket-34-cpl+black-diffusion14+nd2-32","https://wsrv.nl/?w=560&url=https://cdn2.blanxer.com/uploads/682feff88c633f25b4c7ce32/product_image-kandf-concept-dji-osmo-pocket-3-black-lanyard-5442.webp","K&F Concept DJI OSMO Pocket 3/4 (CPL+Black Diffusion1/4+ND2-32)","8,100"
"1784055205-921","https://www.olizstore.com/brands","https://www.olizstore.com/brand/kandf","https://www.olizstore.com/product/kandf-concept-dji-osmo-pocket-34-with-enlarging-lens","https://wsrv.nl/?w=560&url=https://cdn2.blanxer.com/uploads/682feff88c633f25b4c7ce32/product_image-kandf-concept-dji-osmo-pocket-3-black-lanyard-5442.webp","K&F Concept DJI OSMO Pocket 3/4 With Enlarging lens","6,850"
"1784055207-922","https://www.olizstore.com/brands","https://www.olizstore.com/brand/kandf","https://www.olizstore.com/product/kandf-concept-dji-osmo-pocket-34-(black-diffusion14+cplandnd2-32)","https://wsrv.nl/?w=560&url=https://cdn2.blanxer.com/uploads/682feff88c633f25b4c7ce32/product_image-kandf-concept-dji-osmo-pocket-3-black-lanyard-5442.webp","K&F Concept DJI OSMO Pocket 3/4 (Black Diffusion1/4+CPL&ND2-32)","4,800"
"1784055209-923","https://www.olizstore.com/brands","https://www.olizstore.com/brand/kandf","https://www.olizstore.com/product/kandf-concept-dji-osmo-pocket-34-pocket-filter-(black-soft-14+nd16+nd64+nd256)-4-piece-set","https://wsrv.nl/?w=560&url=https://cdn2.blanxer.com/uploads/682feff88c633f25b4c7ce32/product_image-kandf-concept-dji-osmo-pocket-3-black-lanyard-5442.webp","K&F Concept DJI Osmo Pocket 3/4 Pocket Filter (Black Soft 1/4+ND16+ND64+ND256) 4-Piece Set","7,950"
"1784055212-924","https://www.olizstore.com/brands","https://www.olizstore.com/brand/kandf","https://www.olizstore.com/product/kandf-concept-dji-action-camera-filter","https://wsrv.nl/?w=560&url=https://cdn2.blanxer.com/uploads/682feff88c633f25b4c7ce32/product_image-kandf-concept-dji-osmo-pocket-3-black-lanyard-5442.webp","K&F Concept DJI Action Camera filter","9,900"
"1784055214-925","https://www.olizstore.com/brands","https://www.olizstore.com/brand/kandf","https://www.olizstore.com/product/kandf-concept-sports-camera-accessory-kit-with-adjustable-cord-magnetic-neck-price-in-nepal","https://wsrv.nl/?w=560&url=https://cdn2.blanxer.com/uploads/682feff88c633f25b4c7ce32/product_image-kandf-concept-dji-osmo-pocket-3-black-lanyard-5442.webp","K&F Concept Sports Camera Accessory Kit With Adjustable Cord Magnetic Neck","3,400"
"1784055216-926","https://www.olizstore.com/brands","https://www.olizstore.com/brand/kandf","https://www.olizstore.com/product/kandf-concept-sports-camera-helmet-chin-mount-with-14-turn-adapter-price-in-nepal","https://wsrv.nl/?w=560&url=https://cdn2.blanxer.com/uploads/682feff88c633f25b4c7ce32/product_image-kandf-concept-dji-osmo-pocket-3-black-lanyard-5442.webp","K&F Concept Sports Camera Helmet Chin Mount With 1/4 Turn Adapter Price in Nepal","1,150"
"1784055218-927","https://www.olizstore.com/brands","https://www.olizstore.com/brand/kandf","https://www.olizstore.com/product/kandf-concept-dji-osmo-pocket-3-black-lanyard-price-in-nepal","https://wsrv.nl/?w=560&url=https://cdn2.blanxer.com/uploads/682feff88c633f25b4c7ce32/product_image-kandf-concept-dji-osmo-pocket-3-black-lanyard-5442.webp","K&F Concept DJI OSMO Pocket 3 Black Lanyard Price in Nepal","2,000"
"1784055223-928","https://www.olizstore.com/brands","https://www.olizstore.com/brand/jmgo","https://www.olizstore.com/product/jmgo-3d-glasses","https://wsrv.nl/?w=560&url=https://cdn2.blanxer.com/uploads/682feff88c633f25b4c7ce32/product_image-jmgo-o1-ust-projector-1051.webp","JMGO 3D Glasses","19,500"
"1784055225-929","https://www.olizstore.com/brands","https://www.olizstore.com/brand/jmgo","https://www.olizstore.com/product/jmgo-u2-4k-laser-projector","https://wsrv.nl/?w=560&url=https://cdn2.blanxer.com/uploads/682feff88c633f25b4c7ce32/product_image-jmgo-o1-ust-projector-1051.webp","JMGO U2 Ultra Short Throw 4K Laser Projector","4,85,000"
"1784055228-930","https://www.olizstore.com/brands","https://www.olizstore.com/brand/jmgo","https://www.olizstore.com/product/jmgo-o1-pro-ultra-short-throw-projector","https://wsrv.nl/?w=560&url=https://cdn2.blanxer.com/uploads/682feff88c633f25b4c7ce32/product_image-jmgo-o1-ust-projector-1051.webp","JMGO O1 Pro Ultra Short Throw Projector","2,20,000"
"1784055230-931","https://www.olizstore.com/brands","https://www.olizstore.com/brand/jmgo","https://www.olizstore.com/product/jmgo-o1-ultra-short-throw-projector","https://wsrv.nl/?w=560&url=https://cdn2.blanxer.com/uploads/682feff88c633f25b4c7ce32/product_image-jmgo-o1-ust-projector-1051.webp","JMGO O1 Ultra Short Throw Projector","1,45,000"
"1784055236-932","https://www.olizstore.com/brands","https://www.olizstore.com/brand/jisulife","https://www.olizstore.com/product/jisulife-handheld-fan-life5","https://wsrv.nl/?w=560&url=https://cdn2.blanxer.com/uploads/682feff88c633f25b4c7ce32/product_image-jisulife-handheld-fan-life2-blue-9775.webp","JisuLife Handheld Fan Life5","2,950"
"1784055239-933","https://www.olizstore.com/brands","https://www.olizstore.com/brand/jisulife","https://www.olizstore.com/product/jisulife-handheld-fan-life5-plus-4000-mah","https://wsrv.nl/?w=560&url=https://cdn2.blanxer.com/uploads/682feff88c633f25b4c7ce32/product_image-jisulife-handheld-fan-life2-blue-9775.webp","JisuLife Handheld Fan Life5 Plus 4000 mAh","3,250"
"1784055241-934","https://www.olizstore.com/brands","https://www.olizstore.com/brand/jisulife","https://www.olizstore.com/product/jisulife-handheld-fan-life7","https://wsrv.nl/?w=560&url=https://cdn2.blanxer.com/uploads/682feff88c633f25b4c7ce32/product_image-jisulife-handheld-fan-life2-blue-9775.webp","JisuLife Handheld Fan Life7","4,000"
"1784055243-935","https://www.olizstore.com/brands","https://www.olizstore.com/brand/jisulife","https://www.olizstore.com/product/jisulife-handheld-fan-life9","https://wsrv.nl/?w=560&url=https://cdn2.blanxer.com/uploads/682feff88c633f25b4c7ce32/product_image-jisulife-handheld-fan-life2-blue-9775.webp","JisuLife Handheld Fan Life9","4,950"
"1784055245-936","https://www.olizstore.com/brands","https://www.olizstore.com/brand/jisulife","https://www.olizstore.com/product/jisulife-stroller-fan-life2","https://wsrv.nl/?w=560&url=https://cdn2.blanxer.com/uploads/682feff88c633f25b4c7ce32/product_image-jisulife-handheld-fan-life2-blue-9775.webp","JisuLife Stroller Fan Life2","5,600"
"1784055247-937","https://www.olizstore.com/brands","https://www.olizstore.com/brand/jisulife","https://www.olizstore.com/product/jisulife-stroller-fan-life2s","https://wsrv.nl/?w=560&url=https://cdn2.blanxer.com/uploads/682feff88c633f25b4c7ce32/product_image-jisulife-handheld-fan-life2-blue-9775.webp","JisuLife Stroller Fan Life2S","7,000"
"1784055249-938","https://www.olizstore.com/brands","https://www.olizstore.com/brand/jisulife","https://www.olizstore.com/product/jisulife-table-fan-life5","https://wsrv.nl/?w=560&url=https://cdn2.blanxer.com/uploads/682feff88c633f25b4c7ce32/product_image-jisulife-handheld-fan-life2-blue-9775.webp","JisuLife Table Fan Life5","7,000"
"1784055251-939","https://www.olizstore.com/brands","https://www.olizstore.com/brand/jisulife","https://www.olizstore.com/product/jisulife-handheld-fan-pro1","https://wsrv.nl/?w=560&url=https://cdn2.blanxer.com/uploads/682feff88c633f25b4c7ce32/product_image-jisulife-handheld-fan-life2-blue-9775.webp","JisuLife Handheld Fan Pro1","7,300"
"1784055253-940","https://www.olizstore.com/brands","https://www.olizstore.com/brand/jisulife","https://www.olizstore.com/product/jisulife-table-fan-life7","https://wsrv.nl/?w=560&url=https://cdn2.blanxer.com/uploads/682feff88c633f25b4c7ce32/product_image-jisulife-handheld-fan-life2-blue-9775.webp","JisuLife Table Fan Life7","8,500"
"1784055255-941","https://www.olizstore.com/brands","https://www.olizstore.com/brand/jisulife","https://www.olizstore.com/product/jisulife-handheld-fan-pro1s","https://wsrv.nl/?w=560&url=https://cdn2.blanxer.com/uploads/682feff88c633f25b4c7ce32/product_image-jisulife-handheld-fan-life2-blue-9775.webp","JisuLife Handheld Fan Pro1S","9,800"
"1784055257-942","https://www.olizstore.com/brands","https://www.olizstore.com/brand/jisulife","https://www.olizstore.com/product/jisulife-handheld-fan-ultra1","https://wsrv.nl/?w=560&url=https://cdn2.blanxer.com/uploads/682feff88c633f25b4c7ce32/product_image-jisulife-handheld-fan-life2-blue-9775.webp","JisuLife Handheld Fan Ultra1","12,500"
"1784055260-943","https://www.olizstore.com/brands","https://www.olizstore.com/brand/jisulife","https://www.olizstore.com/product/jisulife-neck-fan-pro1","https://wsrv.nl/?w=560&url=https://cdn2.blanxer.com/uploads/682feff88c633f25b4c7ce32/product_image-jisulife-handheld-fan-life2-blue-9775.webp","JisuLife Neck Fan Pro1","12,600"
"1784055262-944","https://www.olizstore.com/brands","https://www.olizstore.com/brand/jisulife","https://www.olizstore.com/product/jisulife-outdoor-fan-ultra1","https://wsrv.nl/?w=560&url=https://cdn2.blanxer.com/uploads/682feff88c633f25b4c7ce32/product_image-jisulife-handheld-fan-life2-blue-9775.webp","JisuLife Outdoor Fan Ultra1","16,900"
"1784055264-945","https://www.olizstore.com/brands","https://www.olizstore.com/brand/jisulife","https://www.olizstore.com/product/jisulife-table-fan-pro3","https://wsrv.nl/?w=560&url=https://cdn2.blanxer.com/uploads/682feff88c633f25b4c7ce32/product_image-jisulife-handheld-fan-life2-blue-9775.webp","JisuLife Table Fan Pro3","17,300"
"1784055266-946","https://www.olizstore.com/brands","https://www.olizstore.com/brand/jisulife","https://www.olizstore.com/product/jisulife-handheld-fan-life5-plus-6000-mah","https://wsrv.nl/?w=560&url=https://cdn2.blanxer.com/uploads/682feff88c633f25b4c7ce32/product_image-jisulife-handheld-fan-life2-blue-9775.webp","JisuLife Handheld Fan Life5 Plus 6000 mAh","3,650"
"1784055268-947","https://www.olizstore.com/brands","https://www.olizstore.com/brand/jisulife","https://www.olizstore.com/product/jisulife-handheld-fan-ultra2-price-in-nepal","https://wsrv.nl/?w=560&url=https://cdn2.blanxer.com/uploads/682feff88c633f25b4c7ce32/product_image-jisulife-handheld-fan-life2-blue-9775.webp","JisuLife Handheld Fan Ultra2","13,500"
"1784055270-948","https://www.olizstore.com/brands","https://www.olizstore.com/brand/jisulife","https://www.olizstore.com/product/jisulife-table-fan-life1","https://wsrv.nl/?w=560&url=https://cdn2.blanxer.com/uploads/682feff88c633f25b4c7ce32/product_image-jisulife-handheld-fan-life2-blue-9775.webp","JisuLife Table Fan Life1","3,200"
"1784055272-949","https://www.olizstore.com/brands","https://www.olizstore.com/brand/jisulife","https://www.olizstore.com/product/jisulife-table-fan-life3","https://wsrv.nl/?w=560&url=https://cdn2.blanxer.com/uploads/682feff88c633f25b4c7ce32/product_image-jisulife-handheld-fan-life2-blue-9775.webp","JisuLife Table Fan Life3","3,500"
"1784055274-950","https://www.olizstore.com/brands","https://www.olizstore.com/brand/jisulife","https://www.olizstore.com/product/jisulife-handheld-fan-life2","https://wsrv.nl/?w=560&url=https://cdn2.blanxer.com/uploads/682feff88c633f25b4c7ce32/product_image-jisulife-handheld-fan-life2-blue-9775.webp","JisuLife Handheld Fan Life2","2,250"
"1784055286-951","https://www.olizstore.com/brands","https://www.olizstore.com/brand/jcpal","https://www.olizstore.com/product/jcpal-iphone-preserver-tempered-glass-screen-protector","https://wsrv.nl/?w=560&url=https://cdn2.blanxer.com/uploads/682feff88c633f25b4c7ce32/product_image-2-8476.webp","JCPAL iPhone Preserver Tempered Glass Screen Protector","2,800"
"1784055288-952","https://www.olizstore.com/brands","https://www.olizstore.com/brand/jcpal","https://www.olizstore.com/product/jcpal-iphone-preserver-privacy-glass-screen-protector","https://wsrv.nl/?w=560&url=https://cdn2.blanxer.com/uploads/682feff88c633f25b4c7ce32/product_image-2-8476.webp","JCPAL iPhone Preserver Privacy Glass Screen Protector","3,500"
"1784055290-953","https://www.olizstore.com/brands","https://www.olizstore.com/brand/jcpal","https://www.olizstore.com/product/jcpal-3d-armor-apple-watch-s10-screen-protector","https://wsrv.nl/?w=560&url=https://cdn2.blanxer.com/uploads/682feff88c633f25b4c7ce32/product_image-2-8476.webp","JCPAL 3D Armor Apple Watch S10 Screen Protector","1,850"
"1784055292-954","https://www.olizstore.com/brands","https://www.olizstore.com/brand/jcpal","https://www.olizstore.com/product/jcpal-3d-armor-apple-watch-s7-9-screen-protector","https://wsrv.nl/?w=560&url=https://cdn2.blanxer.com/uploads/682feff88c633f25b4c7ce32/product_image-2-8476.webp","JCPAL 3D Armor Apple Watch S7-9 Screen Protector","1,850"
"1784055294-955","https://www.olizstore.com/brands","https://www.olizstore.com/brand/jcpal","https://www.olizstore.com/product/jcpal-accessories-organiser","https://wsrv.nl/?w=560&url=https://cdn2.blanxer.com/uploads/682feff88c633f25b4c7ce32/product_image-2-8476.webp","JCPAL Accessories Organiser","1,600"
"1784055296-956","https://www.olizstore.com/brands","https://www.olizstore.com/brand/jcpal","https://www.olizstore.com/product/jcpal-accupen-duo-magnetic-stylus","https://wsrv.nl/?w=560&url=https://cdn2.blanxer.com/uploads/682feff88c633f25b4c7ce32/product_image-2-8476.webp","JCPAL AccuPen Duo Magnetic Stylus","7,500"
"1784055299-957","https://www.olizstore.com/brands","https://www.olizstore.com/brand/jcpal","https://www.olizstore.com/product/jcpal-accupen-smart-magnetic-stylus","https://wsrv.nl/?w=560&url=https://cdn2.blanxer.com/uploads/682feff88c633f25b4c7ce32/product_image-2-8476.webp","JCPAL AccuPen Smart Magnetic Stylus","7,500"
"1784055301-958","https://www.olizstore.com/brands","https://www.olizstore.com/brand/jcpal","https://www.olizstore.com/product/jcpal-dual-usb-car-charger","https://wsrv.nl/?w=560&url=https://cdn2.blanxer.com/uploads/682feff88c633f25b4c7ce32/product_image-2-8476.webp","JCPAL Dual USB Car Charger","2,500"
"1784055303-959","https://www.olizstore.com/brands","https://www.olizstore.com/brand/jcpal","https://www.olizstore.com/product/jcpal-flex-usb-c-11-port-hub-stand","https://wsrv.nl/?w=560&url=https://cdn2.blanxer.com/uploads/682feff88c633f25b4c7ce32/product_image-2-8476.webp","JCPAL Flex USB-C 11-Port Hub Stand","20,500"
"1784055305-960","https://www.olizstore.com/brands","https://www.olizstore.com/brand/jcpal","https://www.olizstore.com/product/jcpal-comfortpad-mouse-pad","https://wsrv.nl/?w=560&url=https://cdn2.blanxer.com/uploads/682feff88c633f25b4c7ce32/product_image-2-8476.webp","JCPAL ComfortPad Mouse Pad","2,500"
"1784055307-961","https://www.olizstore.com/brands","https://www.olizstore.com/brand/jcpal","https://www.olizstore.com/product/jcpal-cove-magnetic-wallet-stand","https://wsrv.nl/?w=560&url=https://cdn2.blanxer.com/uploads/682feff88c633f25b4c7ce32/product_image-2-8476.webp","JCPal Cove Magnetic Wallet Stand","4,000"
"1784055309-962","https://www.olizstore.com/brands","https://www.olizstore.com/brand/jcpal","https://www.olizstore.com/product/jcpal-ctrl-pro-wireless-optical-mouse","https://wsrv.nl/?w=560&url=https://cdn2.blanxer.com/uploads/682feff88c633f25b4c7ce32/product_image-2-8476.webp","JCPAL Ctrl Pro Wireless Optical Mouse","4,800"
"1784055311-963","https://www.olizstore.com/brands","https://www.olizstore.com/brand/jcpal","https://www.olizstore.com/product/jcpal-dualpro-magsafe-compatible-case-for-iphone","https://wsrv.nl/?w=560&url=https://cdn2.blanxer.com/uploads/682feff88c633f25b4c7ce32/product_image-2-8476.webp","JCPAL DualPro Magsafe Compatible Case for iPhone","3,800"
"1784055313-964","https://www.olizstore.com/brands","https://www.olizstore.com/brand/jcpal","https://www.olizstore.com/product/jcpal-duostand-aluminum-tablet-stand-for-ipad","https://wsrv.nl/?w=560&url=https://cdn2.blanxer.com/uploads/682feff88c633f25b4c7ce32/product_image-2-8476.webp","JCPAL DuoStand Aluminum Tablet Stand for iPad","6,500"
"1784055315-965","https://www.olizstore.com/brands","https://www.olizstore.com/brand/jcpal","https://www.olizstore.com/product/jcpal-duostand-folding-aluminium-tablet-stand-for-iphone-ipad","https://wsrv.nl/?w=560&url=https://cdn2.blanxer.com/uploads/682feff88c633f25b4c7ce32/product_image-2-8476.webp","JCPAL DuoStand Folding Aluminium Tablet Stand for iPhone/ iPad","5,000"
"1784055317-966","https://www.olizstore.com/brands","https://www.olizstore.com/brand/jcpal","https://www.olizstore.com/product/jcpal-flexlink-usb-c-to-usb-c-cable","https://wsrv.nl/?w=560&url=https://cdn2.blanxer.com/uploads/682feff88c633f25b4c7ce32/product_image-2-8476.webp","JCPAL FlexLink USB-C to USB-C Cable","2,500"
"1784055320-967","https://www.olizstore.com/brands","https://www.olizstore.com/brand/jcpal","https://www.olizstore.com/product/jcpal-flexlinx-usb-100w-charger","https://wsrv.nl/?w=560&url=https://cdn2.blanxer.com/uploads/682feff88c633f25b4c7ce32/product_image-2-8476.webp","JCPAL FlexLinx USB 100W Charger","2,600"
"1784055322-968","https://www.olizstore.com/brands","https://www.olizstore.com/brand/jcpal","https://www.olizstore.com/product/jcpal-florence-briefcase-sleeve","https://wsrv.nl/?w=560&url=https://cdn2.blanxer.com/uploads/682feff88c633f25b4c7ce32/product_image-2-8476.webp","JCPAL Florence Briefcase Sleeve","5,500"
"1784055324-969","https://www.olizstore.com/brands","https://www.olizstore.com/brand/jcpal","https://www.olizstore.com/product/jcpal-linx-usb-c-7-port-hub","https://wsrv.nl/?w=560&url=https://cdn2.blanxer.com/uploads/682feff88c633f25b4c7ce32/product_image-2-8476.webp","JCPAL Linx USB-C 7-Port Hub","8,000"
"1784055326-970","https://www.olizstore.com/brands","https://www.olizstore.com/brand/jcpal","https://www.olizstore.com/product/jcpal-linx-usb-c-9-port-hub","https://wsrv.nl/?w=560&url=https://cdn2.blanxer.com/uploads/682feff88c633f25b4c7ce32/product_image-2-8476.webp","JCPAL Linx USB-C 9-Port Hub","10,500"
"1784055328-971","https://www.olizstore.com/brands","https://www.olizstore.com/brand/jcpal","https://www.olizstore.com/product/jcpal-multifunction-sleeve-slim-laptop-stand","https://wsrv.nl/?w=560&url=https://cdn2.blanxer.com/uploads/682feff88c633f25b4c7ce32/product_image-2-8476.webp","JCPAL Multifunction Sleeve Slim Laptop Stand","4,500"
"1784055330-972","https://www.olizstore.com/brands","https://www.olizstore.com/brand/jcpal","https://www.olizstore.com/product/jcpal-nylon-business-style-sleeve","https://wsrv.nl/?w=560&url=https://cdn2.blanxer.com/uploads/682feff88c633f25b4c7ce32/product_image-2-8476.webp","JCPAL Nylon Business Style Sleeve 13""/14""","4,500"
"1784055332-973","https://www.olizstore.com/brands","https://www.olizstore.com/brand/jcpal","https://www.olizstore.com/product/jcpal-professional-sleeve-1314''","https://wsrv.nl/?w=560&url=https://cdn2.blanxer.com/uploads/682feff88c633f25b4c7ce32/product_image-2-8476.webp","JCPAL Professional Sleeve 13/14''","4,500"
"1784055334-974","https://www.olizstore.com/brands","https://www.olizstore.com/brand/jcpal","https://www.olizstore.com/product/jcpal-slimlite-classic-sleeve-13%22","https://wsrv.nl/?w=560&url=https://cdn2.blanxer.com/uploads/682feff88c633f25b4c7ce32/product_image-2-8476.webp","JCPAL SlimLite Classic Sleeve 13""","4,500"
"1784055336-975","https://www.olizstore.com/brands","https://www.olizstore.com/brand/jcpal","https://www.olizstore.com/product/jcpal-puratech-screen-polishing-cloth","https://wsrv.nl/?w=560&url=https://cdn2.blanxer.com/uploads/682feff88c633f25b4c7ce32/product_image-2-8476.webp","JCPAL PuraTech Screen Polishing Cloth","1,600"
"1784055339-976","https://www.olizstore.com/brands","https://www.olizstore.com/brand/jcpal","https://www.olizstore.com/product/jcpal-tofino-messenger-sleeve","https://wsrv.nl/?w=560&url=https://cdn2.blanxer.com/uploads/682feff88c633f25b4c7ce32/product_image-2-8476.webp","JCPAL Tofino Messenger Sleeve","4,500"
"1784055341-977","https://www.olizstore.com/brands","https://www.olizstore.com/brand/jcpal","https://www.olizstore.com/product/jcpal-usbc-digital-audio-adapter-with-charging-port","https://wsrv.nl/?w=560&url=https://cdn2.blanxer.com/uploads/682feff88c633f25b4c7ce32/product_image-2-8476.webp","JCPAL USB‑C Digital Audio Adapter with Charging Port","2,000"
"1784055343-978","https://www.olizstore.com/brands","https://www.olizstore.com/brand/jcpal","https://www.olizstore.com/product/jcpal-papertech-flex-paper-texture-screen-protector-for-ipad","https://wsrv.nl/?w=560&url=https://cdn2.blanxer.com/uploads/682feff88c633f25b4c7ce32/product_image-2-8476.webp","JCPAL PaperTech Flex Paper-Texture Screen Protector for iPad","3,000"
"1784055345-979","https://www.olizstore.com/brands","https://www.olizstore.com/brand/jcpal","https://www.olizstore.com/product/jcpal-papertech-paper-texture-screen-protector-for-ipad","https://wsrv.nl/?w=560&url=https://cdn2.blanxer.com/uploads/682feff88c633f25b4c7ce32/product_image-2-8476.webp","JCPAL PaperTech Paper Texture Screen Protector For iPad","3,200"
"1784055347-980","https://www.olizstore.com/brands","https://www.olizstore.com/brand/jcpal","https://www.olizstore.com/product/jcpal-flexloop-apple-watch-band","https://wsrv.nl/?w=560&url=https://cdn2.blanxer.com/uploads/682feff88c633f25b4c7ce32/product_image-2-8476.webp","JCPAL FlexLoop Apple Watch Band","4,500"
"1784055349-981","https://www.olizstore.com/brands","https://www.olizstore.com/brand/jcpal","https://www.olizstore.com/product/jcpal-flexband-apple-watch-band","https://wsrv.nl/?w=560&url=https://cdn2.blanxer.com/uploads/682feff88c633f25b4c7ce32/product_image-2-8476.webp","JCPAL FlexBand Apple Watch Band","4,500"
"1784055351-982","https://www.olizstore.com/brands","https://www.olizstore.com/brand/jcpal","https://www.olizstore.com/product/jcpal-flexduo-apple-watch-band","https://wsrv.nl/?w=560&url=https://cdn2.blanxer.com/uploads/682feff88c633f25b4c7ce32/product_image-2-8476.webp","JCPal FlexDuo Apple Watch Band","4,500"
"1784055353-983","https://www.olizstore.com/brands","https://www.olizstore.com/brand/jcpal","https://www.olizstore.com/product/jcpal-flexform-apple-watch-band","https://wsrv.nl/?w=560&url=https://cdn2.blanxer.com/uploads/682feff88c633f25b4c7ce32/product_image-2-8476.webp","JCPAL FlexForm Apple Watch Band","4,500"
"1784055355-984","https://www.olizstore.com/brands","https://www.olizstore.com/brand/jcpal","https://www.olizstore.com/product/jcpal-iclara-screen-protector-for-macbook","https://wsrv.nl/?w=560&url=https://cdn2.blanxer.com/uploads/682feff88c633f25b4c7ce32/product_image-2-8476.webp","JCPal iClara Screen Protector for MacBook","3,000"
"1784055357-985","https://www.olizstore.com/brands","https://www.olizstore.com/brand/jcpal","https://www.olizstore.com/product/jcpal-iclara-screen-protector-for-ipad","https://wsrv.nl/?w=560&url=https://cdn2.blanxer.com/uploads/682feff88c633f25b4c7ce32/product_image-2-8476.webp","JCPAL iClara Screen Protector for iPad","3,200"
"1784055360-986","https://www.olizstore.com/brands","https://www.olizstore.com/brand/jcpal","https://www.olizstore.com/product/jcpal-dura-pro-protective-folio-case-with-pencil-holder-for-ipad-mini-6th-gena17pro","https://wsrv.nl/?w=560&url=https://cdn2.blanxer.com/uploads/682feff88c633f25b4c7ce32/product_image-2-8476.webp","JCPAL Dura Pro Protective Folio Case for (iPad A17 Pro/Mini 6th Gen) With Pencil Holder","4,000"
"1784055362-987","https://www.olizstore.com/brands","https://www.olizstore.com/brand/jcpal","https://www.olizstore.com/product/jcpal-durapro-protective-case-with-pencil-holder-for-ipad-proair","https://wsrv.nl/?w=560&url=https://cdn2.blanxer.com/uploads/682feff88c633f25b4c7ce32/product_image-2-8476.webp","JCPAL DuraPro Protective Case for (iPad Pro/Air) with Pencil Holder","5,500"
"1784055364-988","https://www.olizstore.com/brands","https://www.olizstore.com/brand/jcpal","https://www.olizstore.com/product/jcpal-durapro-protective-case-with-pencil-holder-for-ipad-(9th-and-10th-gen)","https://wsrv.nl/?w=560&url=https://cdn2.blanxer.com/uploads/682feff88c633f25b4c7ce32/product_image-2-8476.webp","JCPAL DuraPro Protective Case for iPad (9th/10th Gen) with Pencil Holder","5,500"
"1784055366-989","https://www.olizstore.com/brands","https://www.olizstore.com/brand/jcpal","https://www.olizstore.com/product/jcpal-flexa-protective-folio-case-for-ipad-(9th10th-gen)-with-pencil-holder","https://wsrv.nl/?w=560&url=https://cdn2.blanxer.com/uploads/682feff88c633f25b4c7ce32/product_image-2-8476.webp","JCPal Flexa Protective Folio Case for iPad (9th/10th Gen) with Pencil Holder","5,500"
"1784055368-990","https://www.olizstore.com/brands","https://www.olizstore.com/brand/jcpal","https://www.olizstore.com/product/jcpal-gentry-classic-leather-apple-watch-band","https://wsrv.nl/?w=560&url=https://cdn2.blanxer.com/uploads/682feff88c633f25b4c7ce32/product_image-2-8476.webp","JCPAL Gentry Classic Leather Apple Watch Band","4,500"
"1784055370-991","https://www.olizstore.com/brands","https://www.olizstore.com/brand/jcpal","https://www.olizstore.com/product/jcpal-foliokeys-slim-keyboard-case-with-trackpad","https://wsrv.nl/?w=560&url=https://cdn2.blanxer.com/uploads/682feff88c633f25b4c7ce32/product_image-2-8476.webp","JCPAL Foliokeys Slim Keyboard Case with Trackpad for iPad","28,500"
"1784055372-992","https://www.olizstore.com/brands","https://www.olizstore.com/brand/jcpal","https://www.olizstore.com/product/jcpal-foliokeys-slim-keyboard-case-for-ipad-air-10.9%22pro-11%22","https://wsrv.nl/?w=560&url=https://cdn2.blanxer.com/uploads/682feff88c633f25b4c7ce32/product_image-2-8476.webp","JCPAL Foliokeys Slim Keyboard Case for iPad Air 10.9""/Pro 11""","19,500"
"1784055374-993","https://www.olizstore.com/brands","https://www.olizstore.com/brand/jcpal","https://www.olizstore.com/product/jcpal-slimflex-folio-case-for-ipad-(airpro)-with-pencil-holder","https://wsrv.nl/?w=560&url=https://cdn2.blanxer.com/uploads/682feff88c633f25b4c7ce32/product_image-2-8476.webp","JCPAL SlimFlex Folio Case for iPad (Air/Pro) with Pencil Holder","5,500"
"1784055377-994","https://www.olizstore.com/brands","https://www.olizstore.com/brand/jcpal","https://www.olizstore.com/product/jcpal-iguard-dualpro-case-for-iphone","https://wsrv.nl/?w=560&url=https://cdn2.blanxer.com/uploads/682feff88c633f25b4c7ce32/product_image-2-8476.webp","JCPAL iGuard DualPro Case for iPhone","3,000"
"1784055379-995","https://www.olizstore.com/brands","https://www.olizstore.com/brand/jcpal","https://www.olizstore.com/product/jcpal-iclara-tempered-glass-screen-protector-for-apple-watch-ultra-(49mm)","https://wsrv.nl/?w=560&url=https://cdn2.blanxer.com/uploads/682feff88c633f25b4c7ce32/product_image-2-8476.webp","JCPAL iClara Tempered Glass Screen Protector for Apple Watch Ultra (49mm)","1,850"
"1784055381-996","https://www.olizstore.com/brands","https://www.olizstore.com/brand/jcpal","https://www.olizstore.com/product/jcpal-verskin-macos-shortcuts-keyboard-protector-for-mba-13%22-(usb-c-model)","https://wsrv.nl/?w=560&url=https://cdn2.blanxer.com/uploads/682feff88c633f25b4c7ce32/product_image-2-8476.webp","JCPAL Verskin MacOS Shortcuts Keyboard Protector for MBA 13"" (USB-C model)","3,000"
"1784055383-997","https://www.olizstore.com/brands","https://www.olizstore.com/brand/jcpal","https://www.olizstore.com/product/jcpal-verskin-adobe-after-effect-shortcuts-keyboard-protector-for-macbook-pro-14%22-16%22","https://wsrv.nl/?w=560&url=https://cdn2.blanxer.com/uploads/682feff88c633f25b4c7ce32/product_image-2-8476.webp","JCPAL Verskin Adobe After Effect Shortcuts Keyboard Protector for MacBook Pro 14/16""","3,000"
"1784055385-998","https://www.olizstore.com/brands","https://www.olizstore.com/brand/jcpal","https://www.olizstore.com/product/jcpal-verskin-adobe-premiere-pro-shortcuts-keyboard-protector-for-macbook-pro-14-and-16","https://wsrv.nl/?w=560&url=https://cdn2.blanxer.com/uploads/682feff88c633f25b4c7ce32/product_image-2-8476.webp","JCPal VerSkin Adobe Premiere Pro Shortcuts Keyboard Protector for MacBook Pro 14″ & 16″","3,000"
"1784055387-999","https://www.olizstore.com/brands","https://www.olizstore.com/brand/jcpal","https://www.olizstore.com/product/jcpal-verskin-avid-media-composer-shortcuts-keyboard-protector-for-macbook-pro-14-and-16","https://wsrv.nl/?w=560&url=https://cdn2.blanxer.com/uploads/682feff88c633f25b4c7ce32/product_image-2-8476.webp","JCPal VerSkin Avid Media Composer Shortcuts Keyboard Protector for MacBook Pro 14″ & 16″","3,000"
"1784055389-1000","https://www.olizstore.com/brands","https://www.olizstore.com/brand/jcpal","https://www.olizstore.com/product/jcpal-verskin-avid-pro-tools-shortcuts-keyboard-protector-for-macbook-pro-14-and-16","https://wsrv.nl/?w=560&url=https://cdn2.blanxer.com/uploads/682feff88c633f25b4c7ce32/product_image-2-8476.webp","JCPal VerSkin Avid Pro Tools Shortcuts Keyboard Protector for MacBook Pro 14″ & 16″","3,000"
"1784055391-1001","https://www.olizstore.com/brands","https://www.olizstore.com/brand/jcpal","https://www.olizstore.com/product/jcpal-verskin-final-cut-pro-shortcuts-keyboard-protector-for-macbook-pro-14-and-16","https://wsrv.nl/?w=560&url=https://cdn2.blanxer.com/uploads/682feff88c633f25b4c7ce32/product_image-2-8476.webp","JCPal VerSkin Final Cut Pro Shortcuts Keyboard Protector for MacBook Pro 14″ & 16″","3,000"
"1784055393-1002","https://www.olizstore.com/brands","https://www.olizstore.com/brand/jcpal","https://www.olizstore.com/product/jcpal-verskin-illustrator-shortcuts-keyboard-protector-for-macbook-pro-14-and-16","https://wsrv.nl/?w=560&url=https://cdn2.blanxer.com/uploads/682feff88c633f25b4c7ce32/product_image-2-8476.webp","JCPal VerSkin Illustrator Shortcuts Keyboard Protector for MacBook Pro 14″ & 16″","3,000"
"1784055395-1003","https://www.olizstore.com/brands","https://www.olizstore.com/brand/jcpal","https://www.olizstore.com/product/jcpal-verskin-imovie-shortcut-keyboard-protector-for-macbook-pro-14-and-16","https://wsrv.nl/?w=560&url=https://cdn2.blanxer.com/uploads/682feff88c633f25b4c7ce32/product_image-2-8476.webp","JCPal VerSkin iMovie Shortcut Keyboard Protector for MacBook Pro 14″ & 16″","3,000"
"1784055398-1004","https://www.olizstore.com/brands","https://www.olizstore.com/brand/jcpal","https://www.olizstore.com/product/jcpal-verskin-macos-shortcuts-keyboard-cover","https://wsrv.nl/?w=560&url=https://cdn2.blanxer.com/uploads/682feff88c633f25b4c7ce32/product_image-2-8476.webp","JCPal VerSkin MacOS Shortcuts Keyboard Cover","3,000"
"1784055400-1005","https://www.olizstore.com/brands","https://www.olizstore.com/brand/jcpal","https://www.olizstore.com/product/jcpal-5-in-1-set-for-macbook-16%22","https://wsrv.nl/?w=560&url=https://cdn2.blanxer.com/uploads/682feff88c633f25b4c7ce32/product_image-2-8476.webp","JCPal 5 IN 1 SET FOR MACBOOK 16""","5,500"
"1784055402-1006","https://www.olizstore.com/brands","https://www.olizstore.com/brand/jcpal","https://www.olizstore.com/product/jcpal-5-in-1-set-for-mbp-15''","https://wsrv.nl/?w=560&url=https://cdn2.blanxer.com/uploads/682feff88c633f25b4c7ce32/product_image-2-8476.webp","JCPal 5 IN 1 SET FOR MacBook Pro 15''","5,500"
"1784055404-1007","https://www.olizstore.com/brands","https://www.olizstore.com/brand/jcpal","https://www.olizstore.com/product/jcpal-casense-folio-case-for-ipad-pro-11%22","https://wsrv.nl/?w=560&url=https://cdn2.blanxer.com/uploads/682feff88c633f25b4c7ce32/product_image-2-8476.webp","JCPAL Casense Folio Case for iPad Pro 11""","4,500"
"1784055406-1008","https://www.olizstore.com/brands","https://www.olizstore.com/brand/jcpal","https://www.olizstore.com/product/jcpal-sense-series-cinema-stand-case-with-pencil-holder","https://wsrv.nl/?w=560&url=https://cdn2.blanxer.com/uploads/682feff88c633f25b4c7ce32/product_image-2-8476.webp","JCPal Sense Series Cinema Stand Case with Pencil Holder","4,500"
"1784055408-1009","https://www.olizstore.com/brands","https://www.olizstore.com/brand/jcpal","https://www.olizstore.com/product/jcpal-casense-for-ipad-air-and-pro-10.5%22","https://wsrv.nl/?w=560&url=https://cdn2.blanxer.com/uploads/682feff88c633f25b4c7ce32/product_image-2-8476.webp","JCPAL Casense for iPad Air/Pro 10.5""","4,500"
"1784055410-1010","https://www.olizstore.com/brands","https://www.olizstore.com/brand/jcpal","https://www.olizstore.com/product/jcpal-casense-joy-color-ultrathin-clear-case-for-ipad-air-10.9%22","https://wsrv.nl/?w=560&url=https://cdn2.blanxer.com/uploads/682feff88c633f25b4c7ce32/product_image-2-8476.webp","JCPal Casense Joy-Color Ultrathin Clear Case for iPad Air 10.9""","4,500"
"1784055412-1011","https://www.olizstore.com/brands","https://www.olizstore.com/brand/jcpal","https://www.olizstore.com/product/jcpal-fitskin-ultra-clear-keyboard-protector-for-macbook-pro-with-touch-bar","https://wsrv.nl/?w=560&url=https://cdn2.blanxer.com/uploads/682feff88c633f25b4c7ce32/product_image-2-8476.webp","JCPal FitSkin Ultra Clear Keyboard Protector for MacBook Pro with Touch Bar","2,500"
"1784055414-1012","https://www.olizstore.com/brands","https://www.olizstore.com/brand/jcpal","https://www.olizstore.com/product/jcpal-fitskin-clear-keyboard-protector-for-imac-24%22","https://wsrv.nl/?w=560&url=https://cdn2.blanxer.com/uploads/682feff88c633f25b4c7ce32/product_image-2-8476.webp","JCPal FitSkin Clear Keyboard Protector for iMac 24""","2,500"
"1784055417-1013","https://www.olizstore.com/brands","https://www.olizstore.com/brand/jcpal","https://www.olizstore.com/product/jcpal-fitskin-clear-keyboard-protector-for-macbook-air-13%22-(2020-model)","https://wsrv.nl/?w=560&url=https://cdn2.blanxer.com/uploads/682feff88c633f25b4c7ce32/product_image-2-8476.webp","JCPal FitSkin Clear Keyboard Protector for MacBook Air 13"" (2020 Model)","2,500"
"1784055419-1014","https://www.olizstore.com/brands","https://www.olizstore.com/brand/jcpal","https://www.olizstore.com/product/jcpal-fitskin-clear-keyboard-protector-for-macbook-pro-14%22-16%22-(2021-models)","https://wsrv.nl/?w=560&url=https://cdn2.blanxer.com/uploads/682feff88c633f25b4c7ce32/product_image-2-8476.webp","JCPal FitSkin Clear Keyboard Protector for MacBook Pro 14"" / 16"" (2021 Models)","2,000"
"1784055421-1015","https://www.olizstore.com/brands","https://www.olizstore.com/brand/jcpal","https://www.olizstore.com/product/jcpal-iguard-flexshield-case-for-iphone-12-series","https://wsrv.nl/?w=560&url=https://cdn2.blanxer.com/uploads/682feff88c633f25b4c7ce32/product_image-2-8476.webp","JCPal iGuard FlexShield Case for iPhone 12  Series","3,500"
"1784055423-1016","https://www.olizstore.com/brands","https://www.olizstore.com/brand/jcpal","https://www.olizstore.com/product/jcpal-iguard-flexshield-case-for-iphone-(xr-and-xs)","https://wsrv.nl/?w=560&url=https://cdn2.blanxer.com/uploads/682feff88c633f25b4c7ce32/product_image-2-8476.webp","JCPal iGuard FlexShield Case for iPhone (XR & XS)","3,500"
"1784055425-1017","https://www.olizstore.com/brands","https://www.olizstore.com/brand/jcpal","https://www.olizstore.com/product/jcpal-iguard-flexshield-case-for-iphone-11-propro-max","https://wsrv.nl/?w=560&url=https://cdn2.blanxer.com/uploads/682feff88c633f25b4c7ce32/product_image-2-8476.webp","JCPal iGuard FlexShield Case for iPhone 11 Pro/Pro Max","2,800"
"1784055427-1018","https://www.olizstore.com/brands","https://www.olizstore.com/brand/jcpal","https://www.olizstore.com/product/the-jcpal-iguard-flexshield-case-for-iphone-12-series","https://wsrv.nl/?w=560&url=https://cdn2.blanxer.com/uploads/682feff88c633f25b4c7ce32/product_image-2-8476.webp","The JCPal iGuard FlexShield Case for iPhone 12 series","3,500"
"1784055429-1019","https://www.olizstore.com/brands","https://www.olizstore.com/brand/jcpal","https://www.olizstore.com/product/jcpal-iguard-moda-leather-case-for-iphone-12-series","https://wsrv.nl/?w=560&url=https://cdn2.blanxer.com/uploads/682feff88c633f25b4c7ce32/product_image-2-8476.webp","JCPal iGuard Moda Leather Case for iPhone 12 Series","4,000"
"1784055431-1020","https://www.olizstore.com/brands","https://www.olizstore.com/brand/jcpal","https://www.olizstore.com/product/jcpal-light-armor-case-for-iphone-x","https://wsrv.nl/?w=560&url=https://cdn2.blanxer.com/uploads/682feff88c633f25b4c7ce32/product_image-2-8476.webp","JCPal Light Armor Case for iPhone X","4,500"
"1784055433-1021","https://www.olizstore.com/brands","https://www.olizstore.com/brand/jcpal","https://www.olizstore.com/product/jcpal-macguard-3-in-1-protection-set-for-13%22","https://wsrv.nl/?w=560&url=https://cdn2.blanxer.com/uploads/682feff88c633f25b4c7ce32/product_image-2-8476.webp","JCPal MacGuard 3-in-1 Protection Set for 13""","3,500"
"1784055436-1022","https://www.olizstore.com/brands","https://www.olizstore.com/brand/jcpal","https://www.olizstore.com/product/jcpal-macguard-5in1-protective-film-set-for-macbook-air-13%22-m2-(2022)","https://wsrv.nl/?w=560&url=https://cdn2.blanxer.com/uploads/682feff88c633f25b4c7ce32/product_image-2-8476.webp","JCPal MacGuard 5‑in‑1 Protective Film Set for MacBook Air 13"" M2 (2022)","5,500"
"1784055438-1023","https://www.olizstore.com/brands","https://www.olizstore.com/brand/jcpal","https://www.olizstore.com/product/jcpal-macguard-5in1-skin-set-for-macbook-13-airpro","https://wsrv.nl/?w=560&url=https://cdn2.blanxer.com/uploads/682feff88c633f25b4c7ce32/product_image-2-8476.webp","JCPal MacGuard 5‑in‑1 Skin Set for MacBook 13″ Air/Pro","5,500"
"1784055440-1024","https://www.olizstore.com/brands","https://www.olizstore.com/brand/jcpal","https://www.olizstore.com/product/jcpal-5-in-1-macguard-for-new-macbook-pro-14''","https://wsrv.nl/?w=560&url=https://cdn2.blanxer.com/uploads/682feff88c633f25b4c7ce32/product_image-2-8476.webp","JCPal 5 in 1 MacGuard for New Macbook Pro 14''","5,500"
"1784055442-1025","https://www.olizstore.com/brands","https://www.olizstore.com/brand/jcpal","https://www.olizstore.com/product/jcpal-macguard-fiveinone-skin-set-for-macbook-pro-16","https://wsrv.nl/?w=560&url=https://cdn2.blanxer.com/uploads/682feff88c633f25b4c7ce32/product_image-2-8476.webp","JCPal MacGuard Five‑in‑One Skin Set for MacBook Pro 16″","5,500"
"1784055444-1026","https://www.olizstore.com/brands","https://www.olizstore.com/brand/jcpal","https://www.olizstore.com/product/jcpal-macguard-five-in-one-skin-set-for-mba-15.3%22-(m22023)","https://wsrv.nl/?w=560&url=https://cdn2.blanxer.com/uploads/682feff88c633f25b4c7ce32/product_image-2-8476.webp","JCPal MacGuard Five-in-one Skin Set For MacBook Air 15.3"" (M2,2023)","5,500"
"1784055446-1027","https://www.olizstore.com/brands","https://www.olizstore.com/brand/jcpal","https://www.olizstore.com/product/jcpal-macguard-for-macbook-air-13%22","https://wsrv.nl/?w=560&url=https://cdn2.blanxer.com/uploads/682feff88c633f25b4c7ce32/product_image-2-8476.webp","Jcpal Macguard for Macbook Air 13""","4,500"
"1784055448-1028","https://www.olizstore.com/brands","https://www.olizstore.com/brand/jcpal","https://www.olizstore.com/product/jcpal-moda-case-for-iphone-12-series","https://wsrv.nl/?w=560&url=https://cdn2.blanxer.com/uploads/682feff88c633f25b4c7ce32/product_image-2-8476.webp","Jcpal Moda Case for iPhone 12 Series","4,000"
"1784055450-1029","https://www.olizstore.com/brands","https://www.olizstore.com/brand/jcpal","https://www.olizstore.com/product/jcpal-iguard-moda-case-for-iphone-12-mini","https://wsrv.nl/?w=560&url=https://cdn2.blanxer.com/uploads/682feff88c633f25b4c7ce32/product_image-2-8476.webp","JCPal iGuard Moda Case for iPhone 12 mini","4,000"
"1784055452-1030","https://www.olizstore.com/brands","https://www.olizstore.com/brand/jcpal","https://www.olizstore.com/product/jcpal-macguard-5in1-skin-set-for-macbook-pro-15","https://wsrv.nl/?w=560&url=https://cdn2.blanxer.com/uploads/682feff88c633f25b4c7ce32/product_image-2-8476.webp","JCPal MacGuard 5‑in‑1 Skin Set for MacBook Pro 15″","5,500"
"1784055455-1031","https://www.olizstore.com/brands","https://www.olizstore.com/brand/jcpal","https://www.olizstore.com/product/jcpal-5-in-1-macguard-for-new-macbook-pro-13''-inch","https://wsrv.nl/?w=560&url=https://cdn2.blanxer.com/uploads/682feff88c633f25b4c7ce32/product_image-2-8476.webp","JCPAL 5 in 1 MacGuard for New Macbook Pro 13'' Inch","5,500"
"1784055457-1032","https://www.olizstore.com/brands","https://www.olizstore.com/brand/jcpal","https://www.olizstore.com/product/jcpal-casense-joy-clor-ultrathin-clear-case-for-ipad-pro-11%22","https://wsrv.nl/?w=560&url=https://cdn2.blanxer.com/uploads/682feff88c633f25b4c7ce32/product_image-2-8476.webp","JCPAL CASENSE JOY CLOR ULTRATHIN CLEAR CASE FOR IPAD PRO 11""","4,500"
"1784055459-1033","https://www.olizstore.com/brands","https://www.olizstore.com/brand/jcpal","https://www.olizstore.com/product/jcpal-fitskin-keyboard-protector","https://wsrv.nl/?w=560&url=https://cdn2.blanxer.com/uploads/682feff88c633f25b4c7ce32/product_image-2-8476.webp","JCPAL FitSkin Keyboard Protector","2,500"
"1784055461-1034","https://www.olizstore.com/brands","https://www.olizstore.com/brand/jcpal","https://www.olizstore.com/product/jcpal-macguard-protective-film-set-for-macbook-pro-15","https://wsrv.nl/?w=560&url=https://cdn2.blanxer.com/uploads/682feff88c633f25b4c7ce32/product_image-2-8476.webp","JCPAL MacGuard Protective Film Set for MacBook Pro 15″","4,500"
"1784055463-1035","https://www.olizstore.com/brands","https://www.olizstore.com/brand/jcpal","https://www.olizstore.com/product/jcpal-macguard-ultra-thin-clear-protective-film-for-macbook-air-13","https://wsrv.nl/?w=560&url=https://cdn2.blanxer.com/uploads/682feff88c633f25b4c7ce32/product_image-2-8476.webp","JCPal MacGuard Ultra-Thin Clear Protective Film for MacBook Air 13″","5,500"
"1784055465-1036","https://www.olizstore.com/brands","https://www.olizstore.com/brand/jcpal","https://www.olizstore.com/product/jcpal-dualpro-magsafe-case-for-iphone-17-pro-max","https://wsrv.nl/?w=560&url=https://cdn2.blanxer.com/uploads/682feff88c633f25b4c7ce32/product_image-2-8476.webp","JCPAL DualPro MagSafe Case for iPhone 17 Pro Max","3,800"
"1784055467-1037","https://www.olizstore.com/brands","https://www.olizstore.com/brand/jcpal","https://www.olizstore.com/product/jcpal-dualpro-magsafe-case-for-iphone-17-pro","https://wsrv.nl/?w=560&url=https://cdn2.blanxer.com/uploads/682feff88c633f25b4c7ce32/product_image-2-8476.webp","JCPAL DualPro MagSafe Case for iPhone 17 Pro","3,800"
"1784055469-1038","https://www.olizstore.com/brands","https://www.olizstore.com/brand/jcpal","https://www.olizstore.com/product/jcpal-dualpro-magsafe-case-for-iphone-air","https://wsrv.nl/?w=560&url=https://cdn2.blanxer.com/uploads/682feff88c633f25b4c7ce32/product_image-2-8476.webp","JCPAL DualPro MagSafe Case for iPhone Air","3,800"
"1784055471-1039","https://www.olizstore.com/brands","https://www.olizstore.com/brand/jcpal","https://www.olizstore.com/product/jcpal-dualpro-magsafe-case-for-iphone-17","https://wsrv.nl/?w=560&url=https://cdn2.blanxer.com/uploads/682feff88c633f25b4c7ce32/product_image-2-8476.webp","JCPAL DualPro MagSafe Case for iPhone 17","3,800"
"1784055474-1040","https://www.olizstore.com/brands","https://www.olizstore.com/brand/jcpal","https://www.olizstore.com/product/jcpal-iphone-17-pro-max-preserver-privacy-screen-protector","https://wsrv.nl/?w=560&url=https://cdn2.blanxer.com/uploads/682feff88c633f25b4c7ce32/product_image-2-8476.webp","JCPAL iPhone 17 Pro Max Preserver Privacy Screen Protector","3,500"
"1784055476-1041","https://www.olizstore.com/brands","https://www.olizstore.com/brand/jcpal","https://www.olizstore.com/product/jcpal-preserver-tempered-glass-screen-protector-for-iphone-17-pro-max","https://wsrv.nl/?w=560&url=https://cdn2.blanxer.com/uploads/682feff88c633f25b4c7ce32/product_image-2-8476.webp","JCPAL iPhone 17 Pro Max Preserver Tempered Glass Screen Protector","2,800"
"1784055478-1042","https://www.olizstore.com/brands","https://www.olizstore.com/brand/jcpal","https://www.olizstore.com/product/jcpal-iphone-17-pro-preserver-privacy-screen-protector","https://wsrv.nl/?w=560&url=https://cdn2.blanxer.com/uploads/682feff88c633f25b4c7ce32/product_image-2-8476.webp","JCPAL iPhone 17 Pro Preserver Privacy Screen Protector","3,500"
"1784055480-1043","https://www.olizstore.com/brands","https://www.olizstore.com/brand/jcpal","https://www.olizstore.com/product/jcpal-iphone-17-pro-preserver-tempered-glass-screen-protector","https://wsrv.nl/?w=560&url=https://cdn2.blanxer.com/uploads/682feff88c633f25b4c7ce32/product_image-2-8476.webp","JCPAL iPhone 17 Pro Preserver Tempered Glass Screen Protector","2,800"
"1784055482-1044","https://www.olizstore.com/brands","https://www.olizstore.com/brand/jcpal","https://www.olizstore.com/product/jcpal-iphone-air-preserver-privacy-screen-protector","https://wsrv.nl/?w=560&url=https://cdn2.blanxer.com/uploads/682feff88c633f25b4c7ce32/product_image-2-8476.webp","JCPAL iPhone Air Preserver Privacy Screen Protector","3,500"
"1784055484-1045","https://www.olizstore.com/brands","https://www.olizstore.com/brand/jcpal","https://www.olizstore.com/product/jcpal-iphone-air-preserver-tempered-glass-screen-protector","https://wsrv.nl/?w=560&url=https://cdn2.blanxer.com/uploads/682feff88c633f25b4c7ce32/product_image-2-8476.webp","JCPAL iPhone Air Preserver Tempered Glass Screen Protector","2,800"
"1784055486-1046","https://www.olizstore.com/brands","https://www.olizstore.com/brand/jcpal","https://www.olizstore.com/product/jcpal-iphone-17-preserver-privacy-screen-protector","https://wsrv.nl/?w=560&url=https://cdn2.blanxer.com/uploads/682feff88c633f25b4c7ce32/product_image-2-8476.webp","JCPAL iPhone 17 Preserver Privacy Screen Protector","3,500"
"1784055488-1047","https://www.olizstore.com/brands","https://www.olizstore.com/brand/jcpal","https://www.olizstore.com/product/jcpal-iphone-17-preserver-tempered-glass-screen-protector","https://wsrv.nl/?w=560&url=https://cdn2.blanxer.com/uploads/682feff88c633f25b4c7ce32/product_image-2-8476.webp","JCPAL iPhone 17 Preserver Tempered Glass Screen Protector","2,800"
"1784055500-1048","https://www.olizstore.com/brands","https://www.olizstore.com/brand/jbl","https://www.olizstore.com/product/jbl-partybox-ultimate-1100w-price-in-nepal","https://wsrv.nl/?w=560&url=https://cdn2.blanxer.com/uploads/682feff88c633f25b4c7ce32/product_image-jbl-stage-260c-2-way-65-inch-in-ceiling-loudspeaker-4589.webp","JBL PartyBox Ultimate 1100W","1,95,000"
"1784055502-1049","https://www.olizstore.com/brands","https://www.olizstore.com/brand/jbl","https://www.olizstore.com/product/jbl-partybox-1000-price-in-nepal","https://wsrv.nl/?w=560&url=https://cdn2.blanxer.com/uploads/682feff88c633f25b4c7ce32/product_image-jbl-stage-260c-2-way-65-inch-in-ceiling-loudspeaker-4589.webp","JBL PartyBox 1000","1,25,000"
"1784055504-1050","https://www.olizstore.com/brands","https://www.olizstore.com/brand/jbl","https://www.olizstore.com/product/jbl-partybox-710-price-in-nepal","https://wsrv.nl/?w=560&url=https://cdn2.blanxer.com/uploads/682feff88c633f25b4c7ce32/product_image-jbl-stage-260c-2-way-65-inch-in-ceiling-loudspeaker-4589.webp","JBL PartyBox 710","1,38,000"
"1784055506-1051","https://www.olizstore.com/brands","https://www.olizstore.com/brand/jbl","https://www.olizstore.com/product/jbl-partybox-stage-320-price-in-nepal","https://wsrv.nl/?w=560&url=https://cdn2.blanxer.com/uploads/682feff88c633f25b4c7ce32/product_image-jbl-stage-260c-2-way-65-inch-in-ceiling-loudspeaker-4589.webp","JBL PartyBox Stage 320","90,000"
"1784055508-1052","https://www.olizstore.com/brands","https://www.olizstore.com/brand/jbl","https://www.olizstore.com/product/jbl-partybox-310-price-in-nepal","https://wsrv.nl/?w=560&url=https://cdn2.blanxer.com/uploads/682feff88c633f25b4c7ce32/product_image-jbl-stage-260c-2-way-65-inch-in-ceiling-loudspeaker-4589.webp","JBL PartyBox 310","80,000"
"1784055510-1053","https://www.olizstore.com/brands","https://www.olizstore.com/brand/jbl","https://www.olizstore.com/product/jbl-partybox-110-price-in-nepal","https://wsrv.nl/?w=560&url=https://cdn2.blanxer.com/uploads/682feff88c633f25b4c7ce32/product_image-jbl-stage-260c-2-way-65-inch-in-ceiling-loudspeaker-4589.webp","JBL PartyBox 110","63,000"
"1784055512-1054","https://www.olizstore.com/brands","https://www.olizstore.com/brand/jbl","https://www.olizstore.com/product/jbl-partybox-club-120-price-in-nepal","https://wsrv.nl/?w=560&url=https://cdn2.blanxer.com/uploads/682feff88c633f25b4c7ce32/product_image-jbl-stage-260c-2-way-65-inch-in-ceiling-loudspeaker-4589.webp","JBL PartyBox Club 120","60,000"
"1784055514-1055","https://www.olizstore.com/brands","https://www.olizstore.com/brand/jbl","https://www.olizstore.com/product/jbl-partybox-100-price-in-nepal","https://wsrv.nl/?w=560&url=https://cdn2.blanxer.com/uploads/682feff88c633f25b4c7ce32/product_image-jbl-stage-260c-2-way-65-inch-in-ceiling-loudspeaker-4589.webp","JBL PartyBox 100","49,500"
"1784055516-1056","https://www.olizstore.com/brands","https://www.olizstore.com/brand/jbl","https://www.olizstore.com/product/jbl-partybox-encore-price-in-nepal","https://wsrv.nl/?w=560&url=https://cdn2.blanxer.com/uploads/682feff88c633f25b4c7ce32/product_image-jbl-stage-260c-2-way-65-inch-in-ceiling-loudspeaker-4589.webp","JBL PartyBox Encore","62,000"
"1784055519-1057","https://www.olizstore.com/brands","https://www.olizstore.com/brand/jbl","https://www.olizstore.com/product/jbl-partybox-encore-essential-price-in-nepal","https://wsrv.nl/?w=560&url=https://cdn2.blanxer.com/uploads/682feff88c633f25b4c7ce32/product_image-jbl-stage-260c-2-way-65-inch-in-ceiling-loudspeaker-4589.webp","JBL PartyBox Encore Essential","55,000"
"1784055521-1058","https://www.olizstore.com/brands","https://www.olizstore.com/brand/jbl","https://www.olizstore.com/product/jbl-partybox-on-the-go-price-in-nepal","https://wsrv.nl/?w=560&url=https://cdn2.blanxer.com/uploads/682feff88c633f25b4c7ce32/product_image-jbl-stage-260c-2-way-65-inch-in-ceiling-loudspeaker-4589.webp","JBL PartyBox On-The-Go","48,000"
"1784055523-1059","https://www.olizstore.com/brands","https://www.olizstore.com/brand/jbl","https://www.olizstore.com/product/jbl-partylight-beam-price-in-nepal","https://wsrv.nl/?w=560&url=https://cdn2.blanxer.com/uploads/682feff88c633f25b4c7ce32/product_image-jbl-stage-260c-2-way-65-inch-in-ceiling-loudspeaker-4589.webp","JBL PartyLight Beam","22,500"
"1784055525-1060","https://www.olizstore.com/brands","https://www.olizstore.com/brand/jbl","https://www.olizstore.com/product/jbl-partylight-stick-price-in-nepal","https://wsrv.nl/?w=560&url=https://cdn2.blanxer.com/uploads/682feff88c633f25b4c7ce32/product_image-jbl-stage-260c-2-way-65-inch-in-ceiling-loudspeaker-4589.webp","JBL PartyLight Stick","15,500"
"1784055527-1061","https://www.olizstore.com/brands","https://www.olizstore.com/brand/jbl","https://www.olizstore.com/product/jbl-quantum-duo-gaming-surround-speaker-price-in-nepal","https://wsrv.nl/?w=560&url=https://cdn2.blanxer.com/uploads/682feff88c633f25b4c7ce32/product_image-jbl-stage-260c-2-way-65-inch-in-ceiling-loudspeaker-4589.webp","JBL Quantum Duo Gaming Surround Speaker","30,000"
"1784055529-1062","https://www.olizstore.com/brands","https://www.olizstore.com/brand/jbl","https://www.olizstore.com/product/jbl-club-950nc-price-in-nepal","https://wsrv.nl/?w=560&url=https://cdn2.blanxer.com/uploads/682feff88c633f25b4c7ce32/product_image-jbl-stage-260c-2-way-65-inch-in-ceiling-loudspeaker-4589.webp","JBL CLUB 950NC Wireless Over Headphones","38,000"
"1784055531-1063","https://www.olizstore.com/brands","https://www.olizstore.com/brand/jbl","https://www.olizstore.com/product/jbl-live-650bt-price-in-nepal","https://wsrv.nl/?w=560&url=https://cdn2.blanxer.com/uploads/682feff88c633f25b4c7ce32/product_image-jbl-stage-260c-2-way-65-inch-in-ceiling-loudspeaker-4589.webp","JBL Live 650BT Wireless Over Headphones","18,500"
"1784055533-1064","https://www.olizstore.com/brands","https://www.olizstore.com/brand/jbl","https://www.olizstore.com/product/jbl-live-500bt-price-in-nepal","https://wsrv.nl/?w=560&url=https://cdn2.blanxer.com/uploads/682feff88c633f25b4c7ce32/product_image-jbl-stage-260c-2-way-65-inch-in-ceiling-loudspeaker-4589.webp","JBL Live 500BT Wireless Over Headphones","18,500"
"1784055535-1065","https://www.olizstore.com/brands","https://www.olizstore.com/brand/jbl","https://www.olizstore.com/product/jbl-tune770-nc-wireless-headphone-price-in-nepal","https://wsrv.nl/?w=560&url=https://cdn2.blanxer.com/uploads/682feff88c633f25b4c7ce32/product_image-jbl-stage-260c-2-way-65-inch-in-ceiling-loudspeaker-4589.webp","JBL Tune770 NC Wireless Headphone","14,500"
"1784055538-1066","https://www.olizstore.com/brands","https://www.olizstore.com/brand/jbl","https://www.olizstore.com/product/jbl-tune720-bt-wireless-headphone-price-in-nepal","https://wsrv.nl/?w=560&url=https://cdn2.blanxer.com/uploads/682feff88c633f25b4c7ce32/product_image-jbl-stage-260c-2-way-65-inch-in-ceiling-loudspeaker-4589.webp","JBL Tune720 BT Wireless Headphone","9,500"
"1784055540-1067","https://www.olizstore.com/brands","https://www.olizstore.com/brand/jbl","https://www.olizstore.com/product/jbl-quantum-200-wired-over-ear-gaming-headset-price-in-nepal","https://wsrv.nl/?w=560&url=https://cdn2.blanxer.com/uploads/682feff88c633f25b4c7ce32/product_image-jbl-stage-260c-2-way-65-inch-in-ceiling-loudspeaker-4589.webp","JBL Quantum 200 Wired Over Ear Gaming Headset","8,500"
"1784055542-1068","https://www.olizstore.com/brands","https://www.olizstore.com/brand/jbl","https://www.olizstore.com/product/jbl-live-300tws-wireless-in-ear-headphone-price-in-nepal","https://wsrv.nl/?w=560&url=https://cdn2.blanxer.com/uploads/682feff88c633f25b4c7ce32/product_image-jbl-stage-260c-2-way-65-inch-in-ceiling-loudspeaker-4589.webp","JBL Live 300TWS Wireless Headphone","17,600"
"1784055544-1069","https://www.olizstore.com/brands","https://www.olizstore.com/brand/jbl","https://www.olizstore.com/product/jbl-free-x-truly-wireless-headphone-price-in-nepal","https://wsrv.nl/?w=560&url=https://cdn2.blanxer.com/uploads/682feff88c633f25b4c7ce32/product_image-jbl-stage-260c-2-way-65-inch-in-ceiling-loudspeaker-4589.webp","JBL Free X Truly Wireless Headphone","15,000"
"1784055546-1070","https://www.olizstore.com/brands","https://www.olizstore.com/brand/jbl","https://www.olizstore.com/product/jbl-tune-110bt-earphone-price-in-nepal","https://wsrv.nl/?w=560&url=https://cdn2.blanxer.com/uploads/682feff88c633f25b4c7ce32/product_image-jbl-stage-260c-2-way-65-inch-in-ceiling-loudspeaker-4589.webp","JBL TUNE 110BT Earphone","4,900"
"1784055548-1071","https://www.olizstore.com/brands","https://www.olizstore.com/brand/jbl","https://www.olizstore.com/product/jbl-tune-110-earphone-price-in-nepal","https://wsrv.nl/?w=560&url=https://cdn2.blanxer.com/uploads/682feff88c633f25b4c7ce32/product_image-jbl-stage-260c-2-way-65-inch-in-ceiling-loudspeaker-4589.webp","JBL TUNE 110 Earphone","1,650"
"1784055550-1072","https://www.olizstore.com/brands","https://www.olizstore.com/brand/jbl","https://www.olizstore.com/product/jbl-tune-205-in-ear-wired-headphone-price-in-nepal","https://wsrv.nl/?w=560&url=https://cdn2.blanxer.com/uploads/682feff88c633f25b4c7ce32/product_image-jbl-stage-260c-2-way-65-inch-in-ceiling-loudspeaker-4589.webp","JBL Tune 205 in Ear Wired Headphone","2,950"
"1784055552-1073","https://www.olizstore.com/brands","https://www.olizstore.com/brand/jbl","https://www.olizstore.com/product/jbl-bar-1300-11.1.4-channel-dolby-atmos-soundbar-system-with-subwoofer-price-in-nepal","https://wsrv.nl/?w=560&url=https://cdn2.blanxer.com/uploads/682feff88c633f25b4c7ce32/product_image-jbl-stage-260c-2-way-65-inch-in-ceiling-loudspeaker-4589.webp","JBL Bar 1300 11.1.4 Channel Dolby Atmos Soundbar System with Subwoofer","1,85,000"
"1784055554-1074","https://www.olizstore.com/brands","https://www.olizstore.com/brand/jbl","https://www.olizstore.com/product/jbl-bar-5.1-surround-550w-virtual-5.1-channel-soundbar-system-price-in-nepal","https://wsrv.nl/?w=560&url=https://cdn2.blanxer.com/uploads/682feff88c633f25b4c7ce32/product_image-jbl-stage-260c-2-way-65-inch-in-ceiling-loudspeaker-4589.webp","JBL Bar 5.1 Surround 550W Virtual 5.1-Channel Soundbar System","75,000"
"1784055557-1075","https://www.olizstore.com/brands","https://www.olizstore.com/brand/jbl","https://www.olizstore.com/product/jbl-bar-9.1-dolby-atmos-3dtws-soundbar-with-wireless-subwoofer-price-in-nepal","https://wsrv.nl/?w=560&url=https://cdn2.blanxer.com/uploads/682feff88c633f25b4c7ce32/product_image-jbl-stage-260c-2-way-65-inch-in-ceiling-loudspeaker-4589.webp","JBL Bar 9.1 Dolby Atmos 3DTWS Soundbar with Wireless Subwoofer","1,28,000"
"1784055559-1076","https://www.olizstore.com/brands","https://www.olizstore.com/brand/jbl","https://www.olizstore.com/product/jbl-cinema-sb170-2.1-channel-soundbar-with-wireless-subwoofer-price-in-nepal","https://wsrv.nl/?w=560&url=https://cdn2.blanxer.com/uploads/682feff88c633f25b4c7ce32/product_image-jbl-stage-260c-2-way-65-inch-in-ceiling-loudspeaker-4589.webp","JBL Cinema SB170 2.1 Channel Soundbar with Wireless Subwoofer","38,250"
"1784055561-1077","https://www.olizstore.com/brands","https://www.olizstore.com/brand/jbl","https://www.olizstore.com/product/jbl-ma310-5.2-channel-4k-av-receiver-price-in-nepal","https://wsrv.nl/?w=560&url=https://cdn2.blanxer.com/uploads/682feff88c633f25b4c7ce32/product_image-jbl-stage-260c-2-way-65-inch-in-ceiling-loudspeaker-4589.webp","JBL MA310 5.2-Channel 4K AV Receiver","78,000"
"1784055563-1078","https://www.olizstore.com/brands","https://www.olizstore.com/brand/jbl","https://www.olizstore.com/product/jbl-synthesis-hdi-3800-walnut-finish-price-in-nepal","https://wsrv.nl/?w=560&url=https://cdn2.blanxer.com/uploads/682feff88c633f25b4c7ce32/product_image-jbl-stage-260c-2-way-65-inch-in-ceiling-loudspeaker-4589.webp","JBL Synthesis HDI 3800 (Walnut Finish)","5,25,000"
"1784055565-1079","https://www.olizstore.com/brands","https://www.olizstore.com/brand/jbl","https://www.olizstore.com/product/jbl-studio-630-price-in-nepal","https://wsrv.nl/?w=560&url=https://cdn2.blanxer.com/uploads/682feff88c633f25b4c7ce32/product_image-jbl-stage-260c-2-way-65-inch-in-ceiling-loudspeaker-4589.webp","JBL Studio 630","1,05,000"
"1784055567-1080","https://www.olizstore.com/brands","https://www.olizstore.com/brand/jbl","https://www.olizstore.com/product/jbl-stage2-280f-floorstand-speaker-price-in-nepal","https://wsrv.nl/?w=560&url=https://cdn2.blanxer.com/uploads/682feff88c633f25b4c7ce32/product_image-jbl-stage-260c-2-way-65-inch-in-ceiling-loudspeaker-4589.webp","JBL Stage2 280F Floorstand Speaker (Pair)","2,05,000"
"1784055569-1081","https://www.olizstore.com/brands","https://www.olizstore.com/brand/jbl","https://www.olizstore.com/product/jbl-ma510-av-receiver-price-in-nepal","https://wsrv.nl/?w=560&url=https://cdn2.blanxer.com/uploads/682feff88c633f25b4c7ce32/product_image-jbl-stage-260c-2-way-65-inch-in-ceiling-loudspeaker-4589.webp","JBL MA510 AV Receiver","94,000"
"1784055571-1082","https://www.olizstore.com/brands","https://www.olizstore.com/brand/jbl","https://www.olizstore.com/product/jbl-stage2-260f-floorstand-speaker-price-in-nepal","https://wsrv.nl/?w=560&url=https://cdn2.blanxer.com/uploads/682feff88c633f25b4c7ce32/product_image-jbl-stage-260c-2-way-65-inch-in-ceiling-loudspeaker-4589.webp","JBL Stage2 260F Floorstand Speaker (Pair)","1,70,000"
"1784055573-1083","https://www.olizstore.com/brands","https://www.olizstore.com/brand/jbl","https://www.olizstore.com/product/jbl-stage2-240h-height-speaker-price-in-nepal","https://wsrv.nl/?w=560&url=https://cdn2.blanxer.com/uploads/682feff88c633f25b4c7ce32/product_image-jbl-stage-260c-2-way-65-inch-in-ceiling-loudspeaker-4589.webp","JBL Stage2 240H Height Speaker (Pair)","52,500"
"1784055576-1084","https://www.olizstore.com/brands","https://www.olizstore.com/brand/jbl","https://www.olizstore.com/product/jbl-stage2-240b-bookshelf-speaker-price-in-nepal","https://wsrv.nl/?w=560&url=https://cdn2.blanxer.com/uploads/682feff88c633f25b4c7ce32/product_image-jbl-stage-260c-2-way-65-inch-in-ceiling-loudspeaker-4589.webp","JBL Stage2 240B Bookshelf Speaker (Pair)","52,500"
"1784055578-1085","https://www.olizstore.com/brands","https://www.olizstore.com/brand/jbl","https://www.olizstore.com/product/jbl-ma710-7.2-channel-av-receiver-price-in-nepal","https://wsrv.nl/?w=560&url=https://cdn2.blanxer.com/uploads/682feff88c633f25b4c7ce32/product_image-jbl-stage-260c-2-way-65-inch-in-ceiling-loudspeaker-4589.webp","JBL MA710 7.2-channel AV Receiver","1,28,000"
"1784055580-1086","https://www.olizstore.com/brands","https://www.olizstore.com/brand/jbl","https://www.olizstore.com/product/jbl-stage2-220p-subwoofer-price-in-nepal","https://wsrv.nl/?w=560&url=https://cdn2.blanxer.com/uploads/682feff88c633f25b4c7ce32/product_image-jbl-stage-260c-2-way-65-inch-in-ceiling-loudspeaker-4589.webp","JBL Stage2 220P Subwoofer","1,05,000"
"1784055582-1087","https://www.olizstore.com/brands","https://www.olizstore.com/brand/jbl","https://www.olizstore.com/product/jbl-ma7100hp-7.2-channel-8k-av-receiver-price-in-nepal","https://wsrv.nl/?w=560&url=https://cdn2.blanxer.com/uploads/682feff88c633f25b4c7ce32/product_image-jbl-stage-260c-2-way-65-inch-in-ceiling-loudspeaker-4589.webp","JBL MA7100HP 7.2-Channel 8K AV Receiver","1,95,000"
"1784055584-1088","https://www.olizstore.com/brands","https://www.olizstore.com/brand/jbl","https://www.olizstore.com/product/jbl-stage-a190-2.5-way-dual-8inch-floorstand-wood-price-in-nepal","https://wsrv.nl/?w=560&url=https://cdn2.blanxer.com/uploads/682feff88c633f25b4c7ce32/product_image-jbl-stage-260c-2-way-65-inch-in-ceiling-loudspeaker-4589.webp","JBL Stage A190 2.5 way dual 8inch Floorstand Wood (Pair)","1,55,000"
"1784055586-1089","https://www.olizstore.com/brands","https://www.olizstore.com/brand/jbl","https://www.olizstore.com/product/jbl-ma9100hp-9.2-channel-network-av-receiver-price-in-nepal","https://wsrv.nl/?w=560&url=https://cdn2.blanxer.com/uploads/682feff88c633f25b4c7ce32/product_image-jbl-stage-260c-2-way-65-inch-in-ceiling-loudspeaker-4589.webp","JBL MA9100HP 9.2-Channel Network A/V Receiver","2,55,000"
"1784055588-1090","https://www.olizstore.com/brands","https://www.olizstore.com/brand/jbl","https://www.olizstore.com/product/jbl-soundpoint-sp6cii-round-in-ceiling-loudspeaker-price-in-nepal","https://wsrv.nl/?w=560&url=https://cdn2.blanxer.com/uploads/682feff88c633f25b4c7ce32/product_image-jbl-stage-260c-2-way-65-inch-in-ceiling-loudspeaker-4589.webp","JBL Soundpoint SP6CII Round In-Ceiling Loudspeaker","15,000"
"1784055590-1091","https://www.olizstore.com/brands","https://www.olizstore.com/brand/jbl","https://www.olizstore.com/product/jbl-stage-a100p-10-inch-300w-powered-subwoofer-price-in-nepal","https://wsrv.nl/?w=560&url=https://cdn2.blanxer.com/uploads/682feff88c633f25b4c7ce32/product_image-jbl-stage-260c-2-way-65-inch-in-ceiling-loudspeaker-4589.webp","JBL Stage A100P 10 inch 300w Powered Subwoofer","85,000"
"1784055592-1092","https://www.olizstore.com/brands","https://www.olizstore.com/brand/jbl","https://www.olizstore.com/product/jbl-stage-a120p-12%22-500w-subwoofer-price-in-nepal","https://wsrv.nl/?w=560&url=https://cdn2.blanxer.com/uploads/682feff88c633f25b4c7ce32/product_image-jbl-stage-260c-2-way-65-inch-in-ceiling-loudspeaker-4589.webp","JBL Stage A120P 12"" 500W Subwoofer","95,000"
"1784055595-1093","https://www.olizstore.com/brands","https://www.olizstore.com/brand/jbl","https://www.olizstore.com/product/jbl-stage-a180-2.5-way-dual-6.5-inch-floorstand-loudspeaker-price-in-nepal","https://wsrv.nl/?w=560&url=https://cdn2.blanxer.com/uploads/682feff88c633f25b4c7ce32/product_image-jbl-stage-260c-2-way-65-inch-in-ceiling-loudspeaker-4589.webp","JBL Stage A180 2.5-Way Dual 6.5 inch Floorstand Loudspeaker (Pair)","1,24,000"
"1784055597-1094","https://www.olizstore.com/brands","https://www.olizstore.com/brand/jbl","https://www.olizstore.com/product/jbl-stage-a125c-2way-dual-5.25-woofer-center-loud-speaker-price-in-nepal","https://wsrv.nl/?w=560&url=https://cdn2.blanxer.com/uploads/682feff88c633f25b4c7ce32/product_image-jbl-stage-260c-2-way-65-inch-in-ceiling-loudspeaker-4589.webp","JBL Stage A125C 2way Dual 5.25 Woofer Center Loud Speaker","45,000"
"1784055599-1095","https://www.olizstore.com/brands","https://www.olizstore.com/brand/jbl","https://www.olizstore.com/product/jbl-bar-9.1-820w-5.1.4-channel-soundbar-system-price-in-nepal","https://wsrv.nl/?w=560&url=https://cdn2.blanxer.com/uploads/682feff88c633f25b4c7ce32/product_image-jbl-stage-260c-2-way-65-inch-in-ceiling-loudspeaker-4589.webp","JBL Bar 9.1 820W 5.1.4-Channel Soundbar System","1,45,000"
"1784055601-1096","https://www.olizstore.com/brands","https://www.olizstore.com/brand/jbl","https://www.olizstore.com/product/jbl-stage-a130-5.25-inch-(133mm)-2-way-bookshelf-loudspeaker-price-in-nepal","https://wsrv.nl/?w=560&url=https://cdn2.blanxer.com/uploads/682feff88c633f25b4c7ce32/product_image-jbl-stage-260c-2-way-65-inch-in-ceiling-loudspeaker-4589.webp","JBL Stage A130 5.25-inch (133mm) 2-way Bookshelf Loudspeaker (Pair)","52,000"
"1784055603-1097","https://www.olizstore.com/brands","https://www.olizstore.com/brand/jbl","https://www.olizstore.com/product/jbl-stage-a135c-2-way-6-x-3-inch-woofer-center-loudspeaker-price-in-nepal","https://wsrv.nl/?w=560&url=https://cdn2.blanxer.com/uploads/682feff88c633f25b4c7ce32/product_image-jbl-stage-260c-2-way-65-inch-in-ceiling-loudspeaker-4589.webp","JBL Stage A135C 2-Way 6 X 3 Inch Woofer Center Loudspeaker","77,500"
"1784055605-1098","https://www.olizstore.com/brands","https://www.olizstore.com/brand/jbl","https://www.olizstore.com/product/jbl-authentics-200-price-in-nepal","https://wsrv.nl/?w=560&url=https://cdn2.blanxer.com/uploads/682feff88c633f25b4c7ce32/product_image-jbl-stage-260c-2-way-65-inch-in-ceiling-loudspeaker-4589.webp","JBL Authentics 200","47,500"
"1784055607-1099","https://www.olizstore.com/brands","https://www.olizstore.com/brand/jbl","https://www.olizstore.com/product/jbl-authentics-300-price-in-nepal","https://wsrv.nl/?w=560&url=https://cdn2.blanxer.com/uploads/682feff88c633f25b4c7ce32/product_image-jbl-stage-260c-2-way-65-inch-in-ceiling-loudspeaker-4589.webp","JBL Authentics 300","60,500"
"1784055609-1100","https://www.olizstore.com/brands","https://www.olizstore.com/brand/jbl","https://www.olizstore.com/product/jbl-authentics-500-price-in-nepal","https://wsrv.nl/?w=560&url=https://cdn2.blanxer.com/uploads/682feff88c633f25b4c7ce32/product_image-jbl-stage-260c-2-way-65-inch-in-ceiling-loudspeaker-4589.webp","JBL Authentics 500","94,500"
"1784055612-1101","https://www.olizstore.com/brands","https://www.olizstore.com/brand/jbl","https://www.olizstore.com/product/jbl-go-4-price-in-nepal","https://wsrv.nl/?w=560&url=https://cdn2.blanxer.com/uploads/682feff88c633f25b4c7ce32/product_image-jbl-stage-260c-2-way-65-inch-in-ceiling-loudspeaker-4589.webp","JBL Go 4","7,900"
"1784055614-1102","https://www.olizstore.com/brands","https://www.olizstore.com/brand/jbl","https://www.olizstore.com/product/jbl-clip-5-price-in-nepal","https://wsrv.nl/?w=560&url=https://cdn2.blanxer.com/uploads/682feff88c633f25b4c7ce32/product_image-jbl-stage-260c-2-way-65-inch-in-ceiling-loudspeaker-4589.webp","JBL Clip 5","11,000"
"1784055616-1103","https://www.olizstore.com/brands","https://www.olizstore.com/brand/jbl","https://www.olizstore.com/product/jbl-charge-5-price-in-nepal","https://wsrv.nl/?w=560&url=https://cdn2.blanxer.com/uploads/682feff88c633f25b4c7ce32/product_image-jbl-stage-260c-2-way-65-inch-in-ceiling-loudspeaker-4589.webp","JBL Charge 5","22,500"
"1784055618-1104","https://www.olizstore.com/brands","https://www.olizstore.com/brand/jbl","https://www.olizstore.com/product/jbl-pulse-5-price-in-nepal","https://wsrv.nl/?w=560&url=https://cdn2.blanxer.com/uploads/682feff88c633f25b4c7ce32/product_image-jbl-stage-260c-2-way-65-inch-in-ceiling-loudspeaker-4589.webp","JBL Pulse 5","32,000"
"1784055620-1105","https://www.olizstore.com/brands","https://www.olizstore.com/brand/jbl","https://www.olizstore.com/product/jbl-pulse-4-price-in-nepal","https://wsrv.nl/?w=560&url=https://cdn2.blanxer.com/uploads/682feff88c633f25b4c7ce32/product_image-jbl-stage-260c-2-way-65-inch-in-ceiling-loudspeaker-4589.webp","JBL Pulse 4","25,000"
"1784055622-1106","https://www.olizstore.com/brands","https://www.olizstore.com/brand/jbl","https://www.olizstore.com/product/jbl-xtreme-3-price-in-nepal","https://wsrv.nl/?w=560&url=https://cdn2.blanxer.com/uploads/682feff88c633f25b4c7ce32/product_image-jbl-stage-260c-2-way-65-inch-in-ceiling-loudspeaker-4589.webp","JBL Xtreme 3","39,000"
"1784055624-1107","https://www.olizstore.com/brands","https://www.olizstore.com/brand/jbl","https://www.olizstore.com/product/jbl-xtreme-4-price-in-nepal","https://wsrv.nl/?w=560&url=https://cdn2.blanxer.com/uploads/682feff88c633f25b4c7ce32/product_image-jbl-stage-260c-2-way-65-inch-in-ceiling-loudspeaker-4589.webp","JBL Xtreme 4","45,000"
"1784055627-1108","https://www.olizstore.com/brands","https://www.olizstore.com/brand/jbl","https://www.olizstore.com/product/jbl-charge-6-price-in-nepal","https://wsrv.nl/?w=560&url=https://cdn2.blanxer.com/uploads/682feff88c633f25b4c7ce32/product_image-jbl-stage-260c-2-way-65-inch-in-ceiling-loudspeaker-4589.webp","JBL Charge 6","29,500"
"1784055629-1109","https://www.olizstore.com/brands","https://www.olizstore.com/brand/jbl","https://www.olizstore.com/product/jbl-flip-7-price-in-nepal","https://wsrv.nl/?w=560&url=https://cdn2.blanxer.com/uploads/682feff88c633f25b4c7ce32/product_image-jbl-stage-260c-2-way-65-inch-in-ceiling-loudspeaker-4589.webp","JBL Flip 7","22,500"
"1784055631-1110","https://www.olizstore.com/brands","https://www.olizstore.com/brand/jbl","https://www.olizstore.com/product/jbl-grip","https://wsrv.nl/?w=560&url=https://cdn2.blanxer.com/uploads/682feff88c633f25b4c7ce32/product_image-jbl-stage-260c-2-way-65-inch-in-ceiling-loudspeaker-4589.webp","JBL Grip","16,900"
"1784055633-1111","https://www.olizstore.com/brands","https://www.olizstore.com/brand/jbl","https://www.olizstore.com/product/jbl-go-essential-2","https://wsrv.nl/?w=560&url=https://cdn2.blanxer.com/uploads/682feff88c633f25b4c7ce32/product_image-jbl-stage-260c-2-way-65-inch-in-ceiling-loudspeaker-4589.webp","JBL Go Essential 2","6,950"
"1784055635-1112","https://www.olizstore.com/brands","https://www.olizstore.com/brand/jbl","https://www.olizstore.com/product/jbl-partybox-520","https://wsrv.nl/?w=560&url=https://cdn2.blanxer.com/uploads/682feff88c633f25b4c7ce32/product_image-jbl-stage-260c-2-way-65-inch-in-ceiling-loudspeaker-4589.webp","JBL PartyBox 520","1,09,000"
"1784055637-1113","https://www.olizstore.com/brands","https://www.olizstore.com/brand/jbl","https://www.olizstore.com/product/jbl-partybox-720","https://wsrv.nl/?w=560&url=https://cdn2.blanxer.com/uploads/682feff88c633f25b4c7ce32/product_image-jbl-stage-260c-2-way-65-inch-in-ceiling-loudspeaker-4589.webp","JBL PartyBox 720","1,48,000"
"1784055639-1114","https://www.olizstore.com/brands","https://www.olizstore.com/brand/jbl","https://www.olizstore.com/product/jbl-partybox-on-the-go-2","https://wsrv.nl/?w=560&url=https://cdn2.blanxer.com/uploads/682feff88c633f25b4c7ce32/product_image-jbl-stage-260c-2-way-65-inch-in-ceiling-loudspeaker-4589.webp","JBL PartyBox On-The-Go 2","65,000"
"1784055641-1115","https://www.olizstore.com/brands","https://www.olizstore.com/brand/jbl","https://www.olizstore.com/product/jbl-partybox-encore-2","https://wsrv.nl/?w=560&url=https://cdn2.blanxer.com/uploads/682feff88c633f25b4c7ce32/product_image-jbl-stage-260c-2-way-65-inch-in-ceiling-loudspeaker-4589.webp","JBL PartyBox Encore 2","65,000"
"1784055644-1116","https://www.olizstore.com/brands","https://www.olizstore.com/brand/jbl","https://www.olizstore.com/product/jbl-partybox-encore-essential-2-price-in-nepal","https://wsrv.nl/?w=560&url=https://cdn2.blanxer.com/uploads/682feff88c633f25b4c7ce32/product_image-jbl-stage-260c-2-way-65-inch-in-ceiling-loudspeaker-4589.webp","JBL PartyBox Encore Essential 2","57,500"
"1784055646-1117","https://www.olizstore.com/brands","https://www.olizstore.com/brand/jbl","https://www.olizstore.com/product/jbl-go-5","https://wsrv.nl/?w=560&url=https://cdn2.blanxer.com/uploads/682feff88c633f25b4c7ce32/product_image-jbl-stage-260c-2-way-65-inch-in-ceiling-loudspeaker-4589.webp","JBL Go 5","9,000"
"1784055648-1118","https://www.olizstore.com/brands","https://www.olizstore.com/brand/jbl","https://www.olizstore.com/product/jbl-stage-250wl-2-way-dual-5.25-inch-in-wall-loudspeaker","https://wsrv.nl/?w=560&url=https://cdn2.blanxer.com/uploads/682feff88c633f25b4c7ce32/product_image-jbl-stage-260c-2-way-65-inch-in-ceiling-loudspeaker-4589.webp","JBL STAGE 250WL 2-WAY DUAL 5.25 INCH IN-WALL LOUDSPEAKER",""
"1784055650-1119","https://www.olizstore.com/brands","https://www.olizstore.com/brand/jbl","https://www.olizstore.com/product/jbl-stage-280w-2-way-8-inch-woofer-in-wall-loudspeaker","https://wsrv.nl/?w=560&url=https://cdn2.blanxer.com/uploads/682feff88c633f25b4c7ce32/product_image-jbl-stage-260c-2-way-65-inch-in-ceiling-loudspeaker-4589.webp","JBL STAGE 280W 2-WAY 8 INCH WOOFER IN-WALL LOUDSPEAKER",""
"1784055652-1120","https://www.olizstore.com/brands","https://www.olizstore.com/brand/jbl","https://www.olizstore.com/product/jbl-stage-260c-2-way-6.5-inch-in-ceiling-loudspeaker","https://wsrv.nl/?w=560&url=https://cdn2.blanxer.com/uploads/682feff88c633f25b4c7ce32/product_image-jbl-stage-260c-2-way-65-inch-in-ceiling-loudspeaker-4589.webp","JBL STAGE 260C 2-WAY 6.5 INCH IN-CEILING LOUDSPEAKER",""
"1784055738-1121","https://www.olizstore.com/brands","https://www.olizstore.com/brand/itskins","https://www.olizstore.com/product/itskins-ballistic-r-carbon-magsafe-case-for-iphone-15-pro-rugged-and-sleek","https://wsrv.nl/?w=560&url=https://cdn2.blanxer.com/uploads/682feff88c633f25b4c7ce32/product_image-ap7u-hmacr-trsp-marketing-4-1512.webp","ITSKINS Ballistic R Carbon MagSafe Case for iPhone 15 Pro – Rugged & Sleek","5,500"
"1784055740-1122","https://www.olizstore.com/brands","https://www.olizstore.com/brand/itskins","https://www.olizstore.com/product/itskins-spectrum-r-clear-case-for-apple-iphone-14","https://wsrv.nl/?w=560&url=https://cdn2.blanxer.com/uploads/682feff88c633f25b4c7ce32/product_image-ap7u-hmacr-trsp-marketing-4-1512.webp","ITSkins Spectrum R Clear Case for Apple iPhone 14","4,000"
"1784055742-1123","https://www.olizstore.com/brands","https://www.olizstore.com/brand/itskins","https://www.olizstore.com/product/itskins-hybrid-tek-military-grade-case-for-iphone-1212-pro-red-and-clear","https://wsrv.nl/?w=560&url=https://cdn2.blanxer.com/uploads/682feff88c633f25b4c7ce32/product_image-ap7u-hmacr-trsp-marketing-4-1512.webp","ITSKINS Hybrid Tek Military-Grade Case for iPhone 12/12 Pro – Red & Clear","4,500"
"1784055745-1124","https://www.olizstore.com/brands","https://www.olizstore.com/brand/itskins","https://www.olizstore.com/product/itskins-hybrid-clear-shockproof-case-for-iphone-13-pro-transparent","https://wsrv.nl/?w=560&url=https://cdn2.blanxer.com/uploads/682feff88c633f25b4c7ce32/product_image-ap7u-hmacr-trsp-marketing-4-1512.webp","ITSKINS Hybrid Clear Shockproof Case for iPhone 13 Pro – Transparent","5,000"
"1784055747-1125","https://www.olizstore.com/brands","https://www.olizstore.com/brand/itskins","https://www.olizstore.com/product/itskins-hybrid-r-spark-case-for-iphone-15-plus-14-plus","https://wsrv.nl/?w=560&url=https://cdn2.blanxer.com/uploads/682feff88c633f25b4c7ce32/product_image-ap7u-hmacr-trsp-marketing-4-1512.webp","ITSKINS Hybrid R Spark Case for iPhone 15 Plus / 14 Plus","4,000"
"1784055749-1126","https://www.olizstore.com/brands","https://www.olizstore.com/brand/itskins","https://www.olizstore.com/product/itskins-spectrum-r-folio-case-for-iphone-15-pro-max","https://wsrv.nl/?w=560&url=https://cdn2.blanxer.com/uploads/682feff88c633f25b4c7ce32/product_image-ap7u-hmacr-trsp-marketing-4-1512.webp","ITSKINS Spectrum R Folio Case for iPhone 15 Pro Max","5,500"
"1784055751-1127","https://www.olizstore.com/brands","https://www.olizstore.com/brand/itskins","https://www.olizstore.com/product/itskins-spectrum-r-mood-case-for-iphone-15-pro-max","https://wsrv.nl/?w=560&url=https://cdn2.blanxer.com/uploads/682feff88c633f25b4c7ce32/product_image-ap7u-hmacr-trsp-marketing-4-1512.webp","ITSKINS Spectrum R Mood Case for iPhone 15 Pro Max","4,000"
"1784055753-1128","https://www.olizstore.com/brands","https://www.olizstore.com/brand/itskins","https://www.olizstore.com/product/itskins-hybrid-r-frost-magsafe-case-shockproof-and-transparent-for-iphone-models","https://wsrv.nl/?w=560&url=https://cdn2.blanxer.com/uploads/682feff88c633f25b4c7ce32/product_image-ap7u-hmacr-trsp-marketing-4-1512.webp","ITSKINS Hybrid R Frost MagSafe Case – Shockproof & Transparent – For iPhone Models","5,500"
"1784055755-1129","https://www.olizstore.com/brands","https://www.olizstore.com/brand/itskins","https://www.olizstore.com/product/itskins-spectrum-r-silk-case-clear-and-magsafe-for-iphone-models","https://wsrv.nl/?w=560&url=https://cdn2.blanxer.com/uploads/682feff88c633f25b4c7ce32/product_image-ap7u-hmacr-trsp-marketing-4-1512.webp","ITSKINS Spectrum R Silk Case – Clear & MagSafe – For iPhone Models","4,500"
"1784055757-1130","https://www.olizstore.com/brands","https://www.olizstore.com/brand/itskins","https://www.olizstore.com/product/itskins-hybrid-r-case-magsafe-series-for-iphone-15-pro-max","https://wsrv.nl/?w=560&url=https://cdn2.blanxer.com/uploads/682feff88c633f25b4c7ce32/product_image-ap7u-hmacr-trsp-marketing-4-1512.webp","ITSKINS Hybrid R Case – MagSafe Series – For iPhone 15 Pro Max","5,500"
"1784055759-1131","https://www.olizstore.com/brands","https://www.olizstore.com/brand/itskins","https://www.olizstore.com/product/itskins-hybrid-r-clear-magsafe-case-for-iphone-15-pro-max","https://wsrv.nl/?w=560&url=https://cdn2.blanxer.com/uploads/682feff88c633f25b4c7ce32/product_image-ap7u-hmacr-trsp-marketing-4-1512.webp","ITSKINS HYBRID R Clear MagSafe Case for iPhone 15 Pro Max","5,500"
"1784055761-1132","https://www.olizstore.com/brands","https://www.olizstore.com/brand/itskins","https://www.olizstore.com/product/itskins-hybrid-r-stand-magsafe-case-for-iphone-15-pro-max","https://wsrv.nl/?w=560&url=https://cdn2.blanxer.com/uploads/682feff88c633f25b4c7ce32/product_image-ap7u-hmacr-trsp-marketing-4-1512.webp","ITSKINS Hybrid R Stand MagSafe Case for iPhone 15 Pro Max","7,000"
"1784055764-1133","https://www.olizstore.com/brands","https://www.olizstore.com/brand/itskins","https://www.olizstore.com/product/itskins-supreme-r-clear-magsafe-case-for-iphone-14-series","https://wsrv.nl/?w=560&url=https://cdn2.blanxer.com/uploads/682feff88c633f25b4c7ce32/product_image-ap7u-hmacr-trsp-marketing-4-1512.webp","ITSKINS Supreme R Clear MagSafe Case for iPhone 14 Series","6,000"
"1784055766-1134","https://www.olizstore.com/brands","https://www.olizstore.com/brand/itskins","https://www.olizstore.com/product/itskins-hybrid-r-magsafe-case-for-iphone-16-pro-pro-max","https://wsrv.nl/?w=560&url=https://cdn2.blanxer.com/uploads/682feff88c633f25b4c7ce32/product_image-ap7u-hmacr-trsp-marketing-4-1512.webp","ITSKINS Hybrid R MagSafe Case For iPhone 16 Pro / Pro Max","6,500"
"1784055768-1135","https://www.olizstore.com/brands","https://www.olizstore.com/brand/itskins","https://www.olizstore.com/product/itskins-hybrid-r-spark-magsafe-case-for-iphone-16-pro-pro-max","https://wsrv.nl/?w=560&url=https://cdn2.blanxer.com/uploads/682feff88c633f25b4c7ce32/product_image-ap7u-hmacr-trsp-marketing-4-1512.webp","ITSKINS Hybrid R Spark MagSafe Case For iPhone 16 Pro / Pro Max","5,500"
"1784055770-1136","https://www.olizstore.com/brands","https://www.olizstore.com/brand/itskins","https://www.olizstore.com/product/itskins-hybrid-r-magsafe-case-for-iphone-16","https://wsrv.nl/?w=560&url=https://cdn2.blanxer.com/uploads/682feff88c633f25b4c7ce32/product_image-ap7u-hmacr-trsp-marketing-4-1512.webp","ITSKINS Hybrid R MagSafe Case for iPhone 16","0"
"1784055772-1137","https://www.olizstore.com/brands","https://www.olizstore.com/brand/itskins","https://www.olizstore.com/product/itskins-hybrid-r-case-for-galaxy-s25-series","https://wsrv.nl/?w=560&url=https://cdn2.blanxer.com/uploads/682feff88c633f25b4c7ce32/product_image-ap7u-hmacr-trsp-marketing-4-1512.webp","ITSKINS Hybrid R Case For Galaxy S25 Series","0"
"1784055774-1138","https://www.olizstore.com/brands","https://www.olizstore.com/brand/itskins","https://www.olizstore.com/product/itskins-spectrum-r-case-clear-and-smoke-for-iphone-16-series","https://wsrv.nl/?w=560&url=https://cdn2.blanxer.com/uploads/682feff88c633f25b4c7ce32/product_image-ap7u-hmacr-trsp-marketing-4-1512.webp","ITSKINS Spectrum R Case – Clear & Smoke – For iPhone 16 Series","3,500"
"1784055776-1139","https://www.olizstore.com/brands","https://www.olizstore.com/brand/itskins","https://www.olizstore.com/product/itskins-spectrum-r-silk-case-for-iphone-16-series","https://wsrv.nl/?w=560&url=https://cdn2.blanxer.com/uploads/682feff88c633f25b4c7ce32/product_image-ap7u-hmacr-trsp-marketing-4-1512.webp","ITSKINS Spectrum R Silk Case For iPhone 16 Series","4,800"
"1784055778-1140","https://www.olizstore.com/brands","https://www.olizstore.com/brand/itskins","https://www.olizstore.com/product/itskins-supreme-r-magsafe-case-for-iphone-16-pro","https://wsrv.nl/?w=560&url=https://cdn2.blanxer.com/uploads/682feff88c633f25b4c7ce32/product_image-ap7u-hmacr-trsp-marketing-4-1512.webp","ITSKINS Supreme R MagSafe Case  For iPhone 16 Pro","5,500"
"1784055780-1141","https://www.olizstore.com/brands","https://www.olizstore.com/brand/itskins","https://www.olizstore.com/product/itskins-vault-r-magsafe-case-frost-greyblack-for-iphone-16-pro","https://wsrv.nl/?w=560&url=https://cdn2.blanxer.com/uploads/682feff88c633f25b4c7ce32/product_image-ap7u-hmacr-trsp-marketing-4-1512.webp","ITSKINS Vault R MagSafe Case – Frost Grey/Black – For iPhone 16 Pro","7,000"
"1784055783-1142","https://www.olizstore.com/brands","https://www.olizstore.com/brand/itskins","https://www.olizstore.com/product/itskins-supreme-r-spark-magsafe-case-for-iphone-15-series","https://wsrv.nl/?w=560&url=https://cdn2.blanxer.com/uploads/682feff88c633f25b4c7ce32/product_image-ap7u-hmacr-trsp-marketing-4-1512.webp","ITSKINS Supreme R Spark MagSafe Case For iPhone 15 Series","5,500"
"1784055785-1143","https://www.olizstore.com/brands","https://www.olizstore.com/brand/itskins","https://www.olizstore.com/product/itskins-hybrid-r-vapor-stand-with-magsafe-for-iphone-17","https://wsrv.nl/?w=560&url=https://cdn2.blanxer.com/uploads/682feff88c633f25b4c7ce32/product_image-ap7u-hmacr-trsp-marketing-4-1512.webp","ITSKINS HYBRID R // VAPOR Stand with MagSafe for iPhone 17","6,500"
"1784055787-1144","https://www.olizstore.com/brands","https://www.olizstore.com/brand/itskins","https://www.olizstore.com/product/itskins-hybrid-r-clear-with-magsafe-for-iphone-17","https://wsrv.nl/?w=560&url=https://cdn2.blanxer.com/uploads/682feff88c633f25b4c7ce32/product_image-ap7u-hmacr-trsp-marketing-4-1512.webp","ITSKINS HYBRID R // CLEAR with MagSafe for iPhone 17","5,500"
"1784055789-1145","https://www.olizstore.com/brands","https://www.olizstore.com/brand/itskins","https://www.olizstore.com/product/itskins-hybrid-r-clear-with-magsafe-for-iphone-air","https://wsrv.nl/?w=560&url=https://cdn2.blanxer.com/uploads/682feff88c633f25b4c7ce32/product_image-ap7u-hmacr-trsp-marketing-4-1512.webp","ITSKINS HYBRID R // CLEAR with MagSafe for iPhone Air","5,500"
"1784055791-1146","https://www.olizstore.com/brands","https://www.olizstore.com/brand/itskins","https://www.olizstore.com/product/itskins-hybrid-r-clear-with-magsafe-for-iphone-17-pro","https://wsrv.nl/?w=560&url=https://cdn2.blanxer.com/uploads/682feff88c633f25b4c7ce32/product_image-ap7u-hmacr-trsp-marketing-4-1512.webp","ITSKINS HYBRID R // CLEAR with MagSafe for iPhone 17 Pro","5,500"
"1784055793-1147","https://www.olizstore.com/brands","https://www.olizstore.com/brand/itskins","https://www.olizstore.com/product/itskins-hybrid-r-clear-with-magsafe-for-iphone-17-pro-max","https://wsrv.nl/?w=560&url=https://cdn2.blanxer.com/uploads/682feff88c633f25b4c7ce32/product_image-ap7u-hmacr-trsp-marketing-4-1512.webp","ITSKINS HYBRID R // CLEAR with MagSafe for iPhone 17 Pro Max","5,500"
"1784055911-1148","https://www.olizstore.com/brands","https://www.olizstore.com/brand/iring","https://www.olizstore.com/product/iring-mag-solid-magnetic-ring-holder","https://wsrv.nl/?w=560&url=https://cdn2.blanxer.com/uploads/682feff88c633f25b4c7ce32/product_image-iring-hook-reference-5917.webp","iRing Mag Solid Magnetic Ring Holder","3,000"
"1784055913-1149","https://www.olizstore.com/brands","https://www.olizstore.com/brand/iring","https://www.olizstore.com/product/iring-mag-clear-magnetic-ring-holder","https://wsrv.nl/?w=560&url=https://cdn2.blanxer.com/uploads/682feff88c633f25b4c7ce32/product_image-iring-hook-reference-5917.webp","iRing Mag Clear Magnetic Ring Holder","3,000"
"1784055915-1150","https://www.olizstore.com/brands","https://www.olizstore.com/brand/iring","https://www.olizstore.com/product/iring-dock","https://wsrv.nl/?w=560&url=https://cdn2.blanxer.com/uploads/682feff88c633f25b4c7ce32/product_image-iring-hook-reference-5917.webp","iRing Dock","1,800"
"1784055917-1151","https://www.olizstore.com/brands","https://www.olizstore.com/brand/iring","https://www.olizstore.com/product/iring-hook","https://wsrv.nl/?w=560&url=https://cdn2.blanxer.com/uploads/682feff88c633f25b4c7ce32/product_image-iring-hook-reference-5917.webp","iRing Hook","650"
"1784056217-1152","https://www.olizstore.com/brands","https://www.olizstore.com/brand/insta360-products-in-nepal","https://www.olizstore.com/product/insta360-one-r-1-inch-edition-price-in-nepal","https://wsrv.nl/?w=560&url=https://cdn2.blanxer.com/uploads/682feff88c633f25b4c7ce32/product_image-insta360-x5-replacement-lens-kit-(double-lens)-1970.webp","Insta360 One R 1-inch Edition","74,500"
"1784056219-1153","https://www.olizstore.com/brands","https://www.olizstore.com/brand/insta360-products-in-nepal","https://www.olizstore.com/product/insta360-one-x-bullet-time-stick-price-in-nepal","https://wsrv.nl/?w=560&url=https://cdn2.blanxer.com/uploads/682feff88c633f25b4c7ce32/product_image-insta360-x5-replacement-lens-kit-(double-lens)-1970.webp","Insta360 One X Bullet Time Stick","7,500"
"1784056221-1154","https://www.olizstore.com/brands","https://www.olizstore.com/brand/insta360-products-in-nepal","https://www.olizstore.com/product/insta360-one-r-mic-adapter-price-in-nepal","https://wsrv.nl/?w=560&url=https://cdn2.blanxer.com/uploads/682feff88c633f25b4c7ce32/product_image-insta360-x5-replacement-lens-kit-(double-lens)-1970.webp","Insta360 One R Mic Adapter","4,000"
"1784056223-1155","https://www.olizstore.com/brands","https://www.olizstore.com/brand/insta360-products-in-nepal","https://www.olizstore.com/product/insta360-one-x-rechargeable-lithium-polymer-battery-price-in-nepal","https://wsrv.nl/?w=560&url=https://cdn2.blanxer.com/uploads/682feff88c633f25b4c7ce32/product_image-insta360-x5-replacement-lens-kit-(double-lens)-1970.webp","Insta360 One X Rechargeable Lithium Polymer Battery","6,500"
"1784056225-1156","https://www.olizstore.com/brands","https://www.olizstore.com/brand/insta360-products-in-nepal","https://www.olizstore.com/product/insta360-x5-lens-cap-price-in-nepal","https://wsrv.nl/?w=560&url=https://cdn2.blanxer.com/uploads/682feff88c633f25b4c7ce32/product_image-insta360-x5-replacement-lens-kit-(double-lens)-1970.webp","Insta360 X5 Lens Cap","1,500"
"1784056227-1157","https://www.olizstore.com/brands","https://www.olizstore.com/brand/insta360-products-in-nepal","https://www.olizstore.com/product/insta360-x5-premium-lens-guards-price-in-nepal","https://wsrv.nl/?w=560&url=https://cdn2.blanxer.com/uploads/682feff88c633f25b4c7ce32/product_image-insta360-x5-replacement-lens-kit-(double-lens)-1970.webp","Insta360 X5 Premium Lens Guards","6,500"
"1784056229-1158","https://www.olizstore.com/brands","https://www.olizstore.com/brand/insta360-products-in-nepal","https://www.olizstore.com/product/insta360-x3-utility-frame-price-in-nepal","https://wsrv.nl/?w=560&url=https://cdn2.blanxer.com/uploads/682feff88c633f25b4c7ce32/product_image-insta360-x5-replacement-lens-kit-(double-lens)-1970.webp","Insta360 X3 Utility Frame","9,500"
"1784056232-1159","https://www.olizstore.com/brands","https://www.olizstore.com/brand/insta360-products-in-nepal","https://www.olizstore.com/product/insta360-x3-horizontal-action-mount-price-in-nepal","https://wsrv.nl/?w=560&url=https://cdn2.blanxer.com/uploads/682feff88c633f25b4c7ce32/product_image-insta360-x5-replacement-lens-kit-(double-lens)-1970.webp","Insta360 X3 Horizontal Action Mount","4,000"
"1784056234-1160","https://www.olizstore.com/brands","https://www.olizstore.com/brand/insta360-products-in-nepal","https://www.olizstore.com/product/insta360-x3-mic-adapter","https://wsrv.nl/?w=560&url=https://cdn2.blanxer.com/uploads/682feff88c633f25b4c7ce32/product_image-insta360-x5-replacement-lens-kit-(double-lens)-1970.webp","Insta360 X3 Mic Adapter","4,000"
"1784056236-1161","https://www.olizstore.com/brands","https://www.olizstore.com/brand/insta360-products-in-nepal","https://www.olizstore.com/product/insta360-x3-fast-charge-hub-price-in-nepal","https://wsrv.nl/?w=560&url=https://cdn2.blanxer.com/uploads/682feff88c633f25b4c7ce32/product_image-insta360-x5-replacement-lens-kit-(double-lens)-1970.webp","Insta360 X3 Fast Charge Hub","8,300"
"1784056239-1162","https://www.olizstore.com/brands","https://www.olizstore.com/brand/insta360-products-in-nepal","https://www.olizstore.com/product/insta360-x3-sticky-lens-guards-price-in-nepal","https://wsrv.nl/?w=560&url=https://cdn2.blanxer.com/uploads/682feff88c633f25b4c7ce32/product_image-insta360-x5-replacement-lens-kit-(double-lens)-1970.webp","Insta360 X3 Sticky Lens Guards","3,600"
"1784056241-1163","https://www.olizstore.com/brands","https://www.olizstore.com/brand/insta360-products-in-nepal","https://www.olizstore.com/product/insta360-x3-lens-cap-price-in-nepal","https://wsrv.nl/?w=560&url=https://cdn2.blanxer.com/uploads/682feff88c633f25b4c7ce32/product_image-insta360-x5-replacement-lens-kit-(double-lens)-1970.webp","Insta360 X3 Lens Cap","1,000"
"1784056243-1164","https://www.olizstore.com/brands","https://www.olizstore.com/brand/insta360-products-in-nepal","https://www.olizstore.com/product/insta360-x4-quick-reader-price-in-nepal","https://wsrv.nl/?w=560&url=https://cdn2.blanxer.com/uploads/682feff88c633f25b4c7ce32/product_image-insta360-x5-replacement-lens-kit-(double-lens)-1970.webp","Insta360 X4 Quick Reader","6,500"
"1784056245-1165","https://www.olizstore.com/brands","https://www.olizstore.com/brand/insta360-products-in-nepal","https://www.olizstore.com/product/insta360-x4-mic-wind-muff-price-in-nepal","https://wsrv.nl/?w=560&url=https://cdn2.blanxer.com/uploads/682feff88c633f25b4c7ce32/product_image-insta360-x5-replacement-lens-kit-(double-lens)-1970.webp","Insta360 X4 Mic Wind Muff","2,350"
"1784056247-1166","https://www.olizstore.com/brands","https://www.olizstore.com/brand/insta360-products-in-nepal","https://www.olizstore.com/product/insta360-x4x3x2-cold-shoe-price-in-nepal","https://wsrv.nl/?w=560&url=https://cdn2.blanxer.com/uploads/682feff88c633f25b4c7ce32/product_image-insta360-x5-replacement-lens-kit-(double-lens)-1970.webp","Insta360 X4/X3/X2 Cold Shoe","3,000"
"1784056249-1167","https://www.olizstore.com/brands","https://www.olizstore.com/brand/insta360-products-in-nepal","https://www.olizstore.com/product/insta360-x4x3x2-invisible-mic-cold-shoe-price-in-nepal","https://wsrv.nl/?w=560&url=https://cdn2.blanxer.com/uploads/682feff88c633f25b4c7ce32/product_image-insta360-x5-replacement-lens-kit-(double-lens)-1970.webp","Insta360 X4/X3/X2 Invisible Mic Cold Shoe","3,500"
"1784056251-1168","https://www.olizstore.com/brands","https://www.olizstore.com/brand/insta360-products-in-nepal","https://www.olizstore.com/product/insta360-x4-mic-adapter","https://wsrv.nl/?w=560&url=https://cdn2.blanxer.com/uploads/682feff88c633f25b4c7ce32/product_image-insta360-x5-replacement-lens-kit-(double-lens)-1970.webp","Insta360 X4 Mic Adapter","4,000"
"1784056253-1169","https://www.olizstore.com/brands","https://www.olizstore.com/brand/insta360-products-in-nepal","https://www.olizstore.com/product/insta360-x4-lens-guard-price-in-nepal","https://wsrv.nl/?w=560&url=https://cdn2.blanxer.com/uploads/682feff88c633f25b4c7ce32/product_image-insta360-x5-replacement-lens-kit-(double-lens)-1970.webp","Insta360 X4 Lens Guard","1,500"
"1784056255-1170","https://www.olizstore.com/brands","https://www.olizstore.com/brand/insta360-products-in-nepal","https://www.olizstore.com/product/insta360-x4-battery-price-in-nepal","https://wsrv.nl/?w=560&url=https://cdn2.blanxer.com/uploads/682feff88c633f25b4c7ce32/product_image-insta360-x5-replacement-lens-kit-(double-lens)-1970.webp","Insta360 X4 Battery","7,000"
"1784056258-1171","https://www.olizstore.com/brands","https://www.olizstore.com/brand/insta360-products-in-nepal","https://www.olizstore.com/product/insta360-x4-screen-protector","https://wsrv.nl/?w=560&url=https://cdn2.blanxer.com/uploads/682feff88c633f25b4c7ce32/product_image-insta360-x5-replacement-lens-kit-(double-lens)-1970.webp","Insta360 X4 Screen Protector","2,500"
"1784056260-1172","https://www.olizstore.com/brands","https://www.olizstore.com/brand/insta360-products-in-nepal","https://www.olizstore.com/product/insta360-nd-filter-set-for-ace-pro-price-in-nepal","https://wsrv.nl/?w=560&url=https://cdn2.blanxer.com/uploads/682feff88c633f25b4c7ce32/product_image-insta360-x5-replacement-lens-kit-(double-lens)-1970.webp","Insta360 ND Filter Set for Ace Pro","18,500"
"1784056262-1173","https://www.olizstore.com/brands","https://www.olizstore.com/brand/insta360-products-in-nepal","https://www.olizstore.com/product/insta360-battery-for-ace-and-ace-pro-price-in-nepal","https://wsrv.nl/?w=560&url=https://cdn2.blanxer.com/uploads/682feff88c633f25b4c7ce32/product_image-insta360-x5-replacement-lens-kit-(double-lens)-1970.webp","Insta360 Battery for Ace and Ace Pro","6,000"
"1784056265-1174","https://www.olizstore.com/brands","https://www.olizstore.com/brand/insta360-products-in-nepal","https://www.olizstore.com/product/insta360-usb-cover-for-ace-pro-price-in-nepal","https://wsrv.nl/?w=560&url=https://cdn2.blanxer.com/uploads/682feff88c633f25b4c7ce32/product_image-insta360-x5-replacement-lens-kit-(double-lens)-1970.webp","Insta360 USB Cover For Ace Pro","1,500"
"1784056267-1175","https://www.olizstore.com/brands","https://www.olizstore.com/brand/insta360-products-in-nepal","https://www.olizstore.com/product/insta360-float-guard-ace-pro-and-ace-price-in-nepal","https://wsrv.nl/?w=560&url=https://cdn2.blanxer.com/uploads/682feff88c633f25b4c7ce32/product_image-insta360-x5-replacement-lens-kit-(double-lens)-1970.webp","Insta360 Float Guard Ace Pro & Ace","3,500"
"1784056269-1176","https://www.olizstore.com/brands","https://www.olizstore.com/brand/insta360-products-in-nepal","https://www.olizstore.com/product/insta360-microphone-adapter-for-ace-and-ace-pro-price-in-nepal","https://wsrv.nl/?w=560&url=https://cdn2.blanxer.com/uploads/682feff88c633f25b4c7ce32/product_image-insta360-x5-replacement-lens-kit-(double-lens)-1970.webp","Insta360 Microphone Adapter for Ace and Ace Pro","3,500"
"1784056271-1177","https://www.olizstore.com/brands","https://www.olizstore.com/brand/insta360-products-in-nepal","https://www.olizstore.com/product/insta360-cold-shoe-for-ace-and-ace-pro-price-in-nepal","https://wsrv.nl/?w=560&url=https://cdn2.blanxer.com/uploads/682feff88c633f25b4c7ce32/product_image-insta360-x5-replacement-lens-kit-(double-lens)-1970.webp","Insta360 Cold Shoe for Ace and Ace Pro","3,500"
"1784056273-1178","https://www.olizstore.com/brands","https://www.olizstore.com/brand/insta360-products-in-nepal","https://www.olizstore.com/product/insta360-carry-case-for-ace-and-ace-pro","https://wsrv.nl/?w=560&url=https://cdn2.blanxer.com/uploads/682feff88c633f25b4c7ce32/product_image-insta360-x5-replacement-lens-kit-(double-lens)-1970.webp","Insta360 Carry Case for Ace and Ace Pro","3,500"
"1784056275-1179","https://www.olizstore.com/brands","https://www.olizstore.com/brand/insta360-products-in-nepal","https://www.olizstore.com/product/insta360-verticalhorizontal-mount-for-ace-and-ace-pro-price-in-nepal","https://wsrv.nl/?w=560&url=https://cdn2.blanxer.com/uploads/682feff88c633f25b4c7ce32/product_image-insta360-x5-replacement-lens-kit-(double-lens)-1970.webp","Insta360 Vertical/Horizontal Mount for Ace and Ace Pro","3,500"
"1784056277-1180","https://www.olizstore.com/brands","https://www.olizstore.com/brand/insta360-products-in-nepal","https://www.olizstore.com/product/insta360-usb-c-to-usb-c-cable-for-ace-and-ace-pro-price-in-nepal","https://wsrv.nl/?w=560&url=https://cdn2.blanxer.com/uploads/682feff88c633f25b4c7ce32/product_image-insta360-x5-replacement-lens-kit-(double-lens)-1970.webp","Insta360 USB-C to USB-C Cable for Ace and Ace Pro","1,500"
"1784056280-1181","https://www.olizstore.com/brands","https://www.olizstore.com/brand/insta360-products-in-nepal","https://www.olizstore.com/product/insta360-go3-carry-bag-price-in-nepal","https://wsrv.nl/?w=560&url=https://cdn2.blanxer.com/uploads/682feff88c633f25b4c7ce32/product_image-insta360-x5-replacement-lens-kit-(double-lens)-1970.webp","Insta360 GO 3 Carry Bag","1,550"
"1784056282-1182","https://www.olizstore.com/brands","https://www.olizstore.com/brand/insta360-products-in-nepal","https://www.olizstore.com/product/insta360-go3-screen-protector-price-in-nepal","https://wsrv.nl/?w=560&url=https://cdn2.blanxer.com/uploads/682feff88c633f25b4c7ce32/product_image-insta360-x5-replacement-lens-kit-(double-lens)-1970.webp","Insta360 GO 3 Screen Protector","1,950"
"1784056284-1183","https://www.olizstore.com/brands","https://www.olizstore.com/brand/insta360-products-in-nepal","https://www.olizstore.com/product/insta360-go-3-fetch-stick","https://wsrv.nl/?w=560&url=https://cdn2.blanxer.com/uploads/682feff88c633f25b4c7ce32/product_image-insta360-x5-replacement-lens-kit-(double-lens)-1970.webp","Insta360 GO 3 Fetch Stick","2,250"
"1784056286-1184","https://www.olizstore.com/brands","https://www.olizstore.com/brand/insta360-products-in-nepal","https://www.olizstore.com/product/insta360-mavic-pro-bundle(one-x-and-one)-price-in-nepal","https://wsrv.nl/?w=560&url=https://cdn2.blanxer.com/uploads/682feff88c633f25b4c7ce32/product_image-insta360-x5-replacement-lens-kit-(double-lens)-1970.webp","Insta360 Mavic Pro Bundle(ONE X & ONE)","2,800"
"1784056288-1185","https://www.olizstore.com/brands","https://www.olizstore.com/brand/insta360-products-in-nepal","https://www.olizstore.com/product/insta360-bullet-time-cord-for-one-x2-price-in-nepal","https://wsrv.nl/?w=560&url=https://cdn2.blanxer.com/uploads/682feff88c633f25b4c7ce32/product_image-insta360-x5-replacement-lens-kit-(double-lens)-1970.webp","Insta360 Bullet Time Cord for ONE X2","3,500"
"1784056290-1186","https://www.olizstore.com/brands","https://www.olizstore.com/brand/insta360-products-in-nepal","https://www.olizstore.com/product/insta360-bullet-time-cord-for-one-x2-7w-price-in-nepal","https://wsrv.nl/?w=560&url=https://cdn2.blanxer.com/uploads/682feff88c633f25b4c7ce32/product_image-insta360-x5-replacement-lens-kit-(double-lens)-1970.webp","Insta360 Bullet Time Cord for ONE X2","3,500"
"1784056292-1187","https://www.olizstore.com/brands","https://www.olizstore.com/brand/insta360-products-in-nepal","https://www.olizstore.com/product/insta360-climb-bundle-(one-x-and-one)-price-in-nepal","https://wsrv.nl/?w=560&url=https://cdn2.blanxer.com/uploads/682feff88c633f25b4c7ce32/product_image-insta360-x5-replacement-lens-kit-(double-lens)-1970.webp","Insta360 Climb Bundle (ONE X & ONE)","3,500"
"1784056294-1188","https://www.olizstore.com/brands","https://www.olizstore.com/brand/insta360-products-in-nepal","https://www.olizstore.com/product/insta360-lens-guards-for-one-x2-(pair)-price-in-nepal","https://wsrv.nl/?w=560&url=https://cdn2.blanxer.com/uploads/682feff88c633f25b4c7ce32/product_image-insta360-x5-replacement-lens-kit-(double-lens)-1970.webp","Insta360 Lens Guards for ONE X2 (Pair)","3,600"
"1784056296-1189","https://www.olizstore.com/brands","https://www.olizstore.com/brand/insta360-products-in-nepal","https://www.olizstore.com/product/insta360-carry-case-for-x4-price-in-nepal","https://wsrv.nl/?w=560&url=https://cdn2.blanxer.com/uploads/682feff88c633f25b4c7ce32/product_image-insta360-x5-replacement-lens-kit-(double-lens)-1970.webp","Insta360 Carry Case for X4","3,900"
"1784056299-1190","https://www.olizstore.com/brands","https://www.olizstore.com/brand/insta360-products-in-nepal","https://www.olizstore.com/product/insta360-lens-cap-for-one-x2-price-in-nepal","https://wsrv.nl/?w=560&url=https://cdn2.blanxer.com/uploads/682feff88c633f25b4c7ce32/product_image-insta360-x5-replacement-lens-kit-(double-lens)-1970.webp","Insta360 Lens Cap for ONE X2","1,000"
"1784056301-1191","https://www.olizstore.com/brands","https://www.olizstore.com/brand/insta360-products-in-nepal","https://www.olizstore.com/product/insta360-vertical-microphone-adapter-price-in-nepal","https://wsrv.nl/?w=560&url=https://cdn2.blanxer.com/uploads/682feff88c633f25b4c7ce32/product_image-insta360-x5-replacement-lens-kit-(double-lens)-1970.webp","Insta360 Vertical Microphone Adapter","4,000"
"1784056303-1192","https://www.olizstore.com/brands","https://www.olizstore.com/brand/insta360-products-in-nepal","https://www.olizstore.com/product/insta360-x-series-carry-case-price-in-nepal","https://wsrv.nl/?w=560&url=https://cdn2.blanxer.com/uploads/682feff88c633f25b4c7ce32/product_image-insta360-x5-replacement-lens-kit-(double-lens)-1970.webp","Insta360 X Series Carry Case","3,900"
"1784056305-1193","https://www.olizstore.com/brands","https://www.olizstore.com/brand/insta360-products-in-nepal","https://www.olizstore.com/product/insta360-dive-case-(one-x)-price-in-nepal","https://wsrv.nl/?w=560&url=https://cdn2.blanxer.com/uploads/682feff88c633f25b4c7ce32/product_image-insta360-x5-replacement-lens-kit-(double-lens)-1970.webp","insta360 Dive Case (ONE X)","11,500"
"1784056307-1194","https://www.olizstore.com/brands","https://www.olizstore.com/brand/insta360-products-in-nepal","https://www.olizstore.com/product/insta360-premium-lens-guards-for-one-x2-price-in-nepal","https://wsrv.nl/?w=560&url=https://cdn2.blanxer.com/uploads/682feff88c633f25b4c7ce32/product_image-insta360-x5-replacement-lens-kit-(double-lens)-1970.webp","Insta360 Premium Lens Guards for ONE X2","6,500"
"1784056309-1195","https://www.olizstore.com/brands","https://www.olizstore.com/brand/insta360-products-in-nepal","https://www.olizstore.com/product/insta360-battery-charging-station-for-one-x-camera-price-in-nepal","https://wsrv.nl/?w=560&url=https://cdn2.blanxer.com/uploads/682feff88c633f25b4c7ce32/product_image-insta360-x5-replacement-lens-kit-(double-lens)-1970.webp","Insta360 Battery Charging Station for ONE X Camera","6,500"
"1784056311-1196","https://www.olizstore.com/brands","https://www.olizstore.com/brand/insta360-products-in-nepal","https://www.olizstore.com/product/insta360-go-3s-lens-guard-price-in-nepal","https://wsrv.nl/?w=560&url=https://cdn2.blanxer.com/uploads/682feff88c633f25b4c7ce32/product_image-insta360-x5-replacement-lens-kit-(double-lens)-1970.webp","Insta360 GO 3S Lens Guard","3,600"
"1784056313-1197","https://www.olizstore.com/brands","https://www.olizstore.com/brand/insta360-products-in-nepal","https://www.olizstore.com/product/insta360-go-3-dive-case-price-in-nepal","https://wsrv.nl/?w=560&url=https://cdn2.blanxer.com/uploads/682feff88c633f25b4c7ce32/product_image-insta360-x5-replacement-lens-kit-(double-lens)-1970.webp","Insta360 GO 3 Dive Case","8,500"
"1784056315-1198","https://www.olizstore.com/brands","https://www.olizstore.com/brand/insta360-products-in-nepal","https://www.olizstore.com/product/insta360-go3-quick-release-mount-price-in-nepal","https://wsrv.nl/?w=560&url=https://cdn2.blanxer.com/uploads/682feff88c633f25b4c7ce32/product_image-insta360-x5-replacement-lens-kit-(double-lens)-1970.webp","Insta360 Go3 Quick Release Mount","5,200"
"1784056318-1199","https://www.olizstore.com/brands","https://www.olizstore.com/brand/insta360-products-in-nepal","https://www.olizstore.com/product/insta360-flow-ai-powered-smartphone-stabilizer-price-in-nepal","https://wsrv.nl/?w=560&url=https://cdn2.blanxer.com/uploads/682feff88c633f25b4c7ce32/product_image-insta360-x5-replacement-lens-kit-(double-lens)-1970.webp","Insta360 Flow AI-Powered Smartphone Stabilizer","24,500"
"1784056320-1200","https://www.olizstore.com/brands","https://www.olizstore.com/brand/insta360-products-in-nepal","https://www.olizstore.com/product/insta360-flow-creator-kit-price-in-nepal","https://wsrv.nl/?w=560&url=https://cdn2.blanxer.com/uploads/682feff88c633f25b4c7ce32/product_image-insta360-x5-replacement-lens-kit-(double-lens)-1970.webp","Insta360 Flow Creator Kit","33,500"
"1784056322-1201","https://www.olizstore.com/brands","https://www.olizstore.com/brand/insta360-products-in-nepal","https://www.olizstore.com/product/insta360-link-2-and-insta360-link-2c-standard-edition-price-in-nepal","https://wsrv.nl/?w=560&url=https://cdn2.blanxer.com/uploads/682feff88c633f25b4c7ce32/product_image-insta360-x5-replacement-lens-kit-(double-lens)-1970.webp","Insta360 Link 2 & Insta360 Link 2C Standard Edition","33,500"
"1784056324-1202","https://www.olizstore.com/brands","https://www.olizstore.com/brand/insta360-products-in-nepal","https://www.olizstore.com/product/insta360-bike-bundle-price-in-nepal","https://wsrv.nl/?w=560&url=https://cdn2.blanxer.com/uploads/682feff88c633f25b4c7ce32/product_image-insta360-x5-replacement-lens-kit-(double-lens)-1970.webp","Insta360 Bike Bundle","5,800"
"1784056326-1203","https://www.olizstore.com/brands","https://www.olizstore.com/brand/insta360-products-in-nepal","https://www.olizstore.com/product/insta360-all-purpose-tripod-price-in-nepal","https://wsrv.nl/?w=560&url=https://cdn2.blanxer.com/uploads/682feff88c633f25b4c7ce32/product_image-insta360-x5-replacement-lens-kit-(double-lens)-1970.webp","Insta360 All-Purpose Tripod","6,800"
"1784056329-1204","https://www.olizstore.com/brands","https://www.olizstore.com/brand/insta360-products-in-nepal","https://www.olizstore.com/product/insta360-power-selfie-stick-price-in-nepal","https://wsrv.nl/?w=560&url=https://cdn2.blanxer.com/uploads/682feff88c633f25b4c7ce32/product_image-insta360-x5-replacement-lens-kit-(double-lens)-1970.webp","Insta360 Power Selfie Stick","11,500"
"1784056331-1205","https://www.olizstore.com/brands","https://www.olizstore.com/brand/insta360-products-in-nepal","https://www.olizstore.com/product/insta360-motorcycle-bundle-price-in-nepal","https://wsrv.nl/?w=560&url=https://cdn2.blanxer.com/uploads/682feff88c633f25b4c7ce32/product_image-insta360-x5-replacement-lens-kit-(double-lens)-1970.webp","Insta360 Motorcycle Bundle","6,700"
"1784056333-1206","https://www.olizstore.com/brands","https://www.olizstore.com/brand/insta360-products-in-nepal","https://www.olizstore.com/product/insta360-motorcycle-u-bolt-mount-price-in-nepal","https://wsrv.nl/?w=560&url=https://cdn2.blanxer.com/uploads/682feff88c633f25b4c7ce32/product_image-insta360-x5-replacement-lens-kit-(double-lens)-1970.webp","Insta360 Motorcycle U-Bolt Mount","7,000"
"1784056335-1207","https://www.olizstore.com/brands","https://www.olizstore.com/brand/insta360-products-in-nepal","https://www.olizstore.com/product/insta360-triple-suction-cup-car-mount-price-in-nepal","https://wsrv.nl/?w=560&url=https://cdn2.blanxer.com/uploads/682feff88c633f25b4c7ce32/product_image-insta360-x5-replacement-lens-kit-(double-lens)-1970.webp","Insta360 Triple Suction Cup Car Mount","67,000"
"1784056337-1208","https://www.olizstore.com/brands","https://www.olizstore.com/brand/insta360-products-in-nepal","https://www.olizstore.com/product/insta360-helmet-mount-bundle-price-in-nepal","https://wsrv.nl/?w=560&url=https://cdn2.blanxer.com/uploads/682feff88c633f25b4c7ce32/product_image-insta360-x5-replacement-lens-kit-(double-lens)-1970.webp","Insta360 Helmet Mount Bundle","4,500"
"1784056339-1209","https://www.olizstore.com/brands","https://www.olizstore.com/brand/insta360-products-in-nepal","https://www.olizstore.com/product/insta360-helmet-chin-mount","https://wsrv.nl/?w=560&url=https://cdn2.blanxer.com/uploads/682feff88c633f25b4c7ce32/product_image-insta360-x5-replacement-lens-kit-(double-lens)-1970.webp","Insta360 Helmet Chin Mount","3,900"
"1784056341-1210","https://www.olizstore.com/brands","https://www.olizstore.com/brand/insta360-products-in-nepal","https://www.olizstore.com/product/insta360-unicorn-helmet-mount-price-in-nepal","https://wsrv.nl/?w=560&url=https://cdn2.blanxer.com/uploads/682feff88c633f25b4c7ce32/product_image-insta360-x5-replacement-lens-kit-(double-lens)-1970.webp","Insta360 Unicorn Helmet Mount","4,600"
"1784056343-1211","https://www.olizstore.com/brands","https://www.olizstore.com/brand/insta360-products-in-nepal","https://www.olizstore.com/product/insta360-third-person-backpack-mount-price-in-nepal","https://wsrv.nl/?w=560&url=https://cdn2.blanxer.com/uploads/682feff88c633f25b4c7ce32/product_image-insta360-x5-replacement-lens-kit-(double-lens)-1970.webp","Insta360 Third Person Backpack Mount","11,700"
"1784056345-1212","https://www.olizstore.com/brands","https://www.olizstore.com/brand/insta360-products-in-nepal","https://www.olizstore.com/product/insta360-third-person-bike-handlebar-mount-price-in-nepal","https://wsrv.nl/?w=560&url=https://cdn2.blanxer.com/uploads/682feff88c633f25b4c7ce32/product_image-insta360-x5-replacement-lens-kit-(double-lens)-1970.webp","Insta360 Third-Person Bike Handlebar Mount","7,000"
"1784056347-1213","https://www.olizstore.com/brands","https://www.olizstore.com/brand/insta360-products-in-nepal","https://www.olizstore.com/product/insta360-chest-strap-price-in-nepal","https://wsrv.nl/?w=560&url=https://cdn2.blanxer.com/uploads/682feff88c633f25b4c7ce32/product_image-insta360-x5-replacement-lens-kit-(double-lens)-1970.webp","Insta360 Chest Strap","4,500"
"1784056350-1214","https://www.olizstore.com/brands","https://www.olizstore.com/brand/insta360-products-in-nepal","https://www.olizstore.com/product/insta360-hand-mount-bundle-price-in-nepal","https://wsrv.nl/?w=560&url=https://cdn2.blanxer.com/uploads/682feff88c633f25b4c7ce32/product_image-insta360-x5-replacement-lens-kit-(double-lens)-1970.webp","Insta360 Hand Mount Bundle","5,000"
"1784056352-1215","https://www.olizstore.com/brands","https://www.olizstore.com/brand/insta360-products-in-nepal","https://www.olizstore.com/product/insta360-bungie-bundle-(one-x2one-rone-xone)-price-in-nepal","https://wsrv.nl/?w=560&url=https://cdn2.blanxer.com/uploads/682feff88c633f25b4c7ce32/product_image-insta360-x5-replacement-lens-kit-(double-lens)-1970.webp","Insta360 Bungie Bundle (ONE X2/ONE R/ONE X/ONE)","7,500"
"1784056354-1216","https://www.olizstore.com/brands","https://www.olizstore.com/brand/insta360-products-in-nepal","https://www.olizstore.com/product/insta360-the-back-bar-price-in-nepal","https://wsrv.nl/?w=560&url=https://cdn2.blanxer.com/uploads/682feff88c633f25b4c7ce32/product_image-insta360-x5-replacement-lens-kit-(double-lens)-1970.webp","Insta360 The Back Bar","6,500"
"1784056356-1217","https://www.olizstore.com/brands","https://www.olizstore.com/brand/insta360-products-in-nepal","https://www.olizstore.com/product/insta360-throwpod-price-in-nepal","https://wsrv.nl/?w=560&url=https://cdn2.blanxer.com/uploads/682feff88c633f25b4c7ce32/product_image-insta360-x5-replacement-lens-kit-(double-lens)-1970.webp","Insta360 Throwpod","8,500"
"1784056358-1218","https://www.olizstore.com/brands","https://www.olizstore.com/brand/insta360-products-in-nepal","https://www.olizstore.com/product/bullet-time-selfie-stick-2.0","https://wsrv.nl/?w=560&url=https://cdn2.blanxer.com/uploads/682feff88c633f25b4c7ce32/product_image-insta360-x5-replacement-lens-kit-(double-lens)-1970.webp","Bullet Time Selfie Stick 2.0","9,800"
"1784056360-1219","https://www.olizstore.com/brands","https://www.olizstore.com/brand/insta360-products-in-nepal","https://www.olizstore.com/product/insta360-x5-replacement-lens-kit-price-in-nepal","https://wsrv.nl/?w=560&url=https://cdn2.blanxer.com/uploads/682feff88c633f25b4c7ce32/product_image-insta360-x5-replacement-lens-kit-(double-lens)-1970.webp","Insta360 X5 Replacement Lens Kit","5,200"
"1784056362-1220","https://www.olizstore.com/brands","https://www.olizstore.com/brand/insta360-products-in-nepal","https://www.olizstore.com/product/insta360-one-x-action-camera-price-in-nepal","https://wsrv.nl/?w=560&url=https://cdn2.blanxer.com/uploads/682feff88c633f25b4c7ce32/product_image-insta360-x5-replacement-lens-kit-(double-lens)-1970.webp","Insta360 ONE X Action Camera","46,500"
"1784056365-1221","https://www.olizstore.com/brands","https://www.olizstore.com/brand/insta360-products-in-nepal","https://www.olizstore.com/product/insta360-go-2-action-camera-price-in-nepal","https://wsrv.nl/?w=560&url=https://cdn2.blanxer.com/uploads/682feff88c633f25b4c7ce32/product_image-insta360-x5-replacement-lens-kit-(double-lens)-1970.webp","Insta360 GO 2 Action Camera","33,000"
"1784056367-1222","https://www.olizstore.com/brands","https://www.olizstore.com/brand/insta360-products-in-nepal","https://www.olizstore.com/product/insta360-one-rs-1-inch-360-price-in-nepal","https://wsrv.nl/?w=560&url=https://cdn2.blanxer.com/uploads/682feff88c633f25b4c7ce32/product_image-insta360-x5-replacement-lens-kit-(double-lens)-1970.webp","Insta360 ONE RS 1-Inch 360","1,25,000"
"1784056369-1223","https://www.olizstore.com/brands","https://www.olizstore.com/brand/insta360-products-in-nepal","https://www.olizstore.com/product/insta360-ace-and-ace-pro-8k-action-camera-price-in-nepal","https://wsrv.nl/?w=560&url=https://cdn2.blanxer.com/uploads/682feff88c633f25b4c7ce32/product_image-insta360-x5-replacement-lens-kit-(double-lens)-1970.webp","Insta360 Ace and Ace Pro 8K Action Camera","49,500"
"1784056371-1224","https://www.olizstore.com/brands","https://www.olizstore.com/brand/insta360-products-in-nepal","https://www.olizstore.com/product/insta360-extended-edition-selfie-stick-price-in-nepal","https://wsrv.nl/?w=560&url=https://cdn2.blanxer.com/uploads/682feff88c633f25b4c7ce32/product_image-insta360-x5-replacement-lens-kit-(double-lens)-1970.webp","Insta360 Extended Edition Selfie Stick","15,000"
"1784056373-1225","https://www.olizstore.com/brands","https://www.olizstore.com/brand/insta360-products-in-nepal","https://www.olizstore.com/product/insta360-2-in-1-invisible-selfie-stick-+-tripod-price-in-nepal","https://wsrv.nl/?w=560&url=https://cdn2.blanxer.com/uploads/682feff88c633f25b4c7ce32/product_image-insta360-x5-replacement-lens-kit-(double-lens)-1970.webp","Insta360 2-in-1 Invisible Selfie Stick + Tripod","4,500"
"1784056375-1226","https://www.olizstore.com/brands","https://www.olizstore.com/brand/insta360-products-in-nepal","https://www.olizstore.com/product/insta360-invisible-selfie-stick-price-in-nepal","https://wsrv.nl/?w=560&url=https://cdn2.blanxer.com/uploads/682feff88c633f25b4c7ce32/product_image-insta360-x5-replacement-lens-kit-(double-lens)-1970.webp","Insta360 Invisible Selfie Stick","4,350"
"1784056377-1227","https://www.olizstore.com/brands","https://www.olizstore.com/brand/insta360-products-in-nepal","https://www.olizstore.com/product/insta360-x4-360-8k-camera-price-in-nepal","https://wsrv.nl/?w=560&url=https://cdn2.blanxer.com/uploads/682feff88c633f25b4c7ce32/product_image-insta360-x5-replacement-lens-kit-(double-lens)-1970.webp","Insta360 X4 360° 8K Action Camera","78,000"
"1784056380-1228","https://www.olizstore.com/brands","https://www.olizstore.com/brand/insta360-products-in-nepal","https://www.olizstore.com/product/insta360-go-3s-standard-edition-price-in-nepal","https://wsrv.nl/?w=560&url=https://cdn2.blanxer.com/uploads/682feff88c633f25b4c7ce32/product_image-insta360-x5-replacement-lens-kit-(double-lens)-1970.webp","Insta360 Go 3S Standard Edition 128 GB","72,500"
"1784056382-1229","https://www.olizstore.com/brands","https://www.olizstore.com/brand/insta360-products-in-nepal","https://www.olizstore.com/product/insta360-ace-pro-2-price-in-nepal","https://wsrv.nl/?w=560&url=https://cdn2.blanxer.com/uploads/682feff88c633f25b4c7ce32/product_image-insta360-x5-replacement-lens-kit-(double-lens)-1970.webp","Insta360 Ace Pro 2","68,500"
"1784056384-1230","https://www.olizstore.com/brands","https://www.olizstore.com/brand/insta360-products-in-nepal","https://www.olizstore.com/product/insta360-x5-price-in-nepal","https://wsrv.nl/?w=560&url=https://cdn2.blanxer.com/uploads/682feff88c633f25b4c7ce32/product_image-insta360-x5-replacement-lens-kit-(double-lens)-1970.webp","Insta360 X5 360° 8K Action Camera","94,500"
"1784056386-1231","https://www.olizstore.com/brands","https://www.olizstore.com/brand/insta360-products-in-nepal","https://www.olizstore.com/product/insta360-x5-essential-bundle-price-in-nepal","https://wsrv.nl/?w=560&url=https://cdn2.blanxer.com/uploads/682feff88c633f25b4c7ce32/product_image-insta360-x5-replacement-lens-kit-(double-lens)-1970.webp","Insta360 X5 360° Action Camera Essentials Bundle","1,14,000"
"1784056388-1232","https://www.olizstore.com/brands","https://www.olizstore.com/brand/insta360-products-in-nepal","https://www.olizstore.com/product/insta360-flow-2-pro-creator-bundle-price-in-nepal","https://wsrv.nl/?w=560&url=https://cdn2.blanxer.com/uploads/682feff88c633f25b4c7ce32/product_image-insta360-x5-replacement-lens-kit-(double-lens)-1970.webp","Insta360 Flow 2 Pro Creator Bundle","33,500"
"1784056391-1233","https://www.olizstore.com/brands","https://www.olizstore.com/brand/insta360-products-in-nepal","https://www.olizstore.com/product/insta360-heavy-duty-clamp-price-in-nepal","https://wsrv.nl/?w=560&url=https://cdn2.blanxer.com/uploads/682feff88c633f25b4c7ce32/product_image-insta360-x5-replacement-lens-kit-(double-lens)-1970.webp","Insta360 Heavy Duty Clamp","6,000"
"1784056393-1234","https://www.olizstore.com/brands","https://www.olizstore.com/brand/insta360-products-in-nepal","https://www.olizstore.com/product/insta360-motorcycle-selfie-stick-support-clamp-price-in-nepal","https://wsrv.nl/?w=560&url=https://cdn2.blanxer.com/uploads/682feff88c633f25b4c7ce32/product_image-insta360-x5-replacement-lens-kit-(double-lens)-1970.webp","Insta360 Motorcycle Selfie Stick Support Clamp","8,500"
"1784056395-1235","https://www.olizstore.com/brands","https://www.olizstore.com/brand/insta360-products-in-nepal","https://www.olizstore.com/product/insta360-x5-mic-adapter-price-in-nepal","https://wsrv.nl/?w=560&url=https://cdn2.blanxer.com/uploads/682feff88c633f25b4c7ce32/product_image-insta360-x5-replacement-lens-kit-(double-lens)-1970.webp","Insta360 X5 Mic Adapter","4,000"
"1784056397-1236","https://www.olizstore.com/brands","https://www.olizstore.com/brand/insta360-products-in-nepal","https://www.olizstore.com/product/insta360-wave-price-in-nepal","https://wsrv.nl/?w=560&url=https://cdn2.blanxer.com/uploads/682feff88c633f25b4c7ce32/product_image-insta360-x5-replacement-lens-kit-(double-lens)-1970.webp","Insta360 Wave","55,000"
"1784056399-1237","https://www.olizstore.com/brands","https://www.olizstore.com/brand/insta360-products-in-nepal","https://www.olizstore.com/product/insta360-go-ultra-creator-bundle-price-in-nepal","https://wsrv.nl/?w=560&url=https://cdn2.blanxer.com/uploads/682feff88c633f25b4c7ce32/product_image-insta360-x5-replacement-lens-kit-(double-lens)-1970.webp","Insta360 GO Ultra Creator Bundle","85,000"
"1784056401-1238","https://www.olizstore.com/brands","https://www.olizstore.com/brand/insta360-products-in-nepal","https://www.olizstore.com/product/insta360-go-ultra-price-in-nepal","https://wsrv.nl/?w=560&url=https://cdn2.blanxer.com/uploads/682feff88c633f25b4c7ce32/product_image-insta360-x5-replacement-lens-kit-(double-lens)-1970.webp","Insta360 GO Ultra Standard Bundle","72,500"
"1784056403-1239","https://www.olizstore.com/brands","https://www.olizstore.com/brand/insta360-products-in-nepal","https://www.olizstore.com/product/insta360-x5-starter-bundle-price-in-nepal","https://wsrv.nl/?w=560&url=https://cdn2.blanxer.com/uploads/682feff88c633f25b4c7ce32/product_image-insta360-x5-replacement-lens-kit-(double-lens)-1970.webp","Insta360 X5 Starter Bundle","1,04,000"
"1784056405-1240","https://www.olizstore.com/brands","https://www.olizstore.com/brand/insta360-products-in-nepal","https://www.olizstore.com/product/insta360-luna-ultra-standard-bundle-price-in-nepal","https://wsrv.nl/?w=560&url=https://cdn2.blanxer.com/uploads/682feff88c633f25b4c7ce32/product_image-insta360-x5-replacement-lens-kit-(double-lens)-1970.webp","Insta360 Luna Ultra Standard Bundle",""
"1784056408-1241","https://www.olizstore.com/brands","https://www.olizstore.com/brand/insta360-products-in-nepal","https://www.olizstore.com/product/insta360-luna-ultra-creator-bundle-price-in-nepal","https://wsrv.nl/?w=560&url=https://cdn2.blanxer.com/uploads/682feff88c633f25b4c7ce32/product_image-insta360-x5-replacement-lens-kit-(double-lens)-1970.webp","Insta360 Luna Ultra Creator Bundle",""
"1784056410-1242","https://www.olizstore.com/brands","https://www.olizstore.com/brand/insta360-products-in-nepal","https://www.olizstore.com/product/insta360-snap-selfie-screen-with-light-price-in-nepal","https://wsrv.nl/?w=560&url=https://cdn2.blanxer.com/uploads/682feff88c633f25b4c7ce32/product_image-insta360-x5-replacement-lens-kit-(double-lens)-1970.webp","Insta360 Snap Selfie Screen with Light",""
"1784056412-1243","https://www.olizstore.com/brands","https://www.olizstore.com/brand/insta360-products-in-nepal","https://www.olizstore.com/product/insta360-multi-mount-price-in-nepal","https://wsrv.nl/?w=560&url=https://cdn2.blanxer.com/uploads/682feff88c633f25b4c7ce32/product_image-insta360-x5-replacement-lens-kit-(double-lens)-1970.webp","Insta360 Multi Mount",""
"1784056414-1244","https://www.olizstore.com/brands","https://www.olizstore.com/brand/insta360-products-in-nepal","https://www.olizstore.com/product/insta360-x5x4-air-mic-adapter-price-in-nepal","https://wsrv.nl/?w=560&url=https://cdn2.blanxer.com/uploads/682feff88c633f25b4c7ce32/product_image-insta360-x5-replacement-lens-kit-(double-lens)-1970.webp","Insta360 X5/X4 Air Mic Adapter",""
"1784056416-1245","https://www.olizstore.com/brands","https://www.olizstore.com/brand/insta360-products-in-nepal","https://www.olizstore.com/product/insta360-ace-pro-2-dual-battery-xplorer-bundle-price-in-nepal","https://wsrv.nl/?w=560&url=https://cdn2.blanxer.com/uploads/682feff88c633f25b4c7ce32/product_image-insta360-x5-replacement-lens-kit-(double-lens)-1970.webp","Insta360 Ace Pro 2 Dual-Battery Xplorer Bundle",""
"1784056418-1246","https://www.olizstore.com/brands","https://www.olizstore.com/brand/insta360-products-in-nepal","https://www.olizstore.com/product/insta360-2-in-1-selfie-stick-+-throwpod-price-in-nepal","https://wsrv.nl/?w=560&url=https://cdn2.blanxer.com/uploads/682feff88c633f25b4c7ce32/product_image-insta360-x5-replacement-lens-kit-(double-lens)-1970.webp","Insta360 2-in-1 Selfie Stick + Throwpod",""
"1784056420-1247","https://www.olizstore.com/brands","https://www.olizstore.com/brand/insta360-products-in-nepal","https://www.olizstore.com/product/insta360-2-in-1-selfie-stick-+-throwpod-remote-kit-price-in-nepal","https://wsrv.nl/?w=560&url=https://cdn2.blanxer.com/uploads/682feff88c633f25b4c7ce32/product_image-insta360-x5-replacement-lens-kit-(double-lens)-1970.webp","Insta360 2-in-1 Selfie Stick + Throwpod Remote Kit",""
"1784056422-1248","https://www.olizstore.com/brands","https://www.olizstore.com/brand/insta360-products-in-nepal","https://www.olizstore.com/product/insta360-bullet-time-accessory-price-in-nepal","https://wsrv.nl/?w=560&url=https://cdn2.blanxer.com/uploads/682feff88c633f25b4c7ce32/product_image-insta360-x5-replacement-lens-kit-(double-lens)-1970.webp","Insta360 Bullet Time Accessory",""
"1784056424-1249","https://www.olizstore.com/brands","https://www.olizstore.com/brand/insta360-products-in-nepal","https://www.olizstore.com/product/insta360-x5-standard-lens-guards-price-in-nepal","https://wsrv.nl/?w=560&url=https://cdn2.blanxer.com/uploads/682feff88c633f25b4c7ce32/product_image-insta360-x5-replacement-lens-kit-(double-lens)-1970.webp","Insta360 X5 Standard Lens Guards",""
"1784056427-1250","https://www.olizstore.com/brands","https://www.olizstore.com/brand/insta360-products-in-nepal","https://www.olizstore.com/product/insta360-x5-replacement-lens-kit-(double-lens)-price-in-nepal","https://wsrv.nl/?w=560&url=https://cdn2.blanxer.com/uploads/682feff88c633f25b4c7ce32/product_image-insta360-x5-replacement-lens-kit-(double-lens)-1970.webp","Insta360 X5 Replacement Lens Kit (Double Lens)",""
"1784057652-1251","https://www.olizstore.com/brands","https://www.olizstore.com/brand/incase","https://www.olizstore.com/product/incase-a.r.c.-commuter-pack","https://wsrv.nl/?w=560&url=https://cdn2.blanxer.com/uploads/682feff88c633f25b4c7ce32/product_image-incase-woolenex-case-for-airpods-pro-asplaht-1-3359.webp","Incase A.R.C. Commuter Pack","29,700"
"1784057654-1252","https://www.olizstore.com/brands","https://www.olizstore.com/brand/incase","https://www.olizstore.com/product/incase-city-compact-backpack-18l","https://wsrv.nl/?w=560&url=https://cdn2.blanxer.com/uploads/682feff88c633f25b4c7ce32/product_image-incase-woolenex-case-for-airpods-pro-asplaht-1-3359.webp","Incase City Compact Backpack 18L","15,500"
"1784057656-1253","https://www.olizstore.com/brands","https://www.olizstore.com/brand/incase","https://www.olizstore.com/product/incase-clear-case-for-airpods-pro-sleek-transparent-protection","https://wsrv.nl/?w=560&url=https://cdn2.blanxer.com/uploads/682feff88c633f25b4c7ce32/product_image-incase-woolenex-case-for-airpods-pro-asplaht-1-3359.webp","Incase Clear Case for AirPods Pro– Sleek Transparent Protection","3,200"
"1784057659-1254","https://www.olizstore.com/brands","https://www.olizstore.com/brand/incase","https://www.olizstore.com/product/incase-compact-sleeve-with-flight-nylon-for-13%22-macbook-pro","https://wsrv.nl/?w=560&url=https://cdn2.blanxer.com/uploads/682feff88c633f25b4c7ce32/product_image-incase-woolenex-case-for-airpods-pro-asplaht-1-3359.webp","Incase Compact Sleeve with Flight Nylon for 13"" MacBook Pro","6,800"
"1784057661-1255","https://www.olizstore.com/brands","https://www.olizstore.com/brand/incase","https://www.olizstore.com/product/incase-compact-sleeve-in-flight-nylon-for-macbook-pro-14%22","https://wsrv.nl/?w=560&url=https://cdn2.blanxer.com/uploads/682feff88c633f25b4c7ce32/product_image-incase-woolenex-case-for-airpods-pro-asplaht-1-3359.webp","Incase Compact Sleeve in Flight Nylon for MacBook Pro 14""","6,800"
"1784057663-1256","https://www.olizstore.com/brands","https://www.olizstore.com/brand/incase","https://www.olizstore.com/product/incase-facet-sleeve-with-recycled-twill-for-16%22-macbook-pro","https://wsrv.nl/?w=560&url=https://cdn2.blanxer.com/uploads/682feff88c633f25b4c7ce32/product_image-incase-woolenex-case-for-airpods-pro-asplaht-1-3359.webp","Incase Facet Sleeve with Recycled Twill for 16"" MacBook Pro","6,200"
"1784057665-1257","https://www.olizstore.com/brands","https://www.olizstore.com/brand/incase","https://www.olizstore.com/product/incase-dots-hardshell-case-for-16%22-macbook-pro","https://wsrv.nl/?w=560&url=https://cdn2.blanxer.com/uploads/682feff88c633f25b4c7ce32/product_image-incase-woolenex-case-for-airpods-pro-asplaht-1-3359.webp","Incase Dots Hardshell Case for 16"" MacBook Pro","6,500"
"1784057667-1258","https://www.olizstore.com/brands","https://www.olizstore.com/brand/incase","https://www.olizstore.com/product/incase-dots-hardshell-case-with-makrolon(r)-for-13-inch-macbook-air-(m2-m4-2022-2025)","https://wsrv.nl/?w=560&url=https://cdn2.blanxer.com/uploads/682feff88c633f25b4c7ce32/product_image-incase-woolenex-case-for-airpods-pro-asplaht-1-3359.webp","Incase Dots Hardshell Case with Makrolon® for 13-inch MacBook Air (M2-M4, 2022-2025)","7,800"
"1784057669-1259","https://www.olizstore.com/brands","https://www.olizstore.com/brand/incase","https://www.olizstore.com/product/incase-dots-hardshell-case-with-makrolon(r)-for-14%22-macbook-pro","https://wsrv.nl/?w=560&url=https://cdn2.blanxer.com/uploads/682feff88c633f25b4c7ce32/product_image-incase-woolenex-case-for-airpods-pro-asplaht-1-3359.webp","Incase Dots Hardshell Case with Makrolon® for 14"" MacBook Pro","7,800"
"1784057671-1260","https://www.olizstore.com/brands","https://www.olizstore.com/brand/incase","https://www.olizstore.com/product/incase-icon-lite-backpack-for-daily-essentials","https://wsrv.nl/?w=560&url=https://cdn2.blanxer.com/uploads/682feff88c633f25b4c7ce32/product_image-incase-woolenex-case-for-airpods-pro-asplaht-1-3359.webp","Incase ICON Lite Backpack for Daily Essentials","14,800"
"1784057673-1261","https://www.olizstore.com/brands","https://www.olizstore.com/brand/incase","https://www.olizstore.com/product/incase-icon-sleeve-with-woolenex-for-14%22","https://wsrv.nl/?w=560&url=https://cdn2.blanxer.com/uploads/682feff88c633f25b4c7ce32/product_image-incase-woolenex-case-for-airpods-pro-asplaht-1-3359.webp","Incase ICON Sleeve with Woolenex for 14""","7,800"
"1784057675-1262","https://www.olizstore.com/brands","https://www.olizstore.com/brand/incase","https://www.olizstore.com/product/incase-icon-woolenex-sleeve-for-16%22-macbook-pro","https://wsrv.nl/?w=560&url=https://cdn2.blanxer.com/uploads/682feff88c633f25b4c7ce32/product_image-incase-woolenex-case-for-airpods-pro-asplaht-1-3359.webp","Incase ICON Woolenex Sleeve for 16"" MacBook Pro","7,800"
"1784057678-1263","https://www.olizstore.com/brands","https://www.olizstore.com/brand/incase","https://www.olizstore.com/product/incase-woolenex-case-for-airpods-pro-(1st-and-2nd-generation)","https://wsrv.nl/?w=560&url=https://cdn2.blanxer.com/uploads/682feff88c633f25b4c7ce32/product_image-incase-woolenex-case-for-airpods-pro-asplaht-1-3359.webp","Incase Woolenex Case for AirPods Pro (1st & 2nd generation)","4,050"
"1784058400-1264","https://www.olizstore.com/brands","https://www.olizstore.com/brand/ikarao","https://www.olizstore.com/product/ikarao-break-x1-premium-karaoke-speaker-price-in-nepal","https://wsrv.nl/?w=560&url=https://cdn2.blanxer.com/uploads/682feff88c633f25b4c7ce32/product_image-ikarao-shell-s2-main-3982.webp","iKarao Break X1 Premium Karaoke Speaker","93,500"
"1784058402-1265","https://www.olizstore.com/brands","https://www.olizstore.com/brand/ikarao","https://www.olizstore.com/product/ikarao-break-x2-premium-karaoke-speaker-price-in-nepal","https://wsrv.nl/?w=560&url=https://cdn2.blanxer.com/uploads/682feff88c633f25b4c7ce32/product_image-ikarao-shell-s2-main-3982.webp","iKarao Break X2 Premium Karaoke Speaker","62,500"
"1784058404-1266","https://www.olizstore.com/brands","https://www.olizstore.com/brand/ikarao","https://www.olizstore.com/product/ikarao-shell-s1-karaoke-speaker-price-in-nepal","https://wsrv.nl/?w=560&url=https://cdn2.blanxer.com/uploads/682feff88c633f25b4c7ce32/product_image-ikarao-shell-s2-main-3982.webp","iKarao Shell S1 Karaoke Speaker","53,500"
"1784058406-1267","https://www.olizstore.com/brands","https://www.olizstore.com/brand/ikarao","https://www.olizstore.com/product/ikarao-shell-s2-karaoke-speaker-price-in-nepal","https://wsrv.nl/?w=560&url=https://cdn2.blanxer.com/uploads/682feff88c633f25b4c7ce32/product_image-ikarao-shell-s2-main-3982.webp","iKarao Shell S2 Karaoke Speaker","52,500"
"1784077220-1268","https://www.olizstore.com/brands","https://www.olizstore.com/brand/hoverair","https://www.olizstore.com/product/hoverair-beacon-and-joystick-bundle-price-in-nepal","https://wsrv.nl/?w=560&url=https://cdn2.blanxer.com/uploads/682feff88c633f25b4c7ce32/product_image-hoverair-combo-case-main-8518.webp","HoverAir Beacon and JoyStick Bundle","39,800"
"1784077222-1269","https://www.olizstore.com/brands","https://www.olizstore.com/brand/hoverair","https://www.olizstore.com/product/hoverair-x1-propro-max-charging-hub-price-in-nepal","https://wsrv.nl/?w=560&url=https://cdn2.blanxer.com/uploads/682feff88c633f25b4c7ce32/product_image-hoverair-combo-case-main-8518.webp","HoverAir X1 Pro/Pro Max Charging Hub","12,500"
"1784077225-1270","https://www.olizstore.com/brands","https://www.olizstore.com/brand/hoverair","https://www.olizstore.com/product/hoverair-x1-combo-price-in-nepal","https://wsrv.nl/?w=560&url=https://cdn2.blanxer.com/uploads/682feff88c633f25b4c7ce32/product_image-hoverair-combo-case-main-8518.webp","HoverAir X1 Combo","44,900"
"1784077227-1271","https://www.olizstore.com/brands","https://www.olizstore.com/brand/hoverair","https://www.olizstore.com/product/hoverair-x1-pro-price-in-nepal","https://wsrv.nl/?w=560&url=https://cdn2.blanxer.com/uploads/682feff88c633f25b4c7ce32/product_image-hoverair-combo-case-main-8518.webp","HoverAir X1 Pro","1,10,500"
"1784077229-1272","https://www.olizstore.com/brands","https://www.olizstore.com/brand/hoverair","https://www.olizstore.com/product/hoverair-x1-pro-max-price-in-nepal","https://wsrv.nl/?w=560&url=https://cdn2.blanxer.com/uploads/682feff88c633f25b4c7ce32/product_image-hoverair-combo-case-main-8518.webp","HoverAir X1 Pro Max","1,45,500"
"1784077231-1273","https://www.olizstore.com/brands","https://www.olizstore.com/brand/hoverair","https://www.olizstore.com/product/hoverair-combo-case-price-in-nepal","https://wsrv.nl/?w=560&url=https://cdn2.blanxer.com/uploads/682feff88c633f25b4c7ce32/product_image-hoverair-combo-case-main-8518.webp","HoverAir Combo Case","10,000"
"1784077333-1274","https://www.olizstore.com/brands","https://www.olizstore.com/brand/honiture","https://www.olizstore.com/product/honiture-p7-pro-cordless-handheld-vacuum-cleaner-price-in-nepal","https://wsrv.nl/?w=560&url=https://cdn2.blanxer.com/uploads/682feff88c633f25b4c7ce32/product_image-best_cordless_stick_vacuum_cleaner-5397.webp","Honiture P7 Pro Cordless Handheld Vacuum Cleaner","29,000"
"1784077336-1275","https://www.olizstore.com/brands","https://www.olizstore.com/brand/honiture","https://www.olizstore.com/product/honiture-x7-cordless-handheld-vacuum-cleaner-price-in-nepal","https://wsrv.nl/?w=560&url=https://cdn2.blanxer.com/uploads/682feff88c633f25b4c7ce32/product_image-best_cordless_stick_vacuum_cleaner-5397.webp","Honiture X7 Cordless Handheld Vacuum Cleaner","26,000"
"1784077338-1276","https://www.olizstore.com/brands","https://www.olizstore.com/brand/honiture","https://www.olizstore.com/product/honiture-y10-cordless-handheld-vacuum-cleaner-price-in-nepal","https://wsrv.nl/?w=560&url=https://cdn2.blanxer.com/uploads/682feff88c633f25b4c7ce32/product_image-best_cordless_stick_vacuum_cleaner-5397.webp","Honiture Y10 Cordless Handheld Vacuum Cleaner","18,000"
"1784077350-1277","https://www.olizstore.com/brands","https://www.olizstore.com/brand/hollyland","https://www.olizstore.com/product/hollyland-lark-m1-duo-price-in-nepal","https://wsrv.nl/?w=560&url=https://cdn2.blanxer.com/uploads/682feff88c633f25b4c7ce32/product_image-hollyland-lark-m2-duo-usb-c-7492.webp","Hollyland Lark M1 Duo","16,500"
"1784077352-1278","https://www.olizstore.com/brands","https://www.olizstore.com/brand/hollyland","https://www.olizstore.com/product/hollyland-solidcom-c1-pro2s-price-in-nepal","https://wsrv.nl/?w=560&url=https://cdn2.blanxer.com/uploads/682feff88c633f25b4c7ce32/product_image-hollyland-lark-m2-duo-usb-c-7492.webp","Hollyland Solidcom C1 Pro‑2S","1,12,500"
"1784077354-1279","https://www.olizstore.com/brands","https://www.olizstore.com/brand/hollyland","https://www.olizstore.com/product/hollyland-venusliv-v2-live-streaming-camera-price-in-nepal","https://wsrv.nl/?w=560&url=https://cdn2.blanxer.com/uploads/682feff88c633f25b4c7ce32/product_image-hollyland-lark-m2-duo-usb-c-7492.webp","Hollyland VenusLiv V2 Live Streaming Camera","1,41,000"
"1784077357-1280","https://www.olizstore.com/brands","https://www.olizstore.com/brand/hollyland","https://www.olizstore.com/product/hollyland-mars-4k-wireless-video-transmission-system-price-in-nepal","https://wsrv.nl/?w=560&url=https://cdn2.blanxer.com/uploads/682feff88c633f25b4c7ce32/product_image-hollyland-lark-m2-duo-usb-c-7492.webp","Hollyland Mars 4K Wireless Video Transmission System","1,05,000"
"1784077359-1281","https://www.olizstore.com/brands","https://www.olizstore.com/brand/hollyland","https://www.olizstore.com/product/hollyland-mars-400s-pro-ii-wireless-video-transmission-system-price-in-nepal","https://wsrv.nl/?w=560&url=https://cdn2.blanxer.com/uploads/682feff88c633f25b4c7ce32/product_image-hollyland-lark-m2-duo-usb-c-7492.webp","Hollyland Mars 400S PRO II Wireless Video Transmission System","83,500"
"1784077362-1282","https://www.olizstore.com/brands","https://www.olizstore.com/brand/hollyland","https://www.olizstore.com/product/hollyland-pyro-h-wireless-video-transmission-system-price-in-nepal","https://wsrv.nl/?w=560&url=https://cdn2.blanxer.com/uploads/682feff88c633f25b4c7ce32/product_image-hollyland-lark-m2-duo-usb-c-7492.webp","Hollyland Pyro H Wireless Video Transmission System","75,500"
"1784077364-1283","https://www.olizstore.com/brands","https://www.olizstore.com/brand/hollyland","https://www.olizstore.com/product/hollyland-mars-m1-enhanced-5.5%22-wireless-transceiver-monitor-price-in-nepal","https://wsrv.nl/?w=560&url=https://cdn2.blanxer.com/uploads/682feff88c633f25b4c7ce32/product_image-hollyland-lark-m2-duo-usb-c-7492.webp","Hollyland Mars M1 Enhanced 5.5"" Wireless Transceiver Monitor","73,000"
"1784077366-1284","https://www.olizstore.com/brands","https://www.olizstore.com/brand/hollyland","https://www.olizstore.com/product/hollyland-lark-max-duo-price-in-nepal","https://wsrv.nl/?w=560&url=https://cdn2.blanxer.com/uploads/682feff88c633f25b4c7ce32/product_image-hollyland-lark-m2-duo-usb-c-7492.webp","Hollyland Lark Max Duo","38,500"
"1784077369-1285","https://www.olizstore.com/brands","https://www.olizstore.com/brand/hollyland","https://www.olizstore.com/product/hollyland-lark-m2s-mini-combo-price-in-nepal","https://wsrv.nl/?w=560&url=https://cdn2.blanxer.com/uploads/682feff88c633f25b4c7ce32/product_image-hollyland-lark-m2-duo-usb-c-7492.webp","Hollyland Lark M2S Combo Mini","19,500"
"1784077372-1286","https://www.olizstore.com/brands","https://www.olizstore.com/brand/hollyland","https://www.olizstore.com/product/hollyland-lark-m2s-usb-c-price-in-nepal","https://wsrv.nl/?w=560&url=https://cdn2.blanxer.com/uploads/682feff88c633f25b4c7ce32/product_image-hollyland-lark-m2-duo-usb-c-7492.webp","Hollyland Lark M2S Combo USB-C","22,550"
"1784077376-1287","https://www.olizstore.com/brands","https://www.olizstore.com/brand/hollyland","https://www.olizstore.com/product/hollyland-lark-m2s-ultimate-combo-price-in-nepal","https://wsrv.nl/?w=560&url=https://cdn2.blanxer.com/uploads/682feff88c633f25b4c7ce32/product_image-hollyland-lark-m2-duo-usb-c-7492.webp","Hollyland Lark M2S Ultimate Combo","24,000"
"1784077378-1288","https://www.olizstore.com/brands","https://www.olizstore.com/brand/hollyland","https://www.olizstore.com/product/hollyland-lark-m2-price-in-nepal","https://wsrv.nl/?w=560&url=https://cdn2.blanxer.com/uploads/682feff88c633f25b4c7ce32/product_image-hollyland-lark-m2-duo-usb-c-7492.webp","Hollyland Lark M2 Combo","21,450"
"1784077381-1289","https://www.olizstore.com/brands","https://www.olizstore.com/brand/hollyland","https://www.olizstore.com/product/hollyland-lark-c1-duo-price-in-nepal","https://wsrv.nl/?w=560&url=https://cdn2.blanxer.com/uploads/682feff88c633f25b4c7ce32/product_image-hollyland-lark-m2-duo-usb-c-7492.webp","Hollyland Lark C1 DUO","12,000"
"1784077383-1290","https://www.olizstore.com/brands","https://www.olizstore.com/brand/hollyland","https://www.olizstore.com/product/hollyland-lark-max-2-combo-4-person-wireless-microphone-system-price-in-nepal","https://wsrv.nl/?w=560&url=https://cdn2.blanxer.com/uploads/682feff88c633f25b4c7ce32/product_image-hollyland-lark-m2-duo-usb-c-7492.webp","Hollyland LARK MAX 2 Combo 4-Person Wireless Microphone System","54,500"
"1784077389-1291","https://www.olizstore.com/brands","https://www.olizstore.com/brand/hollyland","https://www.olizstore.com/product/hollyland-lark-max-2-ultimate-combo-2-person-wireless-microphone-system-price-in-nepal","https://wsrv.nl/?w=560&url=https://cdn2.blanxer.com/uploads/682feff88c633f25b4c7ce32/product_image-hollyland-lark-m2-duo-usb-c-7492.webp","Hollyland LARK MAX 2 Ultimate Combo 2-Person Wireless Microphone System","48,500"
"1784077392-1292","https://www.olizstore.com/brands","https://www.olizstore.com/brand/hollyland","https://www.olizstore.com/product/hollyland-lark-max-2-combo-2-person-wireless-microphone-system-price-in-nepal","https://wsrv.nl/?w=560&url=https://cdn2.blanxer.com/uploads/682feff88c633f25b4c7ce32/product_image-hollyland-lark-m2-duo-usb-c-7492.webp","Hollyland LARK MAX 2 Combo 2-Person Wireless Microphone System","42,500"
"1784077395-1293","https://www.olizstore.com/brands","https://www.olizstore.com/brand/hollyland","https://www.olizstore.com/product/hollyland-lark-a1-combo-2-person-wireless-microphone-system-with-usb-c-and-lightning-connectors-price-in-nepal","https://wsrv.nl/?w=560&url=https://cdn2.blanxer.com/uploads/682feff88c633f25b4c7ce32/product_image-hollyland-lark-m2-duo-usb-c-7492.webp","Hollyland LARK A1 Combo 2-Person with USB-C and Lightning Connectors","13,750"
"1784077398-1294","https://www.olizstore.com/brands","https://www.olizstore.com/brand/hollyland","https://www.olizstore.com/product/hollyland-lark-a1-duo-2-person-wireless-microphone-system-with-usb-c-connector-price-in-nepal","https://wsrv.nl/?w=560&url=https://cdn2.blanxer.com/uploads/682feff88c633f25b4c7ce32/product_image-hollyland-lark-m2-duo-usb-c-7492.webp","Hollyland LARK A1 Duo 2-Person with USB-C Connector","9,350"
"1784077401-1295","https://www.olizstore.com/brands","https://www.olizstore.com/brand/hollyland","https://www.olizstore.com/product/hollyland-lark-a1-mini-duo-2-person-wireless-microphone-system-with-lightning-connector-price-in-nepal","https://wsrv.nl/?w=560&url=https://cdn2.blanxer.com/uploads/682feff88c633f25b4c7ce32/product_image-hollyland-lark-m2-duo-usb-c-7492.webp","Hollyland LARK A1 Mini Duo 2-Person with Lightning Connector","7,500"
"1784077404-1296","https://www.olizstore.com/brands","https://www.olizstore.com/brand/hollyland","https://www.olizstore.com/product/hollyland-lark-a1-mini-duo-2-person-wireless-microphone-system-with-usb-c-connector-price-in-nepal","https://wsrv.nl/?w=560&url=https://cdn2.blanxer.com/uploads/682feff88c633f25b4c7ce32/product_image-hollyland-lark-m2-duo-usb-c-7492.webp","Hollyland LARK A1 Mini Duo 2-Person with USB-C Connector","7,150"
"1784077407-1297","https://www.olizstore.com/brands","https://www.olizstore.com/brand/hollyland","https://www.olizstore.com/product/hollyland-solidcom-se-6s-6-person","https://wsrv.nl/?w=560&url=https://cdn2.blanxer.com/uploads/682feff88c633f25b4c7ce32/product_image-hollyland-lark-m2-duo-usb-c-7492.webp","Hollyland Solidcom SE 6S 6-Person","1,40,000"
"1784077410-1298","https://www.olizstore.com/brands","https://www.olizstore.com/brand/hollyland","https://www.olizstore.com/product/hollyland-lark-m2-duo-usb-c-price-in-nepal","https://wsrv.nl/?w=560&url=https://cdn2.blanxer.com/uploads/682feff88c633f25b4c7ce32/product_image-hollyland-lark-m2-duo-usb-c-7492.webp","Hollyland LARK M2 DUO USB-C","14,500"
"1784077415-1299","https://www.olizstore.com/brands","https://www.olizstore.com/brand/hiroia","https://www.olizstore.com/product/hiroia-hikaru-smart-brewer","https://wsrv.nl/?w=560&url=https://cdn2.blanxer.com/uploads/682feff88c633f25b4c7ce32/product_image-hiroia-go-50-titanium-grinder-6326.webp","Hiroia Hikaru Smart Brewer",""
"1784077417-1300","https://www.olizstore.com/brands","https://www.olizstore.com/brand/hiroia","https://www.olizstore.com/product/hiroia-samantha-smart-brewer","https://wsrv.nl/?w=560&url=https://cdn2.blanxer.com/uploads/682feff88c633f25b4c7ce32/product_image-hiroia-go-50-titanium-grinder-6326.webp","Hiroia Samantha Smart Brewer",""
"1784077420-1301","https://www.olizstore.com/brands","https://www.olizstore.com/brand/hiroia","https://www.olizstore.com/product/hiroia-jimmy-smart-coffee-scale","https://wsrv.nl/?w=560&url=https://cdn2.blanxer.com/uploads/682feff88c633f25b4c7ce32/product_image-hiroia-go-50-titanium-grinder-6326.webp","Hiroia Jimmy Smart Coffee Scale",""
"1784077422-1302","https://www.olizstore.com/brands","https://www.olizstore.com/brand/hiroia","https://www.olizstore.com/product/hiroia-x-starseeker-edge-titanium-grinder","https://wsrv.nl/?w=560&url=https://cdn2.blanxer.com/uploads/682feff88c633f25b4c7ce32/product_image-hiroia-go-50-titanium-grinder-6326.webp","Hiroia x Starseeker Edge Titanium Grinder",""
"1784077424-1303","https://www.olizstore.com/brands","https://www.olizstore.com/brand/hiroia","https://www.olizstore.com/product/hiroia-edge-mini+-grinder","https://wsrv.nl/?w=560&url=https://cdn2.blanxer.com/uploads/682feff88c633f25b4c7ce32/product_image-hiroia-go-50-titanium-grinder-6326.webp","Hiroia Edge Mini+ Grinder",""
"1784077426-1304","https://www.olizstore.com/brands","https://www.olizstore.com/brand/hiroia","https://www.olizstore.com/product/hiroia-go-50-titanium-grinder","https://wsrv.nl/?w=560&url=https://cdn2.blanxer.com/uploads/682feff88c633f25b4c7ce32/product_image-hiroia-go-50-titanium-grinder-6326.webp","Hiroia GO 50 Titanium Grinder",""
"1784077684-1305","https://www.olizstore.com/brands","https://www.olizstore.com/brand/harman-kardon","https://www.olizstore.com/product/harman-kardon-citation-one","https://wsrv.nl/?w=560&url=https://cdn2.blanxer.com/uploads/682feff88c633f25b4c7ce32/product_image-harman-kardon-ss5-3445.webp","Harman Kardon Citation One","28,000"
"1784077687-1306","https://www.olizstore.com/brands","https://www.olizstore.com/brand/harman-kardon","https://www.olizstore.com/product/harman-kardon-citation-oasis","https://wsrv.nl/?w=560&url=https://cdn2.blanxer.com/uploads/682feff88c633f25b4c7ce32/product_image-harman-kardon-ss5-3445.webp","Harman Kardon Citation Oasis","28,350"
"1784077689-1307","https://www.olizstore.com/brands","https://www.olizstore.com/brand/harman-kardon","https://www.olizstore.com/product/harman-kardon-citation-multibeam-1100","https://wsrv.nl/?w=560&url=https://cdn2.blanxer.com/uploads/682feff88c633f25b4c7ce32/product_image-harman-kardon-ss5-3445.webp","Harman Kardon Citation MultiBeam 1100","1,35,000"
"1784077691-1308","https://www.olizstore.com/brands","https://www.olizstore.com/brand/harman-kardon","https://www.olizstore.com/product/harman-kardon-onyx-studio-8","https://wsrv.nl/?w=560&url=https://cdn2.blanxer.com/uploads/682feff88c633f25b4c7ce32/product_image-harman-kardon-ss5-3445.webp","Harman Kardon Onyx Studio 8","35,550"
"1784077693-1309","https://www.olizstore.com/brands","https://www.olizstore.com/brand/harman-kardon","https://www.olizstore.com/product/harman-kardon-aura-studio-3","https://wsrv.nl/?w=560&url=https://cdn2.blanxer.com/uploads/682feff88c633f25b4c7ce32/product_image-harman-kardon-ss5-3445.webp","Harman Kardon Aura Studio 3","39,000"
"1784077696-1310","https://www.olizstore.com/brands","https://www.olizstore.com/brand/harman-kardon","https://www.olizstore.com/product/harman-kardon-aura-studio-4","https://wsrv.nl/?w=560&url=https://cdn2.blanxer.com/uploads/682feff88c633f25b4c7ce32/product_image-harman-kardon-ss5-3445.webp","Harman Kardon Aura Studio 4","43,500"
"1784077698-1311","https://www.olizstore.com/brands","https://www.olizstore.com/brand/harman-kardon","https://www.olizstore.com/product/harman-kardon-soundsticks-4","https://wsrv.nl/?w=560&url=https://cdn2.blanxer.com/uploads/682feff88c633f25b4c7ce32/product_image-harman-kardon-ss5-3445.webp","Harman Kardon Soundsticks 4","46,000"
"1784077700-1312","https://www.olizstore.com/brands","https://www.olizstore.com/brand/harman-kardon","https://www.olizstore.com/product/harman-kardon-go-play-3-portable-speaker-black","https://wsrv.nl/?w=560&url=https://cdn2.blanxer.com/uploads/682feff88c633f25b4c7ce32/product_image-harman-kardon-ss5-3445.webp","Harman Kardon Go Play 3","53,900"
"1784077703-1313","https://www.olizstore.com/brands","https://www.olizstore.com/brand/harman-kardon","https://www.olizstore.com/product/harman-kardon-fly-anc-headphone","https://wsrv.nl/?w=560&url=https://cdn2.blanxer.com/uploads/682feff88c633f25b4c7ce32/product_image-harman-kardon-ss5-3445.webp","Harman Kardon Fly Anc Headphone","19,500"
"1784077705-1314","https://www.olizstore.com/brands","https://www.olizstore.com/brand/harman-kardon","https://www.olizstore.com/product/harman-kardon-aura-studio-5","https://wsrv.nl/?w=560&url=https://cdn2.blanxer.com/uploads/682feff88c633f25b4c7ce32/product_image-harman-kardon-ss5-3445.webp","Harman Kardon Aura Studio 5","48,000"
"1784077708-1315","https://www.olizstore.com/brands","https://www.olizstore.com/brand/harman-kardon","https://www.olizstore.com/product/harman-kardon-onyx-studio-9","https://wsrv.nl/?w=560&url=https://cdn2.blanxer.com/uploads/682feff88c633f25b4c7ce32/product_image-harman-kardon-ss5-3445.webp","Harman Kardon Onyx Studio 9","45,000"
"1784077710-1316","https://www.olizstore.com/brands","https://www.olizstore.com/brand/harman-kardon","https://www.olizstore.com/product/harman-kardon-sound-sticks-5","https://wsrv.nl/?w=560&url=https://cdn2.blanxer.com/uploads/682feff88c633f25b4c7ce32/product_image-harman-kardon-ss5-3445.webp","Harman Kardon Sound Sticks 5","52,000"
"1784077946-1317","https://www.olizstore.com/brands","https://www.olizstore.com/brand/hamilton-watches-price-in-nepal","https://www.olizstore.com/product/hamilton-khaki-field-quartz-33mm-h69301131","https://wsrv.nl/?w=560&url=https://cdn2.blanxer.com/uploads/682feff88c633f25b4c7ce32/product_image-hamilton-khaki-field-murph-auto-h70405710-3532.webp","Hamilton Khaki Field Quartz 33mm H69301131","88,000"
"1784077948-1318","https://www.olizstore.com/brands","https://www.olizstore.com/brand/hamilton-watches-price-in-nepal","https://www.olizstore.com/product/hamilton-khaki-field-quartz-33mm-h69301110","https://wsrv.nl/?w=560&url=https://cdn2.blanxer.com/uploads/682feff88c633f25b4c7ce32/product_image-hamilton-khaki-field-murph-auto-h70405710-3532.webp","Hamilton Khaki Field Quartz 33mm H69301110","88,000"
"1784077950-1319","https://www.olizstore.com/brands","https://www.olizstore.com/brand/hamilton-watches-price-in-nepal","https://www.olizstore.com/product/hamilton-khaki-field-quartz-33mm-h69301160","https://wsrv.nl/?w=560&url=https://cdn2.blanxer.com/uploads/682feff88c633f25b4c7ce32/product_image-hamilton-khaki-field-murph-auto-h70405710-3532.webp","Hamilton Khaki Field Quartz 33mm H69301160","88,000"
"1784077952-1320","https://www.olizstore.com/brands","https://www.olizstore.com/brand/hamilton-watches-price-in-nepal","https://www.olizstore.com/product/hamilton-khaki-field-quartz-33mm-h69301140","https://wsrv.nl/?w=560&url=https://cdn2.blanxer.com/uploads/682feff88c633f25b4c7ce32/product_image-hamilton-khaki-field-murph-auto-h70405710-3532.webp","Hamilton Khaki Field Quartz 33mm H69301140","88,000"
"1784077954-1321","https://www.olizstore.com/brands","https://www.olizstore.com/brand/hamilton-watches-price-in-nepal","https://www.olizstore.com/product/hamilton-khaki-field-quartz-33mm-h69301130","https://wsrv.nl/?w=560&url=https://cdn2.blanxer.com/uploads/682feff88c633f25b4c7ce32/product_image-hamilton-khaki-field-murph-auto-h70405710-3532.webp","Hamilton Khaki Field Quartz 33mm H69301130","88,000"
"1784077957-1322","https://www.olizstore.com/brands","https://www.olizstore.com/brand/hamilton-watches-price-in-nepal","https://www.olizstore.com/product/hamilton-khaki-field-quartz-38mm-h69401160","https://wsrv.nl/?w=560&url=https://cdn2.blanxer.com/uploads/682feff88c633f25b4c7ce32/product_image-hamilton-khaki-field-murph-auto-h70405710-3532.webp","Hamilton Khaki Field Quartz 38mm H69401160","1,18,500"
"1784077960-1323","https://www.olizstore.com/brands","https://www.olizstore.com/brand/hamilton-watches-price-in-nepal","https://www.olizstore.com/product/hamilton-khaki-field-auto-42mm-h70605733","https://wsrv.nl/?w=560&url=https://cdn2.blanxer.com/uploads/682feff88c633f25b4c7ce32/product_image-hamilton-khaki-field-murph-auto-h70405710-3532.webp","Hamilton Khaki Field Auto 42mm H70605733","1,35,000"
"1784077962-1324","https://www.olizstore.com/brands","https://www.olizstore.com/brand/hamilton-watches-price-in-nepal","https://www.olizstore.com/product/hamilton-khaki-field-king-auto-h64455523","https://wsrv.nl/?w=560&url=https://cdn2.blanxer.com/uploads/682feff88c633f25b4c7ce32/product_image-hamilton-khaki-field-murph-auto-h70405710-3532.webp","Hamilton Khaki Field King Auto H64455523","1,35,000"
"1784077964-1325","https://www.olizstore.com/brands","https://www.olizstore.com/brand/hamilton-watches-price-in-nepal","https://www.olizstore.com/product/hamilton-khaki-field-murph-auto-h70605731","https://wsrv.nl/?w=560&url=https://cdn2.blanxer.com/uploads/682feff88c633f25b4c7ce32/product_image-hamilton-khaki-field-murph-auto-h70405710-3532.webp","Hamilton Khaki Field Murph Auto H70605731","1,80,000"
"1784077967-1326","https://www.olizstore.com/brands","https://www.olizstore.com/brand/hamilton-watches-price-in-nepal","https://www.olizstore.com/product/hamilton-jazzmaster-thinline-auto-h38525811","https://wsrv.nl/?w=560&url=https://cdn2.blanxer.com/uploads/682feff88c633f25b4c7ce32/product_image-hamilton-khaki-field-murph-auto-h70405710-3532.webp","Hamilton Jazzmaster Thinline Auto H38525811","1,84,500"
"1784077969-1327","https://www.olizstore.com/brands","https://www.olizstore.com/brand/hamilton-watches-price-in-nepal","https://www.olizstore.com/product/hamilton-american-classic-railroad-auto-h40555131","https://wsrv.nl/?w=560&url=https://cdn2.blanxer.com/uploads/682feff88c633f25b4c7ce32/product_image-hamilton-khaki-field-murph-auto-h70405710-3532.webp","Hamilton American Classic RailRoad Auto H40555131","1,94,500"
"1784077971-1328","https://www.olizstore.com/brands","https://www.olizstore.com/brand/hamilton-watches-price-in-nepal","https://www.olizstore.com/product/hamilton-american-classic-intra-matic-auto-h38465501","https://wsrv.nl/?w=560&url=https://cdn2.blanxer.com/uploads/682feff88c633f25b4c7ce32/product_image-hamilton-khaki-field-murph-auto-h70405710-3532.webp","Hamilton American Classic Intra-Matic Auto H38465501","1,97,500"
"1784077978-1329","https://www.olizstore.com/brands","https://www.olizstore.com/brand/hamilton-watches-price-in-nepal","https://www.olizstore.com/product/hamilton-jazzmaster-open-heart-auto-36mm-h32215142","https://wsrv.nl/?w=560&url=https://cdn2.blanxer.com/uploads/682feff88c633f25b4c7ce32/product_image-hamilton-khaki-field-murph-auto-h70405710-3532.webp","Hamilton Jazzmaster Open Heart Auto 36mm H32215142","2,05,000"
"1784077981-1330","https://www.olizstore.com/brands","https://www.olizstore.com/brand/hamilton-watches-price-in-nepal","https://www.olizstore.com/product/hamilton-american-classic-intra-matic-auto-h38745501","https://wsrv.nl/?w=560&url=https://cdn2.blanxer.com/uploads/682feff88c633f25b4c7ce32/product_image-hamilton-khaki-field-murph-auto-h70405710-3532.webp","Hamilton American Classic Intra-Matic Auto H38745501","2,11,500"
"1784077983-1331","https://www.olizstore.com/brands","https://www.olizstore.com/brand/hamilton-watches-price-in-nepal","https://www.olizstore.com/product/hamilton-american-classic-intra-matic-auto-h38735501","https://wsrv.nl/?w=560&url=https://cdn2.blanxer.com/uploads/682feff88c633f25b4c7ce32/product_image-hamilton-khaki-field-murph-auto-h70405710-3532.webp","Hamilton American Classic Intra-Matic Auto H38735501","2,11,500"
"1784077985-1332","https://www.olizstore.com/brands","https://www.olizstore.com/brand/hamilton-watches-price-in-nepal","https://www.olizstore.com/product/hamilton-jazzmaster-viewmatic-auto-h42725551","https://wsrv.nl/?w=560&url=https://cdn2.blanxer.com/uploads/682feff88c633f25b4c7ce32/product_image-hamilton-khaki-field-murph-auto-h70405710-3532.webp","Hamilton Jazzmaster Viewmatic Auto H42725551","2,14,500"
"1784077987-1333","https://www.olizstore.com/brands","https://www.olizstore.com/brand/hamilton-watches-price-in-nepal","https://www.olizstore.com/product/hamilton-jazzmaster-performer-auto-h36135130","https://wsrv.nl/?w=560&url=https://cdn2.blanxer.com/uploads/682feff88c633f25b4c7ce32/product_image-hamilton-khaki-field-murph-auto-h70405710-3532.webp","Hamilton Jazzmaster Performer Auto H36135130","2,14,500"
"1784077992-1334","https://www.olizstore.com/brands","https://www.olizstore.com/brand/hamilton-watches-price-in-nepal","https://www.olizstore.com/product/hamilton-jazzmaster-open-heart-auto-h32675170","https://wsrv.nl/?w=560&url=https://cdn2.blanxer.com/uploads/682feff88c633f25b4c7ce32/product_image-hamilton-khaki-field-murph-auto-h70405710-3532.webp","Hamilton Jazzmaster Open Heart Auto H32675170","0"
"1784077994-1335","https://www.olizstore.com/brands","https://www.olizstore.com/brand/hamilton-watches-price-in-nepal","https://www.olizstore.com/product/hamilton-jazzmaster-open-heart-auto-h32675160","https://wsrv.nl/?w=560&url=https://cdn2.blanxer.com/uploads/682feff88c633f25b4c7ce32/product_image-hamilton-khaki-field-murph-auto-h70405710-3532.webp","Hamilton Jazzmaster Open Heart Auto H32675160","2,20,000"
"1784077996-1336","https://www.olizstore.com/brands","https://www.olizstore.com/brand/hamilton-watches-price-in-nepal","https://www.olizstore.com/product/hamilton-jazzmaster-open-heart-auto-h32675140","https://wsrv.nl/?w=560&url=https://cdn2.blanxer.com/uploads/682feff88c633f25b4c7ce32/product_image-hamilton-khaki-field-murph-auto-h70405710-3532.webp","Hamilton Jazzmaster Open Heart Auto H32675140","2,20,000"
"1784077998-1337","https://www.olizstore.com/brands","https://www.olizstore.com/brand/hamilton-watches-price-in-nepal","https://www.olizstore.com/product/hamilton-jazzmaster-performer-auto-h36225770","https://wsrv.nl/?w=560&url=https://cdn2.blanxer.com/uploads/682feff88c633f25b4c7ce32/product_image-hamilton-khaki-field-murph-auto-h70405710-3532.webp","Hamilton Jazzmaster Performer Auto H36225770","2,28,500"
"1784078006-1338","https://www.olizstore.com/brands","https://www.olizstore.com/brand/hamilton-watches-price-in-nepal","https://www.olizstore.com/product/hamilton-jazzmaster-viewmatic-auto-h42725151","https://wsrv.nl/?w=560&url=https://cdn2.blanxer.com/uploads/682feff88c633f25b4c7ce32/product_image-hamilton-khaki-field-murph-auto-h70405710-3532.webp","Hamilton Jazzmaster Viewmatic Auto H42725151","2,30,500"
"1784078022-1339","https://www.olizstore.com/brands","https://www.olizstore.com/brand/hamilton-watches-price-in-nepal","https://www.olizstore.com/product/hamilton-jazzmaster-regulator-cinema-auto-h42605731","https://wsrv.nl/?w=560&url=https://cdn2.blanxer.com/uploads/682feff88c633f25b4c7ce32/product_image-hamilton-khaki-field-murph-auto-h70405710-3532.webp","Hamilton Jazzmaster Regulator Cinema Auto H42605731","2,38,500"
"1784078024-1340","https://www.olizstore.com/brands","https://www.olizstore.com/brand/hamilton-watches-price-in-nepal","https://www.olizstore.com/product/hamilton-jazzmaster-power-reserve-auto-h32635541","https://wsrv.nl/?w=560&url=https://cdn2.blanxer.com/uploads/682feff88c633f25b4c7ce32/product_image-hamilton-khaki-field-murph-auto-h70405710-3532.webp","Hamilton Jazzmaster Power Reserve Auto H32635541","2,38,500"
"1784078032-1341","https://www.olizstore.com/brands","https://www.olizstore.com/brand/hamilton-watches-price-in-nepal","https://www.olizstore.com/product/hamilton-khaki-field-murph-auto-h70405710","https://wsrv.nl/?w=560&url=https://cdn2.blanxer.com/uploads/682feff88c633f25b4c7ce32/product_image-hamilton-khaki-field-murph-auto-h70405710-3532.webp","Hamilton Khaki Field Murph Auto H70405710","0"
"1784078243-1342","https://www.olizstore.com/brands","https://www.olizstore.com/brand/dyson","https://www.olizstore.com/product/dyson-supersonic-hair-dryer-price-in-nepal","https://wsrv.nl/?w=560&url=https://cdn2.blanxer.com/uploads/682feff88c633f25b4c7ce32/product_image-dyson-v12s-detect-slim-submarineacent-hepa-(yellow:nickel)-5993.webp","Dyson Supersonic Hair Dryer","75,000"
"1784078245-1343","https://www.olizstore.com/brands","https://www.olizstore.com/brand/dyson","https://www.olizstore.com/product/dyson-corraletm-hair-straightener-price-in-nepal","https://wsrv.nl/?w=560&url=https://cdn2.blanxer.com/uploads/682feff88c633f25b4c7ce32/product_image-dyson-v12s-detect-slim-submarineacent-hepa-(yellow:nickel)-5993.webp","Dyson Corrale™ Hair Straightener","75,000"
"1784078247-1344","https://www.olizstore.com/brands","https://www.olizstore.com/brand/dyson","https://www.olizstore.com/product/dyson-supersonic-nuraltm-hair-dryer-price-in-nepal","https://wsrv.nl/?w=560&url=https://cdn2.blanxer.com/uploads/682feff88c633f25b4c7ce32/product_image-dyson-v12s-detect-slim-submarineacent-hepa-(yellow:nickel)-5993.webp","Dyson Supersonic Nural™ Hair Dryer","81,000"
"1784078249-1345","https://www.olizstore.com/brands","https://www.olizstore.com/brand/dyson","https://www.olizstore.com/product/dyson-airstraittm-straightener-price-in-nepal","https://wsrv.nl/?w=560&url=https://cdn2.blanxer.com/uploads/682feff88c633f25b4c7ce32/product_image-dyson-v12s-detect-slim-submarineacent-hepa-(yellow:nickel)-5993.webp","Dyson Airstrait™ Straightener","87,500"
"1784078251-1346","https://www.olizstore.com/brands","https://www.olizstore.com/brand/dyson","https://www.olizstore.com/product/dyson-airwraptm-multi-styler-price-in-nepal","https://wsrv.nl/?w=560&url=https://cdn2.blanxer.com/uploads/682feff88c633f25b4c7ce32/product_image-dyson-v12s-detect-slim-submarineacent-hepa-(yellow:nickel)-5993.webp","Dyson Airwrap™ Multi-Styler","85,000"
"1784078263-1347","https://www.olizstore.com/brands","https://www.olizstore.com/brand/dyson","https://www.olizstore.com/product/dyson-purifier-cool-formaldehyde-tp09-purifying-fan-price-in-nepal","https://wsrv.nl/?w=560&url=https://cdn2.blanxer.com/uploads/682feff88c633f25b4c7ce32/product_image-dyson-v12s-detect-slim-submarineacent-hepa-(yellow:nickel)-5993.webp","Dyson Purifier Cool Formaldehyde TP09 Purifying Fan",""
"1784078265-1348","https://www.olizstore.com/brands","https://www.olizstore.com/brand/dyson","https://www.olizstore.com/product/dyson-airwrap-i.d.tm-multi-styler-and-dryer","https://wsrv.nl/?w=560&url=https://cdn2.blanxer.com/uploads/682feff88c633f25b4c7ce32/product_image-dyson-v12s-detect-slim-submarineacent-hepa-(yellow:nickel)-5993.webp","Dyson Airwrap i.d.™ Multi-Styler and Dryer","1,02,100"
"1784078267-1349","https://www.olizstore.com/brands","https://www.olizstore.com/brand/dyson","https://www.olizstore.com/product/dyson-airwrap-co-anda2xtm-multi-styler-and-dryer","https://wsrv.nl/?w=560&url=https://cdn2.blanxer.com/uploads/682feff88c633f25b4c7ce32/product_image-dyson-v12s-detect-slim-submarineacent-hepa-(yellow:nickel)-5993.webp","Dyson Airwrap Co-anda2x™ Multi-Styler and Dryer","1,14,300"
"1784078269-1350","https://www.olizstore.com/brands","https://www.olizstore.com/brand/dyson","https://www.olizstore.com/product/dyson-purifier-cool-gen1-tp10-purifying-fan","https://wsrv.nl/?w=560&url=https://cdn2.blanxer.com/uploads/682feff88c633f25b4c7ce32/product_image-dyson-v12s-detect-slim-submarineacent-hepa-(yellow:nickel)-5993.webp","Dyson Purifier Cool Gen1 TP10 Purifying Fan","74,500"
"1784078271-1351","https://www.olizstore.com/brands","https://www.olizstore.com/brand/dyson","https://www.olizstore.com/product/dyson-purifier-big+quiet-formaldehyde-bp04","https://wsrv.nl/?w=560&url=https://cdn2.blanxer.com/uploads/682feff88c633f25b4c7ce32/product_image-dyson-v12s-detect-slim-submarineacent-hepa-(yellow:nickel)-5993.webp","Dyson Purifier Big+Quiet Formaldehyde BP04","1,68,000"
"1784078274-1352","https://www.olizstore.com/brands","https://www.olizstore.com/brand/dyson","https://www.olizstore.com/product/dyson-purifier-cool-air-purifier-pc2-de-nox-tp12","https://wsrv.nl/?w=560&url=https://cdn2.blanxer.com/uploads/682feff88c633f25b4c7ce32/product_image-dyson-v12s-detect-slim-submarineacent-hepa-(yellow:nickel)-5993.webp","Dyson Purifier Cool Air Purifier PC2 De-NOx TP12","1,18,500"
"1784078276-1353","https://www.olizstore.com/brands","https://www.olizstore.com/brand/dyson","https://www.olizstore.com/product/dyson-hushjettm-purifier-compact-hj10","https://wsrv.nl/?w=560&url=https://cdn2.blanxer.com/uploads/682feff88c633f25b4c7ce32/product_image-dyson-v12s-detect-slim-submarineacent-hepa-(yellow:nickel)-5993.webp","Dyson HushJet™ Purifier Compact HJ10","68,000"
"1784078278-1354","https://www.olizstore.com/brands","https://www.olizstore.com/brand/dyson","https://www.olizstore.com/product/dyson-supersonictm-origin-hair-dryer","https://wsrv.nl/?w=560&url=https://cdn2.blanxer.com/uploads/682feff88c633f25b4c7ce32/product_image-dyson-v12s-detect-slim-submarineacent-hepa-(yellow:nickel)-5993.webp","Dyson Supersonic™ Origin Hair Dryer","85,000"
"1784078280-1355","https://www.olizstore.com/brands","https://www.olizstore.com/brand/dyson","https://www.olizstore.com/product/dyson-supersonictm-hair-dryer-hd08","https://wsrv.nl/?w=560&url=https://cdn2.blanxer.com/uploads/682feff88c633f25b4c7ce32/product_image-dyson-v12s-detect-slim-submarineacent-hepa-(yellow:nickel)-5993.webp","Dyson Supersonic™ Hair Dryer HD08","85,000"
"1784078282-1356","https://www.olizstore.com/brands","https://www.olizstore.com/brand/dyson","https://www.olizstore.com/product/dyson-v12s-detect-slim-submarinetm-hepa-(yellownickel)","https://wsrv.nl/?w=560&url=https://cdn2.blanxer.com/uploads/682feff88c633f25b4c7ce32/product_image-dyson-v12s-detect-slim-submarineacent-hepa-(yellow:nickel)-5993.webp","Dyson V12s Detect Slim Submarine™ HEPA (Yellow/Nickel)","1,37,300"
"1784078293-1357","https://www.olizstore.com/brands","https://www.olizstore.com/brand/dji","https://www.olizstore.com/product/dji-osmo-action-4-standard-combo","https://wsrv.nl/?w=560&url=https://cdn2.blanxer.com/uploads/682feff88c633f25b4c7ce32/product_image-dji-goggles-3-9357.webp","DJI Osmo Action 4 Standard Combo","40,500"
"1784078295-1358","https://www.olizstore.com/brands","https://www.olizstore.com/brand/dji","https://www.olizstore.com/product/dji-osmo-action-4-adventure-combo","https://wsrv.nl/?w=560&url=https://cdn2.blanxer.com/uploads/682feff88c633f25b4c7ce32/product_image-dji-goggles-3-9357.webp","DJI Osmo Action 4 Adventure Combo","55,000"
"1784078298-1359","https://www.olizstore.com/brands","https://www.olizstore.com/brand/dji","https://www.olizstore.com/product/dji-rs-4","https://wsrv.nl/?w=560&url=https://cdn2.blanxer.com/uploads/682feff88c633f25b4c7ce32/product_image-dji-goggles-3-9357.webp","DJI RS 4","64,000"
"1784078300-1360","https://www.olizstore.com/brands","https://www.olizstore.com/brand/dji","https://www.olizstore.com/product/dji-osmo-mobile-se-price-in-nepal","https://wsrv.nl/?w=560&url=https://cdn2.blanxer.com/uploads/682feff88c633f25b4c7ce32/product_image-dji-goggles-3-9357.webp","DJI Osmo Mobile SE","12,500"
"1784078302-1361","https://www.olizstore.com/brands","https://www.olizstore.com/brand/dji","https://www.olizstore.com/product/dji-osmo-mobile-7-price-in-nepal","https://wsrv.nl/?w=560&url=https://cdn2.blanxer.com/uploads/682feff88c633f25b4c7ce32/product_image-dji-goggles-3-9357.webp","DJI Osmo Mobile 7","14,000"
"1784078304-1362","https://www.olizstore.com/brands","https://www.olizstore.com/brand/dji","https://www.olizstore.com/product/dji-osmo-mobile-7p-price-in-nepal","https://wsrv.nl/?w=560&url=https://cdn2.blanxer.com/uploads/682feff88c633f25b4c7ce32/product_image-dji-goggles-3-9357.webp","DJI Osmo Mobile 7P","20,500"
"1784078306-1363","https://www.olizstore.com/brands","https://www.olizstore.com/brand/dji","https://www.olizstore.com/product/dji-rs-3-pro-combo-price-in-nepal","https://wsrv.nl/?w=560&url=https://cdn2.blanxer.com/uploads/682feff88c633f25b4c7ce32/product_image-dji-goggles-3-9357.webp","DJI RS 3 Pro Combo","1,68,000"
"1784078309-1364","https://www.olizstore.com/brands","https://www.olizstore.com/brand/dji","https://www.olizstore.com/product/dji-rs-4-mini-price-in-nepal","https://wsrv.nl/?w=560&url=https://cdn2.blanxer.com/uploads/682feff88c633f25b4c7ce32/product_image-dji-goggles-3-9357.webp","DJI RS 4 Mini Combo","61,500"
"1784078311-1365","https://www.olizstore.com/brands","https://www.olizstore.com/brand/dji","https://www.olizstore.com/product/dji-rs-4-combo-price-in-nepal","https://wsrv.nl/?w=560&url=https://cdn2.blanxer.com/uploads/682feff88c633f25b4c7ce32/product_image-dji-goggles-3-9357.webp","DJI RS 4 Combo","86,000"
"1784078313-1366","https://www.olizstore.com/brands","https://www.olizstore.com/brand/dji","https://www.olizstore.com/product/dji-rs-4-pro-combo-price-in-nepal","https://wsrv.nl/?w=560&url=https://cdn2.blanxer.com/uploads/682feff88c633f25b4c7ce32/product_image-dji-goggles-3-9357.webp","DJI RS 4 Pro Combo","1,60,500"
"1784078315-1367","https://www.olizstore.com/brands","https://www.olizstore.com/brand/dji","https://www.olizstore.com/product/dji-mic-2-(2-tx-+-1-rx-+-charging-case)-price-in-nepal","https://wsrv.nl/?w=560&url=https://cdn2.blanxer.com/uploads/682feff88c633f25b4c7ce32/product_image-dji-goggles-3-9357.webp","DJI Mic 2","39,500"
"1784078317-1368","https://www.olizstore.com/brands","https://www.olizstore.com/brand/dji","https://www.olizstore.com/product/dji-mic-mini-combo-(2-tx-+-1-rx)-price-in-nepal","https://wsrv.nl/?w=560&url=https://cdn2.blanxer.com/uploads/682feff88c633f25b4c7ce32/product_image-dji-goggles-3-9357.webp","DJI Mic Mini Combo","18,500"
"1784078320-1369","https://www.olizstore.com/brands","https://www.olizstore.com/brand/dji","https://www.olizstore.com/product/dji-osmo-universal-mount-price-in-nepal","https://wsrv.nl/?w=560&url=https://cdn2.blanxer.com/uploads/682feff88c633f25b4c7ce32/product_image-dji-goggles-3-9357.webp","DJI Osmo Universal Mount","2,500"
"1784078322-1370","https://www.olizstore.com/brands","https://www.olizstore.com/brand/dji","https://www.olizstore.com/product/dji-osmo-straight-extension-arm-price-in-nepal","https://wsrv.nl/?w=560&url=https://cdn2.blanxer.com/uploads/682feff88c633f25b4c7ce32/product_image-dji-goggles-3-9357.webp","DJI Osmo Straight Extension Arm","3,500"
"1784078324-1371","https://www.olizstore.com/brands","https://www.olizstore.com/brand/dji","https://www.olizstore.com/product/dji-osmo-action-dual-3.5mm-usb-c-adapter-price-in-nepal","https://wsrv.nl/?w=560&url=https://cdn2.blanxer.com/uploads/682feff88c633f25b4c7ce32/product_image-dji-goggles-3-9357.webp","DJI CYNOVA Osmo Action Dual 3.5mm USB-C Adapter","4,500"
"1784078326-1372","https://www.olizstore.com/brands","https://www.olizstore.com/brand/dji","https://www.olizstore.com/product/dji-motion-controller-price-in-nepal","https://wsrv.nl/?w=560&url=https://cdn2.blanxer.com/uploads/682feff88c633f25b4c7ce32/product_image-dji-goggles-3-9357.webp","DJI Motion Controller","25,000"
"1784078328-1373","https://www.olizstore.com/brands","https://www.olizstore.com/brand/dji","https://www.olizstore.com/product/dji-air-2s-combo-price-in-nepal","https://wsrv.nl/?w=560&url=https://cdn2.blanxer.com/uploads/682feff88c633f25b4c7ce32/product_image-dji-goggles-3-9357.webp","DJI Air 2S Combo","1,80,000"
"1784078369-1374","https://www.olizstore.com/brands","https://www.olizstore.com/brand/dji","https://www.olizstore.com/product/dji-mini-4-pro-combo-price-in-nepal","https://wsrv.nl/?w=560&url=https://cdn2.blanxer.com/uploads/682feff88c633f25b4c7ce32/product_image-dji-goggles-3-9357.webp","DJI Mini 4 Pro Fly More Combo Plus","1,72,000"
"1784078371-1375","https://www.olizstore.com/brands","https://www.olizstore.com/brand/dji","https://www.olizstore.com/product/dji-mini-4k-fly-more-combo-price-in-nepal","https://wsrv.nl/?w=560&url=https://cdn2.blanxer.com/uploads/682feff88c633f25b4c7ce32/product_image-dji-goggles-3-9357.webp","DJI Mini 4K Fly More Combo","80,000"
"1784078374-1376","https://www.olizstore.com/brands","https://www.olizstore.com/brand/dji","https://www.olizstore.com/product/dji-avata-fly-more-kit-price-in-nepal","https://wsrv.nl/?w=560&url=https://cdn2.blanxer.com/uploads/682feff88c633f25b4c7ce32/product_image-dji-goggles-3-9357.webp","DJI Avata Fly More Kit","45,000"
"1784078376-1377","https://www.olizstore.com/brands","https://www.olizstore.com/brand/dji","https://www.olizstore.com/product/dji-avata-2-price-in-nepal","https://wsrv.nl/?w=560&url=https://cdn2.blanxer.com/uploads/682feff88c633f25b4c7ce32/product_image-dji-goggles-3-9357.webp","DJI Avata 2  (FPV)","80,500"
"1784078378-1378","https://www.olizstore.com/brands","https://www.olizstore.com/brand/dji","https://www.olizstore.com/product/dji-action-5-pro-price-in-nepal","https://wsrv.nl/?w=560&url=https://cdn2.blanxer.com/uploads/682feff88c633f25b4c7ce32/product_image-dji-goggles-3-9357.webp","DJI Osmo Action 5 Pro","52,500"
"1784078380-1379","https://www.olizstore.com/brands","https://www.olizstore.com/brand/dji","https://www.olizstore.com/product/dji-neo-price-in-nepal","https://wsrv.nl/?w=560&url=https://cdn2.blanxer.com/uploads/682feff88c633f25b4c7ce32/product_image-dji-goggles-3-9357.webp","DJI Neo","36,500"
"1784078382-1380","https://www.olizstore.com/brands","https://www.olizstore.com/brand/dji","https://www.olizstore.com/product/dji-air-3s-combo-price-in-nepal","https://wsrv.nl/?w=560&url=https://cdn2.blanxer.com/uploads/682feff88c633f25b4c7ce32/product_image-dji-goggles-3-9357.webp","DJI Air 3S Combo (RC-N3 or RC-2)","2,28,500"
"1784078469-1381","https://www.olizstore.com/brands","https://www.olizstore.com/brand/dji","https://www.olizstore.com/product/dji-rs-intelligent-tracking-module-price-in-nepal","https://wsrv.nl/?w=560&url=https://cdn2.blanxer.com/uploads/682feff88c633f25b4c7ce32/product_image-dji-goggles-3-9357.webp","DJI RS Intelligent Tracking Module","9,500"
"1784078471-1382","https://www.olizstore.com/brands","https://www.olizstore.com/brand/dji","https://www.olizstore.com/product/dji-osmo-nano-standard-combo-action-camera-(128gb)-price-in-nepal","https://wsrv.nl/?w=560&url=https://cdn2.blanxer.com/uploads/682feff88c633f25b4c7ce32/product_image-dji-goggles-3-9357.webp","DJI Osmo Nano Standard Combo Action Camera (128GB)","57,000"
"1784078474-1383","https://www.olizstore.com/brands","https://www.olizstore.com/brand/dji","https://www.olizstore.com/product/dji-neo-2-motion-fly-more-combo-price-in-nepal","https://wsrv.nl/?w=560&url=https://cdn2.blanxer.com/uploads/682feff88c633f25b4c7ce32/product_image-dji-goggles-3-9357.webp","DJI Neo 2 Motion Fly More Combo","96,500"
"1784078476-1384","https://www.olizstore.com/brands","https://www.olizstore.com/brand/dji","https://www.olizstore.com/product/dji-neo-2-fly-more-combo-price-in-nepal","https://wsrv.nl/?w=560&url=https://cdn2.blanxer.com/uploads/682feff88c633f25b4c7ce32/product_image-dji-goggles-3-9357.webp","DJI Neo 2 Fly More Combo","65,000"
"1784078480-1385","https://www.olizstore.com/brands","https://www.olizstore.com/brand/dji","https://www.olizstore.com/product/dji-neo-2-fly-more-combo-drone-only-price-in-nepal","https://wsrv.nl/?w=560&url=https://cdn2.blanxer.com/uploads/682feff88c633f25b4c7ce32/product_image-dji-goggles-3-9357.webp","DJI Neo 2 Fly More Combo (Drone Only)","53,000"
"1784078482-1386","https://www.olizstore.com/brands","https://www.olizstore.com/brand/dji","https://www.olizstore.com/product/dji-neo-2-drone-only-price-in-nepal","https://wsrv.nl/?w=560&url=https://cdn2.blanxer.com/uploads/682feff88c633f25b4c7ce32/product_image-dji-goggles-3-9357.webp","DJI Neo 2 (Drone Only)","38,000"
"1784078484-1387","https://www.olizstore.com/brands","https://www.olizstore.com/brand/dji","https://www.olizstore.com/product/dji-osmo-mobile-8-price-in-nepal","https://wsrv.nl/?w=560&url=https://cdn2.blanxer.com/uploads/682feff88c633f25b4c7ce32/product_image-dji-goggles-3-9357.webp","DJI Osmo Mobile 8","24,000"
"1784078490-1388","https://www.olizstore.com/brands","https://www.olizstore.com/brand/dji","https://www.olizstore.com/product/dji-osmo-action-6-adventure-combo-price-in-nepal","https://wsrv.nl/?w=560&url=https://cdn2.blanxer.com/uploads/682feff88c633f25b4c7ce32/product_image-dji-goggles-3-9357.webp","DJI Osmo Action 6 Adventure Combo","83,500"
"1784078495-1389","https://www.olizstore.com/brands","https://www.olizstore.com/brand/dji","https://www.olizstore.com/product/dji-osmo-action-6-standard-combo-price-in-nepal","https://wsrv.nl/?w=560&url=https://cdn2.blanxer.com/uploads/682feff88c633f25b4c7ce32/product_image-dji-goggles-3-9357.webp","DJI Osmo Action 6 Standard Combo","0"
"1784078497-1390","https://www.olizstore.com/brands","https://www.olizstore.com/brand/dji","https://www.olizstore.com/product/dji-avata-2-fly-smart-combo-price-in-nepal","https://wsrv.nl/?w=560&url=https://cdn2.blanxer.com/uploads/682feff88c633f25b4c7ce32/product_image-dji-goggles-3-9357.webp","DJI Avata 2 Fly Smart Combo","1,01,500"
"1784078500-1391","https://www.olizstore.com/brands","https://www.olizstore.com/brand/dji","https://www.olizstore.com/product/dji-rs-5","https://wsrv.nl/?w=560&url=https://cdn2.blanxer.com/uploads/682feff88c633f25b4c7ce32/product_image-dji-goggles-3-9357.webp","DJI RS 5","77,500"
"1784078504-1392","https://www.olizstore.com/brands","https://www.olizstore.com/brand/dji","https://www.olizstore.com/product/dji-rs-5-combo","https://wsrv.nl/?w=560&url=https://cdn2.blanxer.com/uploads/682feff88c633f25b4c7ce32/product_image-dji-goggles-3-9357.webp","DJI RS 5 Combo","97,500"
"1784078506-1393","https://www.olizstore.com/brands","https://www.olizstore.com/brand/dji","https://www.olizstore.com/product/dji-avata-360-motion-fpv-fly-more-combo-price-in-nepal","https://wsrv.nl/?w=560&url=https://cdn2.blanxer.com/uploads/682feff88c633f25b4c7ce32/product_image-dji-goggles-3-9357.webp","DJI Avata 360 Motion FPV Fly More Combo",""
"1784078509-1394","https://www.olizstore.com/brands","https://www.olizstore.com/brand/dji","https://www.olizstore.com/product/dji-avata-360-fly-more-combo-price-in-nepal","https://wsrv.nl/?w=560&url=https://cdn2.blanxer.com/uploads/682feff88c633f25b4c7ce32/product_image-dji-goggles-3-9357.webp","DJI Avata 360 Fly More Combo with RC 2 Remote","1,47,500"
"1784078512-1395","https://www.olizstore.com/brands","https://www.olizstore.com/brand/dji","https://www.olizstore.com/product/dji-avata-360-price-in-nepal","https://wsrv.nl/?w=560&url=https://cdn2.blanxer.com/uploads/682feff88c633f25b4c7ce32/product_image-dji-goggles-3-9357.webp","DJI Avata 360 with RC 2 Remote",""
"1784078515-1396","https://www.olizstore.com/brands","https://www.olizstore.com/brand/dji","https://www.olizstore.com/product/dji-osmo-pocket-4-creator-combo-price-in-nepal","https://wsrv.nl/?w=560&url=https://cdn2.blanxer.com/uploads/682feff88c633f25b4c7ce32/product_image-dji-goggles-3-9357.webp","DJI Osmo Pocket 4 (Creator Combo)","99,000"
"1784078517-1397","https://www.olizstore.com/brands","https://www.olizstore.com/brand/dji","https://www.olizstore.com/product/dji-osmo-pocket-4-standard-combo-price-in-nepal","https://wsrv.nl/?w=560&url=https://cdn2.blanxer.com/uploads/682feff88c633f25b4c7ce32/product_image-dji-goggles-3-9357.webp","DJI Osmo Pocket 4 (Standard Combo)","80,000"
"1784078520-1398","https://www.olizstore.com/brands","https://www.olizstore.com/brand/dji","https://www.olizstore.com/product/dji-lito-x1-drone-fly-more-combo-plus-with-rc-2-remote","https://wsrv.nl/?w=560&url=https://cdn2.blanxer.com/uploads/682feff88c633f25b4c7ce32/product_image-dji-goggles-3-9357.webp","DJI Lito X1 Fly More Combo Plus with RC 2 Remote","1,23,000"
"1784078522-1399","https://www.olizstore.com/brands","https://www.olizstore.com/brand/dji","https://www.olizstore.com/product/dji-lito-x1-drone-fly-more-combo-with-rc-2-remote","https://wsrv.nl/?w=560&url=https://cdn2.blanxer.com/uploads/682feff88c633f25b4c7ce32/product_image-dji-goggles-3-9357.webp","DJI Lito X1 Fly More Combo with RC 2 Remote","1,09,500"
"1784078524-1400","https://www.olizstore.com/brands","https://www.olizstore.com/brand/dji","https://www.olizstore.com/product/dji-lito-x1-drone-fly-more-combo-with-rc-n3-remote","https://wsrv.nl/?w=560&url=https://cdn2.blanxer.com/uploads/682feff88c633f25b4c7ce32/product_image-dji-goggles-3-9357.webp","DJI Lito X1 Fly More Combo with RC-N3 Remote","95,000"
"1784078527-1401","https://www.olizstore.com/brands","https://www.olizstore.com/brand/dji","https://www.olizstore.com/product/dji-lito-x1-with-rc-n3-remote","https://wsrv.nl/?w=560&url=https://cdn2.blanxer.com/uploads/682feff88c633f25b4c7ce32/product_image-dji-goggles-3-9357.webp","DJI Lito X1 with RC-N3 Remote","70,000"
"1784078530-1402","https://www.olizstore.com/brands","https://www.olizstore.com/brand/dji","https://www.olizstore.com/product/dji-lito-1-drone-fly-more-combo-with-rc-n3-remote","https://wsrv.nl/?w=560&url=https://cdn2.blanxer.com/uploads/682feff88c633f25b4c7ce32/product_image-dji-goggles-3-9357.webp","DJI Lito 1 Fly More Combo with RC-N3 Remote","76,500"
"1784078536-1403","https://www.olizstore.com/brands","https://www.olizstore.com/brand/dji","https://www.olizstore.com/product/dji-mic-mini-2-price-in-nepal","https://wsrv.nl/?w=560&url=https://cdn2.blanxer.com/uploads/682feff88c633f25b4c7ce32/product_image-dji-goggles-3-9357.webp","DJI Mic Mini 2 (2 TX + 1 RX + Charging Case)","19,500"
"1784078539-1404","https://www.olizstore.com/brands","https://www.olizstore.com/brand/dji","https://www.olizstore.com/product/dji-mic-mini-2-two-transmitter-price-in-nepal","https://wsrv.nl/?w=560&url=https://cdn2.blanxer.com/uploads/682feff88c633f25b4c7ce32/product_image-dji-goggles-3-9357.webp","DJI Mic Mini 2 (2 TX + 1 MRX + Charging Case)","16,500"
"1784078541-1405","https://www.olizstore.com/brands","https://www.olizstore.com/brand/dji","https://www.olizstore.com/product/dji-mic-mini-2-one-transmitter-price-in-nepal","https://wsrv.nl/?w=560&url=https://cdn2.blanxer.com/uploads/682feff88c633f25b4c7ce32/product_image-dji-goggles-3-9357.webp","DJI Mic Mini 2 (1 TX + 1 MRX + Charging Case)","11,500"
"1784078543-1406","https://www.olizstore.com/brands","https://www.olizstore.com/brand/dji","https://www.olizstore.com/product/dji-osmo-mobile-8p","https://wsrv.nl/?w=560&url=https://cdn2.blanxer.com/uploads/682feff88c633f25b4c7ce32/product_image-dji-goggles-3-9357.webp","DJI Osmo Mobile 8P Creator Combo","35,000"
"1784078546-1407","https://www.olizstore.com/brands","https://www.olizstore.com/brand/dji","https://www.olizstore.com/product/dji-osmo-mobile-8p-standard-combo-price-in-nepal","https://wsrv.nl/?w=560&url=https://cdn2.blanxer.com/uploads/682feff88c633f25b4c7ce32/product_image-dji-goggles-3-9357.webp","DJI Osmo Mobile 8P Standard Combo","25,000"
"1784078549-1408","https://www.olizstore.com/brands","https://www.olizstore.com/brand/dji","https://www.olizstore.com/product/dji-romo-p-(water-tank-version)","https://wsrv.nl/?w=560&url=https://cdn2.blanxer.com/uploads/682feff88c633f25b4c7ce32/product_image-dji-goggles-3-9357.webp","DJI ROMO P (Water Tank Version)","2,18,500"
"1784078551-1409","https://www.olizstore.com/brands","https://www.olizstore.com/brand/dji","https://www.olizstore.com/product/dji-matrice-4e-(universal-edition)","https://wsrv.nl/?w=560&url=https://cdn2.blanxer.com/uploads/682feff88c633f25b4c7ce32/product_image-dji-goggles-3-9357.webp","DJI Matrice 4E (Universal Edition)",""
"1784078553-1410","https://www.olizstore.com/brands","https://www.olizstore.com/brand/dji","https://www.olizstore.com/product/dji-matrice-4t-drone-basic-pack","https://wsrv.nl/?w=560&url=https://cdn2.blanxer.com/uploads/682feff88c633f25b4c7ce32/product_image-dji-goggles-3-9357.webp","DJI Matrice 4T Drone (Basic Pack)",""
"1784078556-1411","https://www.olizstore.com/brands","https://www.olizstore.com/brand/dji","https://www.olizstore.com/product/dji-goggles-3-price-in-nepal","https://wsrv.nl/?w=560&url=https://cdn2.blanxer.com/uploads/682feff88c633f25b4c7ce32/product_image-dji-goggles-3-9357.webp","DJI Goggles 3","1,06,000"
"1784078561-1412","https://www.olizstore.com/brands","https://www.olizstore.com/brand/devialet","https://www.olizstore.com/product/devialet-phantom-i-108-db-wireless-speaker","https://wsrv.nl/?w=560&url=https://cdn2.blanxer.com/uploads/682feff88c633f25b4c7ce32/product_image-devialet-dione-950w-virtual-512-channel-soundbar-4282.webp","Devialet Phantom I 108 dB Wireless Speaker","5,17,000"
"1784078566-1413","https://www.olizstore.com/brands","https://www.olizstore.com/brand/devialet","https://www.olizstore.com/product/devialet-phantom-i-103-db-wireless-speaker","https://wsrv.nl/?w=560&url=https://cdn2.blanxer.com/uploads/682feff88c633f25b4c7ce32/product_image-devialet-dione-950w-virtual-512-channel-soundbar-4282.webp","Devialet Phantom I 103 db Wireless Speaker","3,56,000"
"1784078569-1414","https://www.olizstore.com/brands","https://www.olizstore.com/brand/devialet","https://www.olizstore.com/product/devialet-phantom-ii-98-db-wireless-speaker","https://wsrv.nl/?w=560&url=https://cdn2.blanxer.com/uploads/682feff88c633f25b4c7ce32/product_image-devialet-dione-950w-virtual-512-channel-soundbar-4282.webp","Devialet Phantom II 98 dB Wireless Speaker","2,58,000"
"1784078571-1415","https://www.olizstore.com/brands","https://www.olizstore.com/brand/devialet","https://www.olizstore.com/product/devialet-phantom-ii-95-db-wireless-speaker","https://wsrv.nl/?w=560&url=https://cdn2.blanxer.com/uploads/682feff88c633f25b4c7ce32/product_image-devialet-dione-950w-virtual-512-channel-soundbar-4282.webp","Devialet Phantom II 95 db Wireless Speaker","1,93,000"
"1784078573-1416","https://www.olizstore.com/brands","https://www.olizstore.com/brand/devialet","https://www.olizstore.com/product/devialet-tree-stand-for-phantom-i","https://wsrv.nl/?w=560&url=https://cdn2.blanxer.com/uploads/682feff88c633f25b4c7ce32/product_image-devialet-dione-950w-virtual-512-channel-soundbar-4282.webp","Devialet Tree Stand for Phantom I","57,000"
"1784078576-1417","https://www.olizstore.com/brands","https://www.olizstore.com/brand/devialet","https://www.olizstore.com/product/devialet-treepod-stand-for-phantom-i","https://wsrv.nl/?w=560&url=https://cdn2.blanxer.com/uploads/682feff88c633f25b4c7ce32/product_image-devialet-dione-950w-virtual-512-channel-soundbar-4282.webp","Devialet Treepod Stand for Phantom I","48,000"
"1784078578-1418","https://www.olizstore.com/brands","https://www.olizstore.com/brand/devialet","https://www.olizstore.com/product/devialet-legs-for-the-phantom-reactor","https://wsrv.nl/?w=560&url=https://cdn2.blanxer.com/uploads/682feff88c633f25b4c7ce32/product_image-devialet-dione-950w-virtual-512-channel-soundbar-4282.webp","Devialet Legs for the Phantom Reactor","32,000"
"1784078580-1419","https://www.olizstore.com/brands","https://www.olizstore.com/brand/devialet","https://www.olizstore.com/product/devialet-dione-950w-virtual-5.1.2-channel-soundbar","https://wsrv.nl/?w=560&url=https://cdn2.blanxer.com/uploads/682feff88c633f25b4c7ce32/product_image-devialet-dione-950w-virtual-512-channel-soundbar-4282.webp","Devialet Dione 950W Virtual 5.1.2-Channel Soundbar","3,88,000"
"1784078589-1420","https://www.olizstore.com/brands","https://www.olizstore.com/brand/denon","https://www.olizstore.com/product/denon-avc-x6700h","https://wsrv.nl/?w=560&url=https://cdn2.blanxer.com/uploads/682feff88c633f25b4c7ce32/product_image-denon-pma-800ne-85w-2-2064.webp","Denon AVC-X6700H – 11.4‑Channel Premium AV Receiver","3,52,000"
"1784078591-1421","https://www.olizstore.com/brands","https://www.olizstore.com/brand/denon","https://www.olizstore.com/product/denon-avr-x550bt-5.2-ch.-av-receiver-with-bluetooth","https://wsrv.nl/?w=560&url=https://cdn2.blanxer.com/uploads/682feff88c633f25b4c7ce32/product_image-denon-pma-800ne-85w-2-2064.webp","Denon AVR-X550BT 5.2 Ch. AV Receiver with Bluetooth","52,000"
"1784078595-1422","https://www.olizstore.com/brands","https://www.olizstore.com/brand/denon","https://www.olizstore.com/product/denon-pma-600ne-70w-stereo-integrated-amplifier","https://wsrv.nl/?w=560&url=https://cdn2.blanxer.com/uploads/682feff88c633f25b4c7ce32/product_image-denon-pma-800ne-85w-2-2064.webp","Denon PMA-600NE 70W Stereo Integrated Amplifier","68,000"
"1784078598-1423","https://www.olizstore.com/brands","https://www.olizstore.com/brand/denon","https://www.olizstore.com/product/denon-avc-x3700h-9.2-channel-network-av-receiver","https://wsrv.nl/?w=560&url=https://cdn2.blanxer.com/uploads/682feff88c633f25b4c7ce32/product_image-denon-pma-800ne-85w-2-2064.webp","Denon AVC-X3700H 9.2-Channel Network A/V Receiver","1,75,500"
"1784078600-1424","https://www.olizstore.com/brands","https://www.olizstore.com/brand/denon","https://www.olizstore.com/product/denon-avc-x4700h-9.4-ch.-125w-8k-av-receiver-with-heos(r)-built-in","https://wsrv.nl/?w=560&url=https://cdn2.blanxer.com/uploads/682feff88c633f25b4c7ce32/product_image-denon-pma-800ne-85w-2-2064.webp","Denon AVC-X4700H 9.4 Ch. 125W 8K AV Receiver with HEOS® Built-in","2,30,000"
"1784078609-1425","https://www.olizstore.com/brands","https://www.olizstore.com/brand/denon","https://www.olizstore.com/product/denon-avr-x3800h-9.4-ch.-105w-8k-av-receiver-with-heos(r)-built-in-and-dolby-atmos","https://wsrv.nl/?w=560&url=https://cdn2.blanxer.com/uploads/682feff88c633f25b4c7ce32/product_image-denon-pma-800ne-85w-2-2064.webp","Denon AVR-X3800H 9.4 Ch. 105W 8K AV Receiver with HEOS® Built-in and Dolby Atmos","2,45,000"
"1784078616-1426","https://www.olizstore.com/brands","https://www.olizstore.com/brand/denon","https://www.olizstore.com/product/denon-avc-x4800h-9.4-ch.-200w-8k-av-receiver-with-heos(r)-built-in","https://wsrv.nl/?w=560&url=https://cdn2.blanxer.com/uploads/682feff88c633f25b4c7ce32/product_image-denon-pma-800ne-85w-2-2064.webp","Denon AVC-X4800H 9.4 Ch. 200W 8K AV Receiver with HEOS® Built-in","3,55,000"
"1784078620-1427","https://www.olizstore.com/brands","https://www.olizstore.com/brand/denon","https://www.olizstore.com/product/denon-avr-s660h-5.2-ch.-75w-8k-av-receiver-with-heos(r)-built-in","https://wsrv.nl/?w=560&url=https://cdn2.blanxer.com/uploads/682feff88c633f25b4c7ce32/product_image-denon-pma-800ne-85w-2-2064.webp","Denon AVR-S660H  5.2 Ch. 75W 8K AV Receiver with HEOS® Built-in","95,000"
"1784078624-1428","https://www.olizstore.com/brands","https://www.olizstore.com/brand/denon","https://www.olizstore.com/product/denon-avr-x250bt-5.1-ch.-4k-ultra-hd-av-receiver-with-bluetooth","https://wsrv.nl/?w=560&url=https://cdn2.blanxer.com/uploads/682feff88c633f25b4c7ce32/product_image-denon-pma-800ne-85w-2-2064.webp","Denon AVR-X250BT 5.1 Ch. 4K Ultra HD AV Receiver with Bluetooth","55,000"
"1784078626-1429","https://www.olizstore.com/brands","https://www.olizstore.com/brand/denon","https://www.olizstore.com/product/denon-avr-x2700h-7.2-ch.-95w-8k-av-receiver-with-heos(r)-built-in-q9","https://wsrv.nl/?w=560&url=https://cdn2.blanxer.com/uploads/682feff88c633f25b4c7ce32/product_image-denon-pma-800ne-85w-2-2064.webp","Denon AVR-X2700H 7.2 Ch. 95W 8K AV Receiver with HEOS® Built-in","1,35,000"
"1784078628-1430","https://www.olizstore.com/brands","https://www.olizstore.com/brand/denon","https://www.olizstore.com/product/denon-avr-x4500h-9.2-ch.-125w-4k-av-receiver-with-heos(r)-built-in","https://wsrv.nl/?w=560&url=https://cdn2.blanxer.com/uploads/682feff88c633f25b4c7ce32/product_image-denon-pma-800ne-85w-2-2064.webp","Denon AVR-X4500H 9.2 Ch. 125W 4K AV Receiver with HEOS® Built-in","1,98,000"
"1784078631-1431","https://www.olizstore.com/brands","https://www.olizstore.com/brand/denon","https://www.olizstore.com/product/denon-avr-x1700h-7.2-ch.-80w-8k-av-receiver-with-heos(r)-built-in-and-dolby-atmos","https://wsrv.nl/?w=560&url=https://cdn2.blanxer.com/uploads/682feff88c633f25b4c7ce32/product_image-denon-pma-800ne-85w-2-2064.webp","Denon AVR-X1700H 7.2 Ch. 80W 8K AV Receiver with HEOS® Built-in and Dolby Atmos","1,18,000"
"1784078633-1432","https://www.olizstore.com/brands","https://www.olizstore.com/brand/denon","https://www.olizstore.com/product/denon-avr-x580bt-5.2-ch-8k-av-receiver-with-bluetooth","https://wsrv.nl/?w=560&url=https://cdn2.blanxer.com/uploads/682feff88c633f25b4c7ce32/product_image-denon-pma-800ne-85w-2-2064.webp","Denon AVR-X580BT 5.2 Ch 8K AV Receiver with Bluetooth","87,000"
"1784078635-1433","https://www.olizstore.com/brands","https://www.olizstore.com/brand/denon","https://www.olizstore.com/product/denon-dht-s517-150w-3.1.2-channel-soundbar-system","https://wsrv.nl/?w=560&url=https://cdn2.blanxer.com/uploads/682feff88c633f25b4c7ce32/product_image-denon-pma-800ne-85w-2-2064.webp","Denon DHT-S517 150W 3.1.2-Channel Soundbar System","61,200"
"1784078637-1434","https://www.olizstore.com/brands","https://www.olizstore.com/brand/denon","https://www.olizstore.com/product/denon-pma-800ne-2-ch.-85w-integrated-amplifier","https://wsrv.nl/?w=560&url=https://cdn2.blanxer.com/uploads/682feff88c633f25b4c7ce32/product_image-denon-pma-800ne-85w-2-2064.webp","Denon PMA-800NE 2 Ch. 85W integrated Amplifier","95,000"
"1784078643-1435","https://www.olizstore.com/brands","https://www.olizstore.com/brand/cosori","https://www.olizstore.com/product/cosori-cp158-5.5l-air-fryer-price-in-nepal","https://wsrv.nl/?w=560&url=https://cdn2.blanxer.com/uploads/682feff88c633f25b4c7ce32/product_image-10_caf-r901-aus_silver_uk_lp0-8580.webp","Cosori CP158 5.5L Air Fryer","18,900"
"1784078646-1436","https://www.olizstore.com/brands","https://www.olizstore.com/brand/cosori","https://www.olizstore.com/product/cosori-turboblaze-6.0l-air-fryer","https://wsrv.nl/?w=560&url=https://cdn2.blanxer.com/uploads/682feff88c633f25b4c7ce32/product_image-10_caf-r901-aus_silver_uk_lp0-8580.webp","Cosori TurboBlaze 6.0L Air Fryer","24,600"
"1784078648-1437","https://www.olizstore.com/brands","https://www.olizstore.com/brand/cosori","https://www.olizstore.com/product/cosori-dual-blaze-6.4l-smart-air-fryer","https://wsrv.nl/?w=560&url=https://cdn2.blanxer.com/uploads/682feff88c633f25b4c7ce32/product_image-10_caf-r901-aus_silver_uk_lp0-8580.webp","Cosori Dual Blaze 6.4L Smart Air Fryer","26,500"
"1784078650-1438","https://www.olizstore.com/brands","https://www.olizstore.com/brand/cosori","https://www.olizstore.com/product/cosori-dual-zone-8.5l-air-fryer","https://wsrv.nl/?w=560&url=https://cdn2.blanxer.com/uploads/682feff88c633f25b4c7ce32/product_image-10_caf-r901-aus_silver_uk_lp0-8580.webp","Cosori Dual Zone 8.5L Air Fryer","35,500"
"1784078665-1439","https://www.olizstore.com/brands","https://www.olizstore.com/brand/citizen-watches-price-in-nepal","https://www.olizstore.com/product/citizen-zenshin-super-titanium-40.5mm-nk5020-58m","https://wsrv.nl/?w=560&url=https://cdn2.blanxer.com/uploads/682feff88c633f25b4c7ce32/product_image-citizen-tsuyosa-nj0152-51x-green-dial-automatic-watch-1-2616.webp","Citizen Zenshin Super Titanium 40.5mm NK5020-58M","1,09,000"
"1784078667-1440","https://www.olizstore.com/brands","https://www.olizstore.com/brand/citizen-watches-price-in-nepal","https://www.olizstore.com/product/citizen-zenshin-super-titanium-40.5mm-nk5020-58l","https://wsrv.nl/?w=560&url=https://cdn2.blanxer.com/uploads/682feff88c633f25b4c7ce32/product_image-citizen-tsuyosa-nj0152-51x-green-dial-automatic-watch-1-2616.webp","Citizen Zenshin Super Titanium 40.5mm NK5020-58L","1,09,000"
"1784078669-1441","https://www.olizstore.com/brands","https://www.olizstore.com/brand/citizen-watches-price-in-nepal","https://www.olizstore.com/product/citizen-automatic-skeleton-40mm-nh9136-88h","https://wsrv.nl/?w=560&url=https://cdn2.blanxer.com/uploads/682feff88c633f25b4c7ce32/product_image-citizen-tsuyosa-nj0152-51x-green-dial-automatic-watch-1-2616.webp","Citizen Automatic Skeleton 40mm NH9136-88H","69,990"
"1784078671-1442","https://www.olizstore.com/brands","https://www.olizstore.com/brand/citizen-watches-price-in-nepal","https://www.olizstore.com/product/citizen-automatic-skeleton-40mm-nh9136-02l","https://wsrv.nl/?w=560&url=https://cdn2.blanxer.com/uploads/682feff88c633f25b4c7ce32/product_image-citizen-tsuyosa-nj0152-51x-green-dial-automatic-watch-1-2616.webp","Citizen Automatic Skeleton 40mm NH9136-02L","69,990"
"1784078674-1443","https://www.olizstore.com/brands","https://www.olizstore.com/brand/citizen-watches-price-in-nepal","https://www.olizstore.com/product/citizen-automatic-40mm-nh8350-59a","https://wsrv.nl/?w=560&url=https://cdn2.blanxer.com/uploads/682feff88c633f25b4c7ce32/product_image-citizen-tsuyosa-nj0152-51x-green-dial-automatic-watch-1-2616.webp","Citizen Automatic 40mm NH8350-59A","35,990"
"1784078676-1444","https://www.olizstore.com/brands","https://www.olizstore.com/brand/citizen-watches-price-in-nepal","https://www.olizstore.com/product/citizen-automatic-42mm-nh7531-50e","https://wsrv.nl/?w=560&url=https://cdn2.blanxer.com/uploads/682feff88c633f25b4c7ce32/product_image-citizen-tsuyosa-nj0152-51x-green-dial-automatic-watch-1-2616.webp","Citizen Automatic 42mm NH7531-50E","91,990"
"1784078678-1445","https://www.olizstore.com/brands","https://www.olizstore.com/brand/citizen-watches-price-in-nepal","https://www.olizstore.com/product/citizen-automatic-42mm-nh7530-52m","https://wsrv.nl/?w=560&url=https://cdn2.blanxer.com/uploads/682feff88c633f25b4c7ce32/product_image-citizen-tsuyosa-nj0152-51x-green-dial-automatic-watch-1-2616.webp","Citizen Automatic 42mm NH7530-52M","91,990"
"1784078680-1446","https://www.olizstore.com/brands","https://www.olizstore.com/brand/citizen-watches-price-in-nepal","https://www.olizstore.com/product/citizen-automatic-42mm-nh7530-52l","https://wsrv.nl/?w=560&url=https://cdn2.blanxer.com/uploads/682feff88c633f25b4c7ce32/product_image-citizen-tsuyosa-nj0152-51x-green-dial-automatic-watch-1-2616.webp","Citizen Automatic 42mm NH7530-52L","91,900"
"1784078682-1447","https://www.olizstore.com/brands","https://www.olizstore.com/brand/citizen-watches-price-in-nepal","https://www.olizstore.com/product/citizen-classic-automatic-watch-nh8350-83l","https://wsrv.nl/?w=560&url=https://cdn2.blanxer.com/uploads/682feff88c633f25b4c7ce32/product_image-citizen-tsuyosa-nj0152-51x-green-dial-automatic-watch-1-2616.webp","Citizen Classic Automatic Watch NH8350-83L","65,990"
"1784078685-1448","https://www.olizstore.com/brands","https://www.olizstore.com/brand/citizen-watches-price-in-nepal","https://www.olizstore.com/product/citizen-automatic-ny4063-01l","https://wsrv.nl/?w=560&url=https://cdn2.blanxer.com/uploads/682feff88c633f25b4c7ce32/product_image-citizen-tsuyosa-nj0152-51x-green-dial-automatic-watch-1-2616.webp","Citizen Automatic NY4063-01L","60,000"
"1784078687-1449","https://www.olizstore.com/brands","https://www.olizstore.com/brand/citizen-watches-price-in-nepal","https://www.olizstore.com/product/citizen-automatic-40mm-ny4062-04x","https://wsrv.nl/?w=560&url=https://cdn2.blanxer.com/uploads/682feff88c633f25b4c7ce32/product_image-citizen-tsuyosa-nj0152-51x-green-dial-automatic-watch-1-2616.webp","Citizen Automatic 40mm NY4062-04X","64,990"
"1784078689-1450","https://www.olizstore.com/brands","https://www.olizstore.com/brand/citizen-watches-price-in-nepal","https://www.olizstore.com/product/citizen-automatic-ny4060-51l","https://wsrv.nl/?w=560&url=https://cdn2.blanxer.com/uploads/682feff88c633f25b4c7ce32/product_image-citizen-tsuyosa-nj0152-51x-green-dial-automatic-watch-1-2616.webp","Citizen Automatic NY4060-51L","55,990"
"1784078691-1451","https://www.olizstore.com/brands","https://www.olizstore.com/brand/citizen-watches-price-in-nepal","https://www.olizstore.com/product/citizen-automatic-ny4060-51e","https://wsrv.nl/?w=560&url=https://cdn2.blanxer.com/uploads/682feff88c633f25b4c7ce32/product_image-citizen-tsuyosa-nj0152-51x-green-dial-automatic-watch-1-2616.webp","Citizen Automatic NY4060-51E","55,990"
"1784078694-1452","https://www.olizstore.com/brands","https://www.olizstore.com/brand/citizen-watches-price-in-nepal","https://www.olizstore.com/product/citizen-auto-day-date-40mm-green-ny4058-79xc","https://wsrv.nl/?w=560&url=https://cdn2.blanxer.com/uploads/682feff88c633f25b4c7ce32/product_image-citizen-tsuyosa-nj0152-51x-green-dial-automatic-watch-1-2616.webp","Citizen Auto Day-Date 40mm Green NY4058-79XC","64,788"
"1784078696-1453","https://www.olizstore.com/brands","https://www.olizstore.com/brand/citizen-watches-price-in-nepal","https://www.olizstore.com/product/citizen-auto-day-date-40mm-champagne-ny4058-79lc","https://wsrv.nl/?w=560&url=https://cdn2.blanxer.com/uploads/682feff88c633f25b4c7ce32/product_image-citizen-tsuyosa-nj0152-51x-green-dial-automatic-watch-1-2616.webp","Citizen Auto Day-Date 40mm Champagne NY4058-79LC","53,990"
"1784078698-1454","https://www.olizstore.com/brands","https://www.olizstore.com/brand/citizen-watches-price-in-nepal","https://www.olizstore.com/product/citizen-promaster-diver-auto-blue-ny0129-07l","https://wsrv.nl/?w=560&url=https://cdn2.blanxer.com/uploads/682feff88c633f25b4c7ce32/product_image-citizen-tsuyosa-nj0152-51x-green-dial-automatic-watch-1-2616.webp","Citizen Promaster Diver Auto Blue NY0129-07L","65,990"
"1784078700-1455","https://www.olizstore.com/brands","https://www.olizstore.com/brand/citizen-watches-price-in-nepal","https://www.olizstore.com/product/citizen-promaster-diver-ny0121-09x","https://wsrv.nl/?w=560&url=https://cdn2.blanxer.com/uploads/682feff88c633f25b4c7ce32/product_image-citizen-tsuyosa-nj0152-51x-green-dial-automatic-watch-1-2616.webp","Citizen Promaster Diver NY0121-09X","65,990"
"1784078702-1456","https://www.olizstore.com/brands","https://www.olizstore.com/brand/citizen-watches-price-in-nepal","https://www.olizstore.com/product/citizen-promaster-diver-orange-ny0120-01z","https://wsrv.nl/?w=560&url=https://cdn2.blanxer.com/uploads/682feff88c633f25b4c7ce32/product_image-citizen-tsuyosa-nj0152-51x-green-dial-automatic-watch-1-2616.webp","Citizen Promaster Diver Orange NY0120-01Z","65,990"
"1784078705-1457","https://www.olizstore.com/brands","https://www.olizstore.com/brand/citizen-watches-price-in-nepal","https://www.olizstore.com/product/citizen-promaster-diver-ny0120-01x","https://wsrv.nl/?w=560&url=https://cdn2.blanxer.com/uploads/682feff88c633f25b4c7ce32/product_image-citizen-tsuyosa-nj0152-51x-green-dial-automatic-watch-1-2616.webp","Citizen Promaster Diver NY0120-01X","65,990"
"1784078707-1458","https://www.olizstore.com/brands","https://www.olizstore.com/brand/citizen-watches-price-in-nepal","https://www.olizstore.com/product/citizen-promaster-ny0120-01e","https://wsrv.nl/?w=560&url=https://cdn2.blanxer.com/uploads/682feff88c633f25b4c7ce32/product_image-citizen-tsuyosa-nj0152-51x-green-dial-automatic-watch-1-2616.webp","Citizen Promaster NY0120-01E","65,990"
"1784078709-1459","https://www.olizstore.com/brands","https://www.olizstore.com/brand/citizen-watches-price-in-nepal","https://www.olizstore.com/product/citizen-tsuyosa-nk0024-54x","https://wsrv.nl/?w=560&url=https://cdn2.blanxer.com/uploads/682feff88c633f25b4c7ce32/product_image-citizen-tsuyosa-nj0152-51x-green-dial-automatic-watch-1-2616.webp","Citizen Tsuyosa NK0024-54X","90,000"
"1784078711-1460","https://www.olizstore.com/brands","https://www.olizstore.com/brand/citizen-watches-price-in-nepal","https://www.olizstore.com/product/citizen-tsuyosa-nk0023-57l","https://wsrv.nl/?w=560&url=https://cdn2.blanxer.com/uploads/682feff88c633f25b4c7ce32/product_image-citizen-tsuyosa-nj0152-51x-green-dial-automatic-watch-1-2616.webp","Citizen Tsuyosa NK0023-57L","89,990"
"1784078713-1461","https://www.olizstore.com/brands","https://www.olizstore.com/brand/citizen-watches-price-in-nepal","https://www.olizstore.com/product/citizen-tsuyosa-nk0020-55e","https://wsrv.nl/?w=560&url=https://cdn2.blanxer.com/uploads/682feff88c633f25b4c7ce32/product_image-citizen-tsuyosa-nj0152-51x-green-dial-automatic-watch-1-2616.webp","Citizen Tsuyosa NK0020-55E","81,990"
"1784078716-1462","https://www.olizstore.com/brands","https://www.olizstore.com/brand/citizen-watches-price-in-nepal","https://www.olizstore.com/product/citizen-automatic-watch-nk0000-95l","https://wsrv.nl/?w=560&url=https://cdn2.blanxer.com/uploads/682feff88c633f25b4c7ce32/product_image-citizen-tsuyosa-nj0152-51x-green-dial-automatic-watch-1-2616.webp","Citizen Automatic Watch NK0000-95L","87,990"
"1784078718-1463","https://www.olizstore.com/brands","https://www.olizstore.com/brand/citizen-watches-price-in-nepal","https://www.olizstore.com/product/citizen-promaster-marine-sea-auto-42mm-ny0040-09ee","https://wsrv.nl/?w=560&url=https://cdn2.blanxer.com/uploads/682feff88c633f25b4c7ce32/product_image-citizen-tsuyosa-nj0152-51x-green-dial-automatic-watch-1-2616.webp","Citizen Promaster Marine Sea Auto 42mm NY0040-09EE","59,990"
"1784078720-1464","https://www.olizstore.com/brands","https://www.olizstore.com/brand/citizen-watches-price-in-nepal","https://www.olizstore.com/product/citizen-tsuyosa-shore-40mm-nj0234-58x","https://wsrv.nl/?w=560&url=https://cdn2.blanxer.com/uploads/682feff88c633f25b4c7ce32/product_image-citizen-tsuyosa-nj0152-51x-green-dial-automatic-watch-1-2616.webp","Citizen Tsuyosa Shore 40mm NJ0234-58X","89,990"
"1784078722-1465","https://www.olizstore.com/brands","https://www.olizstore.com/brand/citizen-watches-price-in-nepal","https://www.olizstore.com/product/citizen-tsuyosa-40mm-shore-nj0232-53x","https://wsrv.nl/?w=560&url=https://cdn2.blanxer.com/uploads/682feff88c633f25b4c7ce32/product_image-citizen-tsuyosa-nj0152-51x-green-dial-automatic-watch-1-2616.webp","Citizen Tsuyosa 40mm Shore NJ0232-53X","91,990"
"1784078725-1466","https://www.olizstore.com/brands","https://www.olizstore.com/brand/citizen-watches-price-in-nepal","https://www.olizstore.com/product/citizen-tsuyosa-shore-40mm-nj0231-56l","https://wsrv.nl/?w=560&url=https://cdn2.blanxer.com/uploads/682feff88c633f25b4c7ce32/product_image-citizen-tsuyosa-nj0152-51x-green-dial-automatic-watch-1-2616.webp","Citizen Tsuyosa Shore 40mm NJ0231-56L","83,990"
"1784078727-1467","https://www.olizstore.com/brands","https://www.olizstore.com/brand/citizen-watches-price-in-nepal","https://www.olizstore.com/product/citizen-tsuyosa-shore-40mm-nj0230-59l","https://wsrv.nl/?w=560&url=https://cdn2.blanxer.com/uploads/682feff88c633f25b4c7ce32/product_image-citizen-tsuyosa-nj0152-51x-green-dial-automatic-watch-1-2616.webp","Citizen Tsuyosa Shore 40mm NJ0230-59L","83,990"
"1784078729-1468","https://www.olizstore.com/brands","https://www.olizstore.com/brand/citizen-watches-price-in-nepal","https://www.olizstore.com/product/citizen-tsuyosa-37mm-nj0200-50z","https://wsrv.nl/?w=560&url=https://cdn2.blanxer.com/uploads/682feff88c633f25b4c7ce32/product_image-citizen-tsuyosa-nj0152-51x-green-dial-automatic-watch-1-2616.webp","Citizen Tsuyosa 37mm NJ0200-50Z","65,000"
"1784078731-1469","https://www.olizstore.com/brands","https://www.olizstore.com/brand/citizen-watches-price-in-nepal","https://www.olizstore.com/product/citizen-tsuyosa-37mm-nj0200-50x","https://wsrv.nl/?w=560&url=https://cdn2.blanxer.com/uploads/682feff88c633f25b4c7ce32/product_image-citizen-tsuyosa-nj0152-51x-green-dial-automatic-watch-1-2616.webp","Citizen Tsuyosa 37mm NJ0200-50X","65,000"
"1784078733-1470","https://www.olizstore.com/brands","https://www.olizstore.com/brand/citizen-watches-price-in-nepal","https://www.olizstore.com/product/citizen-tsuyosa-37mm-purple-nj0200-50w","https://wsrv.nl/?w=560&url=https://cdn2.blanxer.com/uploads/682feff88c633f25b4c7ce32/product_image-citizen-tsuyosa-nj0152-51x-green-dial-automatic-watch-1-2616.webp","Citizen Tsuyosa 37mm Purple NJ0200-50W","70,000"
"1784078736-1471","https://www.olizstore.com/brands","https://www.olizstore.com/brand/citizen-watches-price-in-nepal","https://www.olizstore.com/product/citizen-tsuyosa-37mm-blue-nj0200-50m","https://wsrv.nl/?w=560&url=https://cdn2.blanxer.com/uploads/682feff88c633f25b4c7ce32/product_image-citizen-tsuyosa-nj0152-51x-green-dial-automatic-watch-1-2616.webp","Citizen Tsuyosa 37mm Blue NJ0200-50M","70,000"
"1784078738-1472","https://www.olizstore.com/brands","https://www.olizstore.com/brand/citizen-watches-price-in-nepal","https://www.olizstore.com/product/citizen-tsuyosa-37mm-nj0200-50l","https://wsrv.nl/?w=560&url=https://cdn2.blanxer.com/uploads/682feff88c633f25b4c7ce32/product_image-citizen-tsuyosa-nj0152-51x-green-dial-automatic-watch-1-2616.webp","Citizen Tsuyosa 37mm NJ0200-50L","59,990"
"1784078740-1473","https://www.olizstore.com/brands","https://www.olizstore.com/brand/citizen-watches-price-in-nepal","https://www.olizstore.com/product/citizen-urban-military-auto-40mm-d.green-nj0190-51x","https://wsrv.nl/?w=560&url=https://cdn2.blanxer.com/uploads/682feff88c633f25b4c7ce32/product_image-citizen-tsuyosa-nj0152-51x-green-dial-automatic-watch-1-2616.webp","Citizen Urban Military Auto 40mm D.Green NJ0190-51X","48,990"
"1784078742-1474","https://www.olizstore.com/brands","https://www.olizstore.com/brand/citizen-watches-price-in-nepal","https://www.olizstore.com/product/citizen-urban-military-auto-40mm-green-nj0190-51e","https://wsrv.nl/?w=560&url=https://cdn2.blanxer.com/uploads/682feff88c633f25b4c7ce32/product_image-citizen-tsuyosa-nj0152-51x-green-dial-automatic-watch-1-2616.webp","Citizen Urban Military Auto 40mm Green NJ0190-51E","48,990"
"1784078745-1475","https://www.olizstore.com/brands","https://www.olizstore.com/brand/citizen-watches-price-in-nepal","https://www.olizstore.com/product/citizen-urban-military-auto-40mm-black-nj0190-51a","https://wsrv.nl/?w=560&url=https://cdn2.blanxer.com/uploads/682feff88c633f25b4c7ce32/product_image-citizen-tsuyosa-nj0152-51x-green-dial-automatic-watch-1-2616.webp","Citizen Urban Military Auto 40mm Black NJ0190-51A","48,990"
"1784078747-1476","https://www.olizstore.com/brands","https://www.olizstore.com/brand/citizen-watches-price-in-nepal","https://www.olizstore.com/product/citizen-super-titanium-auto-41mm-green-nj0180-80x","https://wsrv.nl/?w=560&url=https://cdn2.blanxer.com/uploads/682feff88c633f25b4c7ce32/product_image-citizen-tsuyosa-nj0152-51x-green-dial-automatic-watch-1-2616.webp","Citizen Super Titanium Auto 41mm Green NJ0180-80X","94,500"
"1784078751-1477","https://www.olizstore.com/brands","https://www.olizstore.com/brand/citizen-watches-price-in-nepal","https://www.olizstore.com/product/citizen-super-titanium-auto-41mm-tiffany-nj0180-80m","https://wsrv.nl/?w=560&url=https://cdn2.blanxer.com/uploads/682feff88c633f25b4c7ce32/product_image-citizen-tsuyosa-nj0152-51x-green-dial-automatic-watch-1-2616.webp","Citizen Super Titanium Auto 41mm Tiffany NJ0180-80M","94,500"
"1784078753-1478","https://www.olizstore.com/brands","https://www.olizstore.com/brand/citizen-watches-price-in-nepal","https://www.olizstore.com/product/citizen-super-titanium-auto-41mm-blue-nj0180-80l","https://wsrv.nl/?w=560&url=https://cdn2.blanxer.com/uploads/682feff88c633f25b4c7ce32/product_image-citizen-tsuyosa-nj0152-51x-green-dial-automatic-watch-1-2616.webp","Citizen Super Titanium Auto 41mm Blue NJ0180-80L","99,000"
"1784078755-1479","https://www.olizstore.com/brands","https://www.olizstore.com/brand/citizen-watches-price-in-nepal","https://www.olizstore.com/product/citizen-super-titanium-auto-41mm-white-nj0180-80a","https://wsrv.nl/?w=560&url=https://cdn2.blanxer.com/uploads/682feff88c633f25b4c7ce32/product_image-citizen-tsuyosa-nj0152-51x-green-dial-automatic-watch-1-2616.webp","Citizen Super Titanium Auto 41mm White NJ0180-80A","94,500"
"1784078757-1480","https://www.olizstore.com/brands","https://www.olizstore.com/brand/citizen-watches-price-in-nepal","https://www.olizstore.com/product/citizen-automatic-nj0177-84x","https://wsrv.nl/?w=560&url=https://cdn2.blanxer.com/uploads/682feff88c633f25b4c7ce32/product_image-citizen-tsuyosa-nj0152-51x-green-dial-automatic-watch-1-2616.webp","Citizen Automatic NJ0177-84X","73,990"
"1784078760-1481","https://www.olizstore.com/brands","https://www.olizstore.com/brand/citizen-watches-price-in-nepal","https://www.olizstore.com/product/citizen-automatic-nj0170-83x","https://wsrv.nl/?w=560&url=https://cdn2.blanxer.com/uploads/682feff88c633f25b4c7ce32/product_image-citizen-tsuyosa-nj0152-51x-green-dial-automatic-watch-1-2616.webp","Citizen Automatic NJ0170-83X","64,990"
"1784078762-1482","https://www.olizstore.com/brands","https://www.olizstore.com/brand/citizen-watches-price-in-nepal","https://www.olizstore.com/product/citizen-tsuyosa-nj0158-89z","https://wsrv.nl/?w=560&url=https://cdn2.blanxer.com/uploads/682feff88c633f25b4c7ce32/product_image-citizen-tsuyosa-nj0152-51x-green-dial-automatic-watch-1-2616.webp","Citizen Tsuyosa NJ0158-89Z","69,990"
"1784078764-1483","https://www.olizstore.com/brands","https://www.olizstore.com/brand/citizen-watches-price-in-nepal","https://www.olizstore.com/product/citizen-tsuyosa-nj0158-89y","https://wsrv.nl/?w=560&url=https://cdn2.blanxer.com/uploads/682feff88c633f25b4c7ce32/product_image-citizen-tsuyosa-nj0152-51x-green-dial-automatic-watch-1-2616.webp","Citizen Tsuyosa NJ0158-89Y","69,990"
"1784078767-1484","https://www.olizstore.com/brands","https://www.olizstore.com/brand/citizen-watches-price-in-nepal","https://www.olizstore.com/product/citizen-tsuyosa-nj0158-89x","https://wsrv.nl/?w=560&url=https://cdn2.blanxer.com/uploads/682feff88c633f25b4c7ce32/product_image-citizen-tsuyosa-nj0152-51x-green-dial-automatic-watch-1-2616.webp","Citizen Tsuyosa NJ0158-89X","69,990"
"1784078769-1485","https://www.olizstore.com/brands","https://www.olizstore.com/brand/citizen-watches-price-in-nepal","https://www.olizstore.com/product/citizen-tsuyosa-nj0158-89w","https://wsrv.nl/?w=560&url=https://cdn2.blanxer.com/uploads/682feff88c633f25b4c7ce32/product_image-citizen-tsuyosa-nj0152-51x-green-dial-automatic-watch-1-2616.webp","Citizen Tsuyosa NJ0158-89W","69,990"
"1784078772-1486","https://www.olizstore.com/brands","https://www.olizstore.com/brand/citizen-watches-price-in-nepal","https://www.olizstore.com/product/citizen-tsuyosa-nj0158-89l","https://wsrv.nl/?w=560&url=https://cdn2.blanxer.com/uploads/682feff88c633f25b4c7ce32/product_image-citizen-tsuyosa-nj0152-51x-green-dial-automatic-watch-1-2616.webp","Citizen Tsuyosa NJ0158-89L","69,990"
"1784078774-1487","https://www.olizstore.com/brands","https://www.olizstore.com/brand/citizen-watches-price-in-nepal","https://www.olizstore.com/product/citizen-tsuyosa-nj0154-80h","https://wsrv.nl/?w=560&url=https://cdn2.blanxer.com/uploads/682feff88c633f25b4c7ce32/product_image-citizen-tsuyosa-nj0152-51x-green-dial-automatic-watch-1-2616.webp","Citizen Tsuyosa NJ0154-80H","72,000"
"1784078776-1488","https://www.olizstore.com/brands","https://www.olizstore.com/brand/citizen-watches-price-in-nepal","https://www.olizstore.com/product/citizen-tsuyosa-nj0153-82x","https://wsrv.nl/?w=560&url=https://cdn2.blanxer.com/uploads/682feff88c633f25b4c7ce32/product_image-citizen-tsuyosa-nj0152-51x-green-dial-automatic-watch-1-2616.webp","Citizen Tsuyosa NJ0153-82X","65,900"
"1784078778-1489","https://www.olizstore.com/brands","https://www.olizstore.com/brand/citizen-watches-price-in-nepal","https://www.olizstore.com/product/citizen-tsuyosa-40mm-teal-nj0151-88x","https://wsrv.nl/?w=560&url=https://cdn2.blanxer.com/uploads/682feff88c633f25b4c7ce32/product_image-citizen-tsuyosa-nj0152-51x-green-dial-automatic-watch-1-2616.webp","Citizen Tsuyosa 40mm Teal NJ0151-88X","68,000"
"1784078781-1490","https://www.olizstore.com/brands","https://www.olizstore.com/brand/citizen-watches-price-in-nepal","https://www.olizstore.com/product/citizen-tsuyosa-40mm-nj0151-88m","https://wsrv.nl/?w=560&url=https://cdn2.blanxer.com/uploads/682feff88c633f25b4c7ce32/product_image-citizen-tsuyosa-nj0152-51x-green-dial-automatic-watch-1-2616.webp","Citizen Tsuyosa 40mm NJ0151-88M","65,000"
"1784078783-1491","https://www.olizstore.com/brands","https://www.olizstore.com/brand/citizen-watches-price-in-nepal","https://www.olizstore.com/product/citizen-tsuyosa-40mm-nj0151-88l","https://wsrv.nl/?w=560&url=https://cdn2.blanxer.com/uploads/682feff88c633f25b4c7ce32/product_image-citizen-tsuyosa-nj0152-51x-green-dial-automatic-watch-1-2616.webp","Citizen Tsuyosa 40mm NJ0151-88L","59,990"
"1784078785-1492","https://www.olizstore.com/brands","https://www.olizstore.com/brand/citizen-watches-price-in-nepal","https://www.olizstore.com/product/citizen-tsuyosa-40mm-white-nj0151-53w","https://wsrv.nl/?w=560&url=https://cdn2.blanxer.com/uploads/682feff88c633f25b4c7ce32/product_image-citizen-tsuyosa-nj0152-51x-green-dial-automatic-watch-1-2616.webp","Citizen Tsuyosa 40mm White NJ0151-53W","63,990"
"1784078787-1493","https://www.olizstore.com/brands","https://www.olizstore.com/brand/citizen-watches-price-in-nepal","https://www.olizstore.com/product/citizen-tsuyosa-40mm-yellow-nj0150-81z","https://wsrv.nl/?w=560&url=https://cdn2.blanxer.com/uploads/682feff88c633f25b4c7ce32/product_image-citizen-tsuyosa-nj0152-51x-green-dial-automatic-watch-1-2616.webp","Citizen Tsuyosa 40mm Yellow NJ0150-81Z","65,000"
"1784078789-1494","https://www.olizstore.com/brands","https://www.olizstore.com/brand/citizen-watches-price-in-nepal","https://www.olizstore.com/product/citizen-tsuyosa-40mm-nj0150-81x","https://wsrv.nl/?w=560&url=https://cdn2.blanxer.com/uploads/682feff88c633f25b4c7ce32/product_image-citizen-tsuyosa-nj0152-51x-green-dial-automatic-watch-1-2616.webp","Citizen Tsuyosa 40mm NJ0150-81X","65,000"
"1784078792-1495","https://www.olizstore.com/brands","https://www.olizstore.com/brand/citizen-watches-price-in-nepal","https://www.olizstore.com/product/citizen-tsuyosa-40mm-blue-nj0150-81l","https://wsrv.nl/?w=560&url=https://cdn2.blanxer.com/uploads/682feff88c633f25b4c7ce32/product_image-citizen-tsuyosa-nj0152-51x-green-dial-automatic-watch-1-2616.webp","Citizen Tsuyosa 40mm Blue NJ0150-81L","65,000"
"1784078794-1496","https://www.olizstore.com/brands","https://www.olizstore.com/brand/citizen-watches-price-in-nepal","https://www.olizstore.com/product/citizen-nb1-nb1055-04w","https://wsrv.nl/?w=560&url=https://cdn2.blanxer.com/uploads/682feff88c633f25b4c7ce32/product_image-citizen-tsuyosa-nj0152-51x-green-dial-automatic-watch-1-2616.webp","Citizen NB1 NB1055-04W","1,12,900"
"1784078796-1497","https://www.olizstore.com/brands","https://www.olizstore.com/brand/citizen-watches-price-in-nepal","https://www.olizstore.com/product/citizen-nb1-nb1054-58e","https://wsrv.nl/?w=560&url=https://cdn2.blanxer.com/uploads/682feff88c633f25b4c7ce32/product_image-citizen-tsuyosa-nj0152-51x-green-dial-automatic-watch-1-2616.webp","Citizen NB1 NB1054-58E","1,28,900"
"1784078798-1498","https://www.olizstore.com/brands","https://www.olizstore.com/brand/citizen-watches-price-in-nepal","https://www.olizstore.com/product/citizen-nb1-nb1051-56w","https://wsrv.nl/?w=560&url=https://cdn2.blanxer.com/uploads/682feff88c633f25b4c7ce32/product_image-citizen-tsuyosa-nj0152-51x-green-dial-automatic-watch-1-2616.webp","Citizen NB1 NB1051-56W","1,12,900"
"1784078800-1499","https://www.olizstore.com/brands","https://www.olizstore.com/brand/citizen-watches-price-in-nepal","https://www.olizstore.com/product/citizen-eco-drive-ladies-31.5mm-ew2621-75m","https://wsrv.nl/?w=560&url=https://cdn2.blanxer.com/uploads/682feff88c633f25b4c7ce32/product_image-citizen-tsuyosa-nj0152-51x-green-dial-automatic-watch-1-2616.webp","Citizen Eco-Drive Ladies 31.5mm EW2621-75M","35,990"
"1784078803-1500","https://www.olizstore.com/brands","https://www.olizstore.com/brand/citizen-watches-price-in-nepal","https://www.olizstore.com/product/citizen-eco-drive-eo2027-50z","https://wsrv.nl/?w=560&url=https://cdn2.blanxer.com/uploads/682feff88c633f25b4c7ce32/product_image-citizen-tsuyosa-nj0152-51x-green-dial-automatic-watch-1-2616.webp","Citizen Eco-Drive EO2027-50Z","69,500"
"1784078805-1501","https://www.olizstore.com/brands","https://www.olizstore.com/brand/citizen-watches-price-in-nepal","https://www.olizstore.com/product/citizen-eco-drive-eo2027-50x","https://wsrv.nl/?w=560&url=https://cdn2.blanxer.com/uploads/682feff88c633f25b4c7ce32/product_image-citizen-tsuyosa-nj0152-51x-green-dial-automatic-watch-1-2616.webp","Citizen Eco-Drive EO2027-50X","69,500"
"1784078807-1502","https://www.olizstore.com/brands","https://www.olizstore.com/brand/citizen-watches-price-in-nepal","https://www.olizstore.com/product/citizen-eco-drive-eo2027-09l","https://wsrv.nl/?w=560&url=https://cdn2.blanxer.com/uploads/682feff88c633f25b4c7ce32/product_image-citizen-tsuyosa-nj0152-51x-green-dial-automatic-watch-1-2616.webp","Citizen Eco-Drive EO2027-09L","69,500"
"1784078810-1503","https://www.olizstore.com/brands","https://www.olizstore.com/brand/citizen-watches-price-in-nepal","https://www.olizstore.com/product/citizen-zenshin-senkei-ca4691-59l","https://wsrv.nl/?w=560&url=https://cdn2.blanxer.com/uploads/682feff88c633f25b4c7ce32/product_image-citizen-tsuyosa-nj0152-51x-green-dial-automatic-watch-1-2616.webp","Citizen Zenshin Senkei CA4691-59L","1,04,500"
"1784078812-1504","https://www.olizstore.com/brands","https://www.olizstore.com/brand/citizen-watches-price-in-nepal","https://www.olizstore.com/product/citizen-super-ti-chrono-43mm-ca4610-85m","https://wsrv.nl/?w=560&url=https://cdn2.blanxer.com/uploads/682feff88c633f25b4c7ce32/product_image-citizen-tsuyosa-nj0152-51x-green-dial-automatic-watch-1-2616.webp","Citizen Super Ti Chrono 43mm CA4610-85M","94,500"
"1784078814-1505","https://www.olizstore.com/brands","https://www.olizstore.com/brand/citizen-watches-price-in-nepal","https://www.olizstore.com/product/citizen-eco-drive-chrono-ca4610-85a","https://wsrv.nl/?w=560&url=https://cdn2.blanxer.com/uploads/682feff88c633f25b4c7ce32/product_image-citizen-tsuyosa-nj0152-51x-green-dial-automatic-watch-1-2616.webp","Citizen Eco-Drive Chrono CA4610-85A","94,500"
"1784078816-1506","https://www.olizstore.com/brands","https://www.olizstore.com/brand/citizen-watches-price-in-nepal","https://www.olizstore.com/product/citizen-beginning-blue-eco-drive-chronograph-ca0770-72m","https://wsrv.nl/?w=560&url=https://cdn2.blanxer.com/uploads/682feff88c633f25b4c7ce32/product_image-citizen-tsuyosa-nj0152-51x-green-dial-automatic-watch-1-2616.webp","Citizen Beginning Blue Eco-Drive Chronograph CA0770-72M","68,990"
"1784078819-1507","https://www.olizstore.com/brands","https://www.olizstore.com/brand/citizen-watches-price-in-nepal","https://www.olizstore.com/product/citizen-promaster-eco-drive-bn0269-50w","https://wsrv.nl/?w=560&url=https://cdn2.blanxer.com/uploads/682feff88c633f25b4c7ce32/product_image-citizen-tsuyosa-nj0152-51x-green-dial-automatic-watch-1-2616.webp","Citizen Promaster Eco-Drive BN0269-50W","81,990"
"1784078821-1508","https://www.olizstore.com/brands","https://www.olizstore.com/brand/citizen-watches-price-in-nepal","https://www.olizstore.com/product/citizen-promaster-eco-drive-bn0261-51e","https://wsrv.nl/?w=560&url=https://cdn2.blanxer.com/uploads/682feff88c633f25b4c7ce32/product_image-citizen-tsuyosa-nj0152-51x-green-dial-automatic-watch-1-2616.webp","Citizen Promaster Eco-Drive BN0261-51E","90,000"
"1784078823-1509","https://www.olizstore.com/brands","https://www.olizstore.com/brand/citizen-watches-price-in-nepal","https://www.olizstore.com/product/citizen-star-wars-an3662-51w","https://wsrv.nl/?w=560&url=https://cdn2.blanxer.com/uploads/682feff88c633f25b4c7ce32/product_image-citizen-tsuyosa-nj0152-51x-green-dial-automatic-watch-1-2616.webp","Citizen Star Wars AN3662-51W","84,990"
"1784078825-1510","https://www.olizstore.com/brands","https://www.olizstore.com/brand/citizen-watches-price-in-nepal","https://www.olizstore.com/product/citizen-promaster-eco-drive-bn0260-54l","https://wsrv.nl/?w=560&url=https://cdn2.blanxer.com/uploads/682feff88c633f25b4c7ce32/product_image-citizen-tsuyosa-nj0152-51x-green-dial-automatic-watch-1-2616.webp","Citizen Promaster Eco-Drive BN0260-54L","81,990"
"1784078828-1511","https://www.olizstore.com/brands","https://www.olizstore.com/brand/citizen-watches-price-in-nepal","https://www.olizstore.com/product/citizen-star-wars-an3666-51a","https://wsrv.nl/?w=560&url=https://cdn2.blanxer.com/uploads/682feff88c633f25b4c7ce32/product_image-citizen-tsuyosa-nj0152-51x-green-dial-automatic-watch-1-2616.webp","Citizen Star Wars AN3666-51A","74,990"
"1784078830-1512","https://www.olizstore.com/brands","https://www.olizstore.com/brand/citizen-watches-price-in-nepal","https://www.olizstore.com/product/citizen-super-ti-eco-drive-42mm-blue-bm8560-88le","https://wsrv.nl/?w=560&url=https://cdn2.blanxer.com/uploads/682feff88c633f25b4c7ce32/product_image-citizen-tsuyosa-nj0152-51x-green-dial-automatic-watch-1-2616.webp","Citizen Super Ti Eco-Drive 42mm Blue BM8560-88LE","54,990"
"1784078832-1513","https://www.olizstore.com/brands","https://www.olizstore.com/brand/citizen-watches-price-in-nepal","https://www.olizstore.com/product/citizen-star-wars-an3668-55w","https://wsrv.nl/?w=560&url=https://cdn2.blanxer.com/uploads/682feff88c633f25b4c7ce32/product_image-citizen-tsuyosa-nj0152-51x-green-dial-automatic-watch-1-2616.webp","Citizen Star Wars AN3668-55W","67,000"
"1784078834-1514","https://www.olizstore.com/brands","https://www.olizstore.com/brand/citizen-watches-price-in-nepal","https://www.olizstore.com/product/citizen-star-wars-an3669-52e","https://wsrv.nl/?w=560&url=https://cdn2.blanxer.com/uploads/682feff88c633f25b4c7ce32/product_image-citizen-tsuyosa-nj0152-51x-green-dial-automatic-watch-1-2616.webp","Citizen Star Wars AN3669-52E","74,990"
"1784078837-1515","https://www.olizstore.com/brands","https://www.olizstore.com/brand/citizen-watches-price-in-nepal","https://www.olizstore.com/product/citizen-eco-drive-at2585-08e","https://wsrv.nl/?w=560&url=https://cdn2.blanxer.com/uploads/682feff88c633f25b4c7ce32/product_image-citizen-tsuyosa-nj0152-51x-green-dial-automatic-watch-1-2616.webp","Citizen Eco-Drive AT2585-08E","68,990"
"1784078839-1516","https://www.olizstore.com/brands","https://www.olizstore.com/brand/citizen-watches-price-in-nepal","https://www.olizstore.com/product/citizen-super-ti-eco-drive-42mm-black-bm8560-11xe","https://wsrv.nl/?w=560&url=https://cdn2.blanxer.com/uploads/682feff88c633f25b4c7ce32/product_image-citizen-tsuyosa-nj0152-51x-green-dial-automatic-watch-1-2616.webp","Citizen Super Ti Eco-Drive 42mm Black BM8560-11XE","49,990"
"1784078841-1517","https://www.olizstore.com/brands","https://www.olizstore.com/brand/citizen-watches-price-in-nepal","https://www.olizstore.com/product/citizen-eco-drive-at2586-05e","https://wsrv.nl/?w=560&url=https://cdn2.blanxer.com/uploads/682feff88c633f25b4c7ce32/product_image-citizen-tsuyosa-nj0152-51x-green-dial-automatic-watch-1-2616.webp","Citizen Eco-Drive AT2586-05E","68,990"
"1784078843-1518","https://www.olizstore.com/brands","https://www.olizstore.com/brand/citizen-watches-price-in-nepal","https://www.olizstore.com/product/citizen-eco-drive-sport-41mm-blue-bm7631-52l","https://wsrv.nl/?w=560&url=https://cdn2.blanxer.com/uploads/682feff88c633f25b4c7ce32/product_image-citizen-tsuyosa-nj0152-51x-green-dial-automatic-watch-1-2616.webp","Citizen Eco-Drive Sport 41mm Blue BM7631-52L","43,990"
"1784078845-1519","https://www.olizstore.com/brands","https://www.olizstore.com/brand/citizen-watches-price-in-nepal","https://www.olizstore.com/product/citizen-eco-drive-sport-41mm-black-bm7631-52e","https://wsrv.nl/?w=560&url=https://cdn2.blanxer.com/uploads/682feff88c633f25b4c7ce32/product_image-citizen-tsuyosa-nj0152-51x-green-dial-automatic-watch-1-2616.webp","Citizen Eco-Drive Sport 41mm Black BM7631-52E","43,990"
"1784078848-1520","https://www.olizstore.com/brands","https://www.olizstore.com/brand/citizen-watches-price-in-nepal","https://www.olizstore.com/product/citizen-eco-drive-40mm-bm6756-01a","https://wsrv.nl/?w=560&url=https://cdn2.blanxer.com/uploads/682feff88c633f25b4c7ce32/product_image-citizen-tsuyosa-nj0152-51x-green-dial-automatic-watch-1-2616.webp","Citizen Eco-Drive 40mm BM6756-01A","39,990"
"1784078850-1521","https://www.olizstore.com/brands","https://www.olizstore.com/brand/citizen-watches-price-in-nepal","https://www.olizstore.com/product/citizen-eco-drive-sport-37mm-aw1821-89l","https://wsrv.nl/?w=560&url=https://cdn2.blanxer.com/uploads/682feff88c633f25b4c7ce32/product_image-citizen-tsuyosa-nj0152-51x-green-dial-automatic-watch-1-2616.webp","Citizen Eco-Drive Sport 37mm AW1821-89L","37,990"
"1784078852-1522","https://www.olizstore.com/brands","https://www.olizstore.com/brand/citizen-watches-price-in-nepal","https://www.olizstore.com/product/citizen-eco-drive-sport-42mm-aw1816-89x","https://wsrv.nl/?w=560&url=https://cdn2.blanxer.com/uploads/682feff88c633f25b4c7ce32/product_image-citizen-tsuyosa-nj0152-51x-green-dial-automatic-watch-1-2616.webp","Citizen Eco-Drive Sport 42mm AW1816-89X","29,990"
"1784078854-1523","https://www.olizstore.com/brands","https://www.olizstore.com/brand/citizen-watches-price-in-nepal","https://www.olizstore.com/product/citizen-eco-drive-sport-42mm-blue-aw1816-89l","https://wsrv.nl/?w=560&url=https://cdn2.blanxer.com/uploads/682feff88c633f25b4c7ce32/product_image-citizen-tsuyosa-nj0152-51x-green-dial-automatic-watch-1-2616.webp","Citizen Eco-Drive Sport 42mm Blue AW1816-89L","33,990"
"1784078856-1524","https://www.olizstore.com/brands","https://www.olizstore.com/brand/citizen-watches-price-in-nepal","https://www.olizstore.com/product/citizen-eco-drive-military-41mm-blue-aw1571-76l","https://wsrv.nl/?w=560&url=https://cdn2.blanxer.com/uploads/682feff88c633f25b4c7ce32/product_image-citizen-tsuyosa-nj0152-51x-green-dial-automatic-watch-1-2616.webp","Citizen Eco-Drive Military 41mm Blue AW1571-76L","39,990"
"1784078859-1525","https://www.olizstore.com/brands","https://www.olizstore.com/brand/citizen-watches-price-in-nepal","https://www.olizstore.com/product/citizen-eco-drive-military-41mm-black-aw1571-09a","https://wsrv.nl/?w=560&url=https://cdn2.blanxer.com/uploads/682feff88c633f25b4c7ce32/product_image-citizen-tsuyosa-nj0152-51x-green-dial-automatic-watch-1-2616.webp","Citizen Eco-Drive Military 41mm Black AW1571-09A","36,990"
"1784078861-1526","https://www.olizstore.com/brands","https://www.olizstore.com/brand/citizen-watches-price-in-nepal","https://www.olizstore.com/product/citizen-eco-drive-aw0130-85z","https://wsrv.nl/?w=560&url=https://cdn2.blanxer.com/uploads/682feff88c633f25b4c7ce32/product_image-citizen-tsuyosa-nj0152-51x-green-dial-automatic-watch-1-2616.webp","Citizen Eco-Drive AW0130-85Z","81,990"
"1784078863-1527","https://www.olizstore.com/brands","https://www.olizstore.com/brand/citizen-watches-price-in-nepal","https://www.olizstore.com/product/citizen-tsuyosa-60-small-second-nk5010-51x","https://wsrv.nl/?w=560&url=https://cdn2.blanxer.com/uploads/682feff88c633f25b4c7ce32/product_image-citizen-tsuyosa-nj0152-51x-green-dial-automatic-watch-1-2616.webp","Citizen TSUYOSA 60 Small Second NK5010-51X","82,000"
"1784078865-1528","https://www.olizstore.com/brands","https://www.olizstore.com/brand/citizen-watches-price-in-nepal","https://www.olizstore.com/product/citizen-tsuyosa-60-small-second-nk5010-51l","https://wsrv.nl/?w=560&url=https://cdn2.blanxer.com/uploads/682feff88c633f25b4c7ce32/product_image-citizen-tsuyosa-nj0152-51x-green-dial-automatic-watch-1-2616.webp","Citizen TSUYOSA 60 Small Second NK5010-51L","82,000"
"1784078867-1529","https://www.olizstore.com/brands","https://www.olizstore.com/brand/citizen-watches-price-in-nepal","https://www.olizstore.com/product/citizen-an8234-58x-men's-quartz-chronograph-watch","https://wsrv.nl/?w=560&url=https://cdn2.blanxer.com/uploads/682feff88c633f25b4c7ce32/product_image-citizen-tsuyosa-nj0152-51x-green-dial-automatic-watch-1-2616.webp","Citizen AN8234-58X Men's Quartz Chronograph Watch","42,000"
"1784078870-1530","https://www.olizstore.com/brands","https://www.olizstore.com/brand/citizen-watches-price-in-nepal","https://www.olizstore.com/product/citizen-nh8391-51a-automatic-watch","https://wsrv.nl/?w=560&url=https://cdn2.blanxer.com/uploads/682feff88c633f25b4c7ce32/product_image-citizen-tsuyosa-nj0152-51x-green-dial-automatic-watch-1-2616.webp","Citizen NH8391-51A Automatic Watch","67,000"
"1784078872-1531","https://www.olizstore.com/brands","https://www.olizstore.com/brand/citizen-watches-price-in-nepal","https://www.olizstore.com/product/citizen-kii-eg2790-12a-eco-drive-ladies-watch","https://wsrv.nl/?w=560&url=https://cdn2.blanxer.com/uploads/682feff88c633f25b4c7ce32/product_image-citizen-tsuyosa-nj0152-51x-green-dial-automatic-watch-1-2616.webp","Citizen Kii EG2790-12A Eco-Drive Ladies Watch","58,500"
"1784078874-1532","https://www.olizstore.com/brands","https://www.olizstore.com/brand/citizen-watches-price-in-nepal","https://www.olizstore.com/product/citizen-nj0240-55a-automatic-men's-watch","https://wsrv.nl/?w=560&url=https://cdn2.blanxer.com/uploads/682feff88c633f25b4c7ce32/product_image-citizen-tsuyosa-nj0152-51x-green-dial-automatic-watch-1-2616.webp","Citizen NJ0240-55A Automatic Men's Watch","56,500"
"1784078876-1533","https://www.olizstore.com/brands","https://www.olizstore.com/brand/citizen-watches-price-in-nepal","https://www.olizstore.com/product/citizen-nj0240-55x-automatic-men's-watch","https://wsrv.nl/?w=560&url=https://cdn2.blanxer.com/uploads/682feff88c633f25b4c7ce32/product_image-citizen-tsuyosa-nj0152-51x-green-dial-automatic-watch-1-2616.webp","Citizen NJ0240-55X Automatic Men's Watch","58,500"
"1784078878-1534","https://www.olizstore.com/brands","https://www.olizstore.com/brand/citizen-watches-price-in-nepal","https://www.olizstore.com/product/citizen-nj0240-55e-automatic-men's-watch","https://wsrv.nl/?w=560&url=https://cdn2.blanxer.com/uploads/682feff88c633f25b4c7ce32/product_image-citizen-tsuyosa-nj0152-51x-green-dial-automatic-watch-1-2616.webp","Citizen NJ0240-55E Automatic Men's Watch","56,500"
"1784078881-1535","https://www.olizstore.com/brands","https://www.olizstore.com/brand/citizen-watches-price-in-nepal","https://www.olizstore.com/product/citizen-an3700-54e-quartz-chronograph-men's-watch","https://wsrv.nl/?w=560&url=https://cdn2.blanxer.com/uploads/682feff88c633f25b4c7ce32/product_image-citizen-tsuyosa-nj0152-51x-green-dial-automatic-watch-1-2616.webp","Citizen AN3700-54E Quartz Chronograph Men's Watch","64,500"
"1784078883-1536","https://www.olizstore.com/brands","https://www.olizstore.com/brand/citizen-watches-price-in-nepal","https://www.olizstore.com/product/citizen-bm8560-29ec-eco-drive-super-titaniumtm-men's-watch","https://wsrv.nl/?w=560&url=https://cdn2.blanxer.com/uploads/682feff88c633f25b4c7ce32/product_image-citizen-tsuyosa-nj0152-51x-green-dial-automatic-watch-1-2616.webp","Citizen BM8560-29EC Eco-Drive Super Titanium™ Men's Watch","67,000"
"1784078885-1537","https://www.olizstore.com/brands","https://www.olizstore.com/brand/citizen-watches-price-in-nepal","https://www.olizstore.com/product/citizen-tsuyosa-nj0150-56w-red-dial-automatic-watch","https://wsrv.nl/?w=560&url=https://cdn2.blanxer.com/uploads/682feff88c633f25b4c7ce32/product_image-citizen-tsuyosa-nj0152-51x-green-dial-automatic-watch-1-2616.webp","Citizen Tsuyosa NJ0150-56W Red Dial Automatic Watch","65,900"
"1784078887-1538","https://www.olizstore.com/brands","https://www.olizstore.com/brand/citizen-watches-price-in-nepal","https://www.olizstore.com/product/citizen-tsuyosa-nj0152-51x-green-dial-automatic-watch","https://wsrv.nl/?w=560&url=https://cdn2.blanxer.com/uploads/682feff88c633f25b4c7ce32/product_image-citizen-tsuyosa-nj0152-51x-green-dial-automatic-watch-1-2616.webp","Citizen Tsuyosa NJ0152-51X Green Dial Automatic Watch","68,500"
"1784078893-1539","https://www.olizstore.com/brands","https://www.olizstore.com/brand/charging-station-nepal","https://www.olizstore.com/product/cn2-22kw-ccs-ac-smart-charger-(3-phase-or-wi-fi)","https://wsrv.nl/?w=560&url=https://cdn2.blanxer.com/uploads/682feff88c633f25b4c7ce32/product_image-cn2-22kw-ccs-ac-smart-charger-3-phase-wifi-0016.webp","CN2 22kW CCS AC Smart Charger (3-Phase | Wi-Fi)","85,000"
"1784078896-1540","https://www.olizstore.com/brands","https://www.olizstore.com/brand/charging-station-nepal","https://www.olizstore.com/product/cn2-22kw-ccs-ac-smart-charger-(3-phase-or-4g-+-wi-fi)","https://wsrv.nl/?w=560&url=https://cdn2.blanxer.com/uploads/682feff88c633f25b4c7ce32/product_image-cn2-22kw-ccs-ac-smart-charger-3-phase-wifi-0016.webp","CN2 22kW CCS AC Smart Charger (3-Phase | 4G + Wi-Fi)","94,000"
"1784078898-1541","https://www.olizstore.com/brands","https://www.olizstore.com/brand/charging-station-nepal","https://www.olizstore.com/product/cr1-7kw-ac-ccs-smart-charger","https://wsrv.nl/?w=560&url=https://cdn2.blanxer.com/uploads/682feff88c633f25b4c7ce32/product_image-cn2-22kw-ccs-ac-smart-charger-3-phase-wifi-0016.webp","CR1 7kW AC CCS Smart Charger","55,000"
"1784078900-1542","https://www.olizstore.com/brands","https://www.olizstore.com/brand/charging-station-nepal","https://www.olizstore.com/product/cn1-7kw-ccs-ac-smart-charger","https://wsrv.nl/?w=560&url=https://cdn2.blanxer.com/uploads/682feff88c633f25b4c7ce32/product_image-cn2-22kw-ccs-ac-smart-charger-3-phase-wifi-0016.webp","CN1 7kW CCS AC Smart Charger","69,000"
"1784078902-1543","https://www.olizstore.com/brands","https://www.olizstore.com/brand/charging-station-nepal","https://www.olizstore.com/product/cn2-7kw-ccs-smart-ac-charger","https://wsrv.nl/?w=560&url=https://cdn2.blanxer.com/uploads/682feff88c633f25b4c7ce32/product_image-cn2-22kw-ccs-ac-smart-charger-3-phase-wifi-0016.webp","CN2 7kW CCS Smart AC Charger","79,000"
"1784078912-1544","https://www.olizstore.com/brands","https://www.olizstore.com/brand/bulova-watches-price-in-nepal","https://www.olizstore.com/product/bulova-super-seville-38mm-98b462","https://wsrv.nl/?w=560&url=https://cdn2.blanxer.com/uploads/682feff88c633f25b4c7ce32/product_image-product_image-bulova-watch-price-in-nepal-8346-0512.webp","Bulova Super Seville 38mm 98B462","1,04,500"
"1784078914-1545","https://www.olizstore.com/brands","https://www.olizstore.com/brand/bulova-watches-price-in-nepal","https://www.olizstore.com/product/bulova-super-seville-38mm-98b458","https://wsrv.nl/?w=560&url=https://cdn2.blanxer.com/uploads/682feff88c633f25b4c7ce32/product_image-product_image-bulova-watch-price-in-nepal-8346-0512.webp","Bulova Super Seville 38mm 98B458","1,04,500"
"1784078917-1546","https://www.olizstore.com/brands","https://www.olizstore.com/brand/bulova-watches-price-in-nepal","https://www.olizstore.com/product/bulova-snorkel-%22great-white-shark%22-41mm-98b449","https://wsrv.nl/?w=560&url=https://cdn2.blanxer.com/uploads/682feff88c633f25b4c7ce32/product_image-product_image-bulova-watch-price-in-nepal-8346-0512.webp","Bulova Snorkel “Great White Shark” 41mm 98B449","55,300"
"1784078919-1547","https://www.olizstore.com/brands","https://www.olizstore.com/brand/bulova-watches-price-in-nepal","https://www.olizstore.com/product/bulova-snorkel-%22clownfish%22-41mm-98b448","https://wsrv.nl/?w=560&url=https://cdn2.blanxer.com/uploads/682feff88c633f25b4c7ce32/product_image-product_image-bulova-watch-price-in-nepal-8346-0512.webp","Bulova Snorkel “Clownfish” 41mm 98B448","55,300"
"1784078921-1548","https://www.olizstore.com/brands","https://www.olizstore.com/brand/bulova-watches-price-in-nepal","https://www.olizstore.com/product/bulova-snorkel-%22sea-turtle%22-41mm-98b446","https://wsrv.nl/?w=560&url=https://cdn2.blanxer.com/uploads/682feff88c633f25b4c7ce32/product_image-product_image-bulova-watch-price-in-nepal-8346-0512.webp","Bulova Snorkel “Sea Turtle” 41mm 98B446","55,300"
"1784078924-1549","https://www.olizstore.com/brands","https://www.olizstore.com/brand/bulova-watches-price-in-nepal","https://www.olizstore.com/product/bulova-snorkel-%22blue-tang-fish-41mm-98b445","https://wsrv.nl/?w=560&url=https://cdn2.blanxer.com/uploads/682feff88c633f25b4c7ce32/product_image-product_image-bulova-watch-price-in-nepal-8346-0512.webp","Bulova Snorkel “Blue Tang Fish 41mm 98B445","55,300"
"1784078949-1550","https://www.olizstore.com/brands","https://www.olizstore.com/brand/bulova-watches-price-in-nepal","https://www.olizstore.com/product/bulova-racer-chrono-42mm-98b432","https://wsrv.nl/?w=560&url=https://cdn2.blanxer.com/uploads/682feff88c633f25b4c7ce32/product_image-product_image-bulova-watch-price-in-nepal-8346-0512.webp","Bulova Racer Chrono 42mm 98B432","0"
"1784078962-1551","https://www.olizstore.com/brands","https://www.olizstore.com/brand/bulova-watches-price-in-nepal","https://www.olizstore.com/product/bulova-super-seville-97b242","https://wsrv.nl/?w=560&url=https://cdn2.blanxer.com/uploads/682feff88c633f25b4c7ce32/product_image-product_image-bulova-watch-price-in-nepal-8346-0512.webp","Bulova Super Seville 97B242","1,94,200"
"1784078964-1552","https://www.olizstore.com/brands","https://www.olizstore.com/brand/bulova-watches-price-in-nepal","https://www.olizstore.com/product/bulova-super-seville-97b237","https://wsrv.nl/?w=560&url=https://cdn2.blanxer.com/uploads/682feff88c633f25b4c7ce32/product_image-product_image-bulova-watch-price-in-nepal-8346-0512.webp","Bulova Super Seville 97B237","1,08,400"
"1784078966-1553","https://www.olizstore.com/brands","https://www.olizstore.com/brand/bulova-watches-price-in-nepal","https://www.olizstore.com/product/bulova-tony-bennett-32mm-97b236","https://wsrv.nl/?w=560&url=https://cdn2.blanxer.com/uploads/682feff88c633f25b4c7ce32/product_image-product_image-bulova-watch-price-in-nepal-8346-0512.webp","Bulova Tony Bennett 32mm 97B236","81,900"
"1784078968-1554","https://www.olizstore.com/brands","https://www.olizstore.com/brand/bulova-watches-price-in-nepal","https://www.olizstore.com/product/bulova-surveyor-auto-39mm-97b234","https://wsrv.nl/?w=560&url=https://cdn2.blanxer.com/uploads/682feff88c633f25b4c7ce32/product_image-product_image-bulova-watch-price-in-nepal-8346-0512.webp","Bulova Surveyor Auto 39mm 97B234","76,200"
"1784078971-1555","https://www.olizstore.com/brands","https://www.olizstore.com/brand/bulova-watches-price-in-nepal","https://www.olizstore.com/product/bulova-super-seville-38mm-97b223","https://wsrv.nl/?w=560&url=https://cdn2.blanxer.com/uploads/682feff88c633f25b4c7ce32/product_image-product_image-bulova-watch-price-in-nepal-8346-0512.webp","Bulova Super Seville 38mm 97B223","1,03,600"
"1784078973-1556","https://www.olizstore.com/brands","https://www.olizstore.com/brand/bulova-watches-price-in-nepal","https://www.olizstore.com/product/bulova-klassik-automatik-41mm-97a175","https://wsrv.nl/?w=560&url=https://cdn2.blanxer.com/uploads/682feff88c633f25b4c7ce32/product_image-product_image-bulova-watch-price-in-nepal-8346-0512.webp","Bulova Klassik Automatik 41mm 97A175","78,100"
"1784078975-1557","https://www.olizstore.com/brands","https://www.olizstore.com/brand/bulova-watches-price-in-nepal","https://www.olizstore.com/product/bulova-lunar-pilot-chrono-set-43mm-96k115","https://wsrv.nl/?w=560&url=https://cdn2.blanxer.com/uploads/682feff88c633f25b4c7ce32/product_image-product_image-bulova-watch-price-in-nepal-8346-0512.webp","Bulova Lunar Pilot Chrono Set 43mm 96K115","1,36,800"
"1784078977-1558","https://www.olizstore.com/brands","https://www.olizstore.com/brand/bulova-watches-price-in-nepal","https://www.olizstore.com/product/bulova-lunar-pilot-chrono-set-44mm-96k111","https://wsrv.nl/?w=560&url=https://cdn2.blanxer.com/uploads/682feff88c633f25b4c7ce32/product_image-product_image-bulova-watch-price-in-nepal-8346-0512.webp","Bulova Lunar Pilot Chrono Set 44mm 96K111","1,30,300"
"1784078980-1559","https://www.olizstore.com/brands","https://www.olizstore.com/brand/bulova-watches-price-in-nepal","https://www.olizstore.com/product/bulova-tony-bennett-32mm-96b471","https://wsrv.nl/?w=560&url=https://cdn2.blanxer.com/uploads/682feff88c633f25b4c7ce32/product_image-product_image-bulova-watch-price-in-nepal-8346-0512.webp","Bulova Tony Bennett 32mm 96B471","76,200"
"1784078982-1560","https://www.olizstore.com/brands","https://www.olizstore.com/brand/bulova-watches-price-in-nepal","https://www.olizstore.com/product/bulova-surveyor-auto-39mm-96b470","https://wsrv.nl/?w=560&url=https://cdn2.blanxer.com/uploads/682feff88c633f25b4c7ce32/product_image-product_image-bulova-watch-price-in-nepal-8346-0512.webp","Bulova Surveyor Auto 39mm 96B470","67,500"
"1784078984-1561","https://www.olizstore.com/brands","https://www.olizstore.com/brand/bulova-watches-price-in-nepal","https://www.olizstore.com/product/bulova-surveyor-auto-39mm-96b469","https://wsrv.nl/?w=560&url=https://cdn2.blanxer.com/uploads/682feff88c633f25b4c7ce32/product_image-product_image-bulova-watch-price-in-nepal-8346-0512.webp","Bulova Surveyor Auto 39mm 96B469","62,800"
"1784078986-1562","https://www.olizstore.com/brands","https://www.olizstore.com/brand/bulova-watches-price-in-nepal","https://www.olizstore.com/product/bulova-super-seville-38mm-96b440","https://wsrv.nl/?w=560&url=https://cdn2.blanxer.com/uploads/682feff88c633f25b4c7ce32/product_image-product_image-bulova-watch-price-in-nepal-8346-0512.webp","Bulova Super Seville 38mm 96B440","97,700"
"1784078989-1563","https://www.olizstore.com/brands","https://www.olizstore.com/brand/bulova-watches-price-in-nepal","https://www.olizstore.com/product/bulova-sutton-auto-41.5mm-96b423","https://wsrv.nl/?w=560&url=https://cdn2.blanxer.com/uploads/682feff88c633f25b4c7ce32/product_image-product_image-bulova-watch-price-in-nepal-8346-0512.webp","Bulova Sutton Auto 41.5mm 96B423","66,600"
"1784078991-1564","https://www.olizstore.com/brands","https://www.olizstore.com/brand/bulova-watches-price-in-nepal","https://www.olizstore.com/product/bulova-sutton-auto-41.5mm-96b422","https://wsrv.nl/?w=560&url=https://cdn2.blanxer.com/uploads/682feff88c633f25b4c7ce32/product_image-product_image-bulova-watch-price-in-nepal-8346-0512.webp","Bulova Sutton Auto 41.5mm 96B422","57,100"
"1784078993-1565","https://www.olizstore.com/brands","https://www.olizstore.com/brand/bulova-watches-price-in-nepal","https://www.olizstore.com/product/bulova-jet-star-40mm-96b415","https://wsrv.nl/?w=560&url=https://cdn2.blanxer.com/uploads/682feff88c633f25b4c7ce32/product_image-product_image-bulova-watch-price-in-nepal-8346-0512.webp","Bulova Jet Star 40mm 96B415","70,000"
"1784078995-1566","https://www.olizstore.com/brands","https://www.olizstore.com/brand/bulova-watches-price-in-nepal","https://www.olizstore.com/product/bulova-wilton-gmt-auto-43mm-96b387","https://wsrv.nl/?w=560&url=https://cdn2.blanxer.com/uploads/682feff88c633f25b4c7ce32/product_image-product_image-bulova-watch-price-in-nepal-8346-0512.webp","Bulova Wilton GMT Auto 43mm 96B387","1,17,300"
"1784078998-1567","https://www.olizstore.com/brands","https://www.olizstore.com/brand/bulova-watches-price-in-nepal","https://www.olizstore.com/product/bulova-oceanographer-auto-41mm-96b350","https://wsrv.nl/?w=560&url=https://cdn2.blanxer.com/uploads/682feff88c633f25b4c7ce32/product_image-product_image-bulova-watch-price-in-nepal-8346-0512.webp","Bulova Oceanographer Auto 41mm 96B350","1,07,500"
"1784079004-1568","https://www.olizstore.com/brands","https://www.olizstore.com/brand/brydge","https://www.olizstore.com/product/brydge-vertical-dock-for-macbook","https://wsrv.nl/?w=560&url=https://cdn2.blanxer.com/uploads/682feff88c633f25b4c7ce32/product_image-brydge-102amax-wireless-keyboard-case-with-trackpad-1998.webp","Brydge Vertical Dock for MacBook","25,000"
"1784079006-1569","https://www.olizstore.com/brands","https://www.olizstore.com/brand/brydge","https://www.olizstore.com/product/brydge-pro-bluetooth-keyboard-for-ipad-pro","https://wsrv.nl/?w=560&url=https://cdn2.blanxer.com/uploads/682feff88c633f25b4c7ce32/product_image-brydge-102amax-wireless-keyboard-case-with-trackpad-1998.webp","Brydge Pro 11.0 & 12.9 Bluetooth Keyboard for iPad Pro","19,500"
"1784079008-1570","https://www.olizstore.com/brands","https://www.olizstore.com/brand/brydge","https://www.olizstore.com/product/brydge-max+-wireless-keyboard-case-with-trackpad-for-ipad-pro","https://wsrv.nl/?w=560&url=https://cdn2.blanxer.com/uploads/682feff88c633f25b4c7ce32/product_image-brydge-102amax-wireless-keyboard-case-with-trackpad-1998.webp","Brydge MAX+ Wireless Keyboard case with Trackpad for iPad Pro","27,000"
"1784079010-1571","https://www.olizstore.com/brands","https://www.olizstore.com/brand/brydge","https://www.olizstore.com/product/brydge-air-max+-wireless-keyboard-with-trackpad","https://wsrv.nl/?w=560&url=https://cdn2.blanxer.com/uploads/682feff88c633f25b4c7ce32/product_image-brydge-102amax-wireless-keyboard-case-with-trackpad-1998.webp","Brydge Air MAX+ Wireless Keyboard with Trackpad for iPad","21,500"
"1784079013-1572","https://www.olizstore.com/brands","https://www.olizstore.com/brand/brydge","https://www.olizstore.com/product/brydge-10.2-max+-wireless-keyboard-case-with-trackpad","https://wsrv.nl/?w=560&url=https://cdn2.blanxer.com/uploads/682feff88c633f25b4c7ce32/product_image-brydge-102amax-wireless-keyboard-case-with-trackpad-1998.webp","Brydge 10.2 MAX+ Wireless Keyboard Case with Trackpad","17,500"
"1784079026-1573","https://www.olizstore.com/brands","https://www.olizstore.com/brand/boya","https://www.olizstore.com/product/boya-by-w4-ultracompact-2.4-ghz-four-channel-wireless-microphone-system","https://wsrv.nl/?w=560&url=https://cdn2.blanxer.com/uploads/682feff88c633f25b4c7ce32/product_image-boya-by-cip2audio-adapter-for-trs-mic-to-trrs-mobile-devices-2797.webp","Boya BY-W4 Ultracompact 4-Channel Wireless Microphone","29,500"
"1784079028-1574","https://www.olizstore.com/brands","https://www.olizstore.com/brand/boya","https://www.olizstore.com/product/boya-by-v4-ultracompact-4person-wireless-microphone-system","https://wsrv.nl/?w=560&url=https://cdn2.blanxer.com/uploads/682feff88c633f25b4c7ce32/product_image-boya-by-cip2audio-adapter-for-trs-mic-to-trrs-mobile-devices-2797.webp","BOYA BY-V4 Ultracompact Wireless Microphone","28,500"
"1784079030-1575","https://www.olizstore.com/brands","https://www.olizstore.com/brand/boya","https://www.olizstore.com/product/boya-by-wm8-pro-k1-uhf-dual-channel-wireless-microphone-system","https://wsrv.nl/?w=560&url=https://cdn2.blanxer.com/uploads/682feff88c633f25b4c7ce32/product_image-boya-by-cip2audio-adapter-for-trs-mic-to-trrs-mobile-devices-2797.webp","Boya BY-WM8 Pro-K1 UHF Dual-Channel Wireless Microphone","19,500"
"1784079032-1576","https://www.olizstore.com/brands","https://www.olizstore.com/brand/boya","https://www.olizstore.com/product/boya-by-xm6-s5-ultracompact-2.4-ghz-dual-channel-wireless-microphone-system","https://wsrv.nl/?w=560&url=https://cdn2.blanxer.com/uploads/682feff88c633f25b4c7ce32/product_image-boya-by-cip2audio-adapter-for-trs-mic-to-trrs-mobile-devices-2797.webp","Boya BY-XM6-S5 Ultracompact Dual-channel Wireless Microphone","18,500"
"1784079034-1577","https://www.olizstore.com/brands","https://www.olizstore.com/brand/boya","https://www.olizstore.com/product/boya-by-bmm400-conference-microphone-speaker","https://wsrv.nl/?w=560&url=https://cdn2.blanxer.com/uploads/682feff88c633f25b4c7ce32/product_image-boya-by-cip2audio-adapter-for-trs-mic-to-trrs-mobile-devices-2797.webp","Boya BY-BMM400 Conference Microphone Speaker","18,500"
"1784079037-1578","https://www.olizstore.com/brands","https://www.olizstore.com/brand/boya","https://www.olizstore.com/product/boya-bywm3t2u2-2.4-ghz-digital-truewireless-microphone-system","https://wsrv.nl/?w=560&url=https://cdn2.blanxer.com/uploads/682feff88c633f25b4c7ce32/product_image-boya-by-cip2audio-adapter-for-trs-mic-to-trrs-mobile-devices-2797.webp","Boya BY‑WM3T2‑U2 Digital True‑Wireless Microphone","15,500"
"1784079039-1579","https://www.olizstore.com/brands","https://www.olizstore.com/brand/boya","https://www.olizstore.com/product/boya-bywm3u-2.4-ghz-wireless-microphone-system","https://wsrv.nl/?w=560&url=https://cdn2.blanxer.com/uploads/682feff88c633f25b4c7ce32/product_image-boya-by-cip2audio-adapter-for-trs-mic-to-trrs-mobile-devices-2797.webp","Boya BY‑WM3U Wireless Microphone System","15,500"
"1784079042-1580","https://www.olizstore.com/brands","https://www.olizstore.com/brand/boya","https://www.olizstore.com/product/boya-by-pm700-usb-condenser-microphone","https://wsrv.nl/?w=560&url=https://cdn2.blanxer.com/uploads/682feff88c633f25b4c7ce32/product_image-boya-by-cip2audio-adapter-for-trs-mic-to-trrs-mobile-devices-2797.webp","Boya BY-PM700 USB Condenser Microphone","15,500"
"1784079044-1581","https://www.olizstore.com/brands","https://www.olizstore.com/brand/boya","https://www.olizstore.com/product/boya-bym1000-large-diaphragm-condenser-microphone","https://wsrv.nl/?w=560&url=https://cdn2.blanxer.com/uploads/682feff88c633f25b4c7ce32/product_image-boya-by-cip2audio-adapter-for-trs-mic-to-trrs-mobile-devices-2797.webp","Boya BY‑M1000 Large-Diaphragm Condenser Microphone","15,500"
"1784079048-1582","https://www.olizstore.com/brands","https://www.olizstore.com/brand/boya","https://www.olizstore.com/product/boya-bybmw700-wireless-conference-microphone","https://wsrv.nl/?w=560&url=https://cdn2.blanxer.com/uploads/682feff88c633f25b4c7ce32/product_image-boya-by-cip2audio-adapter-for-trs-mic-to-trrs-mobile-devices-2797.webp","Boya BY‑BMW700 Wireless Conference Microphone","14,500"
"1784079050-1583","https://www.olizstore.com/brands","https://www.olizstore.com/brand/boya","https://www.olizstore.com/product/boya-by-bm6060l-super-cardioid-condenser-shotgun-microphone","https://wsrv.nl/?w=560&url=https://cdn2.blanxer.com/uploads/682feff88c633f25b4c7ce32/product_image-boya-by-cip2audio-adapter-for-trs-mic-to-trrs-mobile-devices-2797.webp","Boya BY-BM6060L Super-Cardioid Condenser Shotgun Microphone","12,500"
"1784079053-1584","https://www.olizstore.com/brands","https://www.olizstore.com/brand/boya","https://www.olizstore.com/product/boya-by-ws1000-professional-windshield-microphone","https://wsrv.nl/?w=560&url=https://cdn2.blanxer.com/uploads/682feff88c633f25b4c7ce32/product_image-boya-by-cip2audio-adapter-for-trs-mic-to-trrs-mobile-devices-2797.webp","Boya BY-WS1000 Professional Windshield Microphone","12,500"
"1784079055-1585","https://www.olizstore.com/brands","https://www.olizstore.com/brand/boya","https://www.olizstore.com/product/boya-bywhm8-pro-wireless-handheld-microphone","https://wsrv.nl/?w=560&url=https://cdn2.blanxer.com/uploads/682feff88c633f25b4c7ce32/product_image-boya-by-cip2audio-adapter-for-trs-mic-to-trrs-mobile-devices-2797.webp","Boya BY‑WHM8 Pro Wireless Handheld Microphone","11,500"
"1784079058-1586","https://www.olizstore.com/brands","https://www.olizstore.com/brand/boya","https://www.olizstore.com/product/boya-bypvm1000l-professional-condenser-shotgun-microphone","https://wsrv.nl/?w=560&url=https://cdn2.blanxer.com/uploads/682feff88c633f25b4c7ce32/product_image-boya-by-cip2audio-adapter-for-trs-mic-to-trrs-mobile-devices-2797.webp","Boya BY‑PVM1000L Professional Condenser Shotgun Microphone","10,500"
"1784079060-1587","https://www.olizstore.com/brands","https://www.olizstore.com/brand/boya","https://www.olizstore.com/product/boya-bywm3t2u1-2.4-ghz-digital-truewireless-microphone-system","https://wsrv.nl/?w=560&url=https://cdn2.blanxer.com/uploads/682feff88c633f25b4c7ce32/product_image-boya-by-cip2audio-adapter-for-trs-mic-to-trrs-mobile-devices-2797.webp","Boya BY‑WM3T2‑U1 Digital True‑Wireless Microphone","10,500"
"1784079062-1588","https://www.olizstore.com/brands","https://www.olizstore.com/brand/boya","https://www.olizstore.com/product/boya-by-bm3030-on-camera-supercardioid-shotgun-microphone","https://wsrv.nl/?w=560&url=https://cdn2.blanxer.com/uploads/682feff88c633f25b4c7ce32/product_image-boya-by-cip2audio-adapter-for-trs-mic-to-trrs-mobile-devices-2797.webp","Boya BY-BM3030 On-Camera Super‐Cardioid Shotgun Microphone","9,500"
"1784079065-1589","https://www.olizstore.com/brands","https://www.olizstore.com/brand/boya","https://www.olizstore.com/product/boya-by-bm2040-super-cardioid-shotgun-microphone","https://wsrv.nl/?w=560&url=https://cdn2.blanxer.com/uploads/682feff88c633f25b4c7ce32/product_image-boya-by-cip2audio-adapter-for-trs-mic-to-trrs-mobile-devices-2797.webp","Boya BY-BM2040 Super-Cardioid Shotgun Microphone","9,500"
"1784079073-1590","https://www.olizstore.com/brands","https://www.olizstore.com/brand/boya","https://www.olizstore.com/product/boya-bymc2-conference-microphone","https://wsrv.nl/?w=560&url=https://cdn2.blanxer.com/uploads/682feff88c633f25b4c7ce32/product_image-boya-by-cip2audio-adapter-for-trs-mic-to-trrs-mobile-devices-2797.webp","Boya BY‑MC2 Conference Microphone","8,500"
"1784079075-1591","https://www.olizstore.com/brands","https://www.olizstore.com/brand/boya","https://www.olizstore.com/product/boya-by-mm1-pro-dual-capsule-condenser-microphone","https://wsrv.nl/?w=560&url=https://cdn2.blanxer.com/uploads/682feff88c633f25b4c7ce32/product_image-boya-by-cip2audio-adapter-for-trs-mic-to-trrs-mobile-devices-2797.webp","Boya BY-MM1 Pro Dual-Capsule Condenser Microphone","8,500"
"1784079077-1592","https://www.olizstore.com/brands","https://www.olizstore.com/brand/boya","https://www.olizstore.com/product/boya-by-dm2-(usb-c)-digital-lavalier-microphone","https://wsrv.nl/?w=560&url=https://cdn2.blanxer.com/uploads/682feff88c633f25b4c7ce32/product_image-boya-by-cip2audio-adapter-for-trs-mic-to-trrs-mobile-devices-2797.webp","Boya BY-DM2 Digital Lavalier Microphone (USB-C)","8,500"
"1784079080-1593","https://www.olizstore.com/brands","https://www.olizstore.com/brand/boya","https://www.olizstore.com/product/boya-by-cm3-desktop-usb-microphone","https://wsrv.nl/?w=560&url=https://cdn2.blanxer.com/uploads/682feff88c633f25b4c7ce32/product_image-boya-by-cip2audio-adapter-for-trs-mic-to-trrs-mobile-devices-2797.webp","Boya BY-CM3 Desktop USB Microphone","7,500"
"1784079082-1594","https://www.olizstore.com/brands","https://www.olizstore.com/brand/boya","https://www.olizstore.com/product/boya-rx8-pro-uhf-dual-channel-wireless-receiver","https://wsrv.nl/?w=560&url=https://cdn2.blanxer.com/uploads/682feff88c633f25b4c7ce32/product_image-boya-by-cip2audio-adapter-for-trs-mic-to-trrs-mobile-devices-2797.webp","Boya RX8 Pro UHF Dual-Channel Wireless Receiver","7,000"
"1784079084-1595","https://www.olizstore.com/brands","https://www.olizstore.com/brand/boya","https://www.olizstore.com/product/boya-by-bm2021-super-cardioid-shotgun-microphone","https://wsrv.nl/?w=560&url=https://cdn2.blanxer.com/uploads/682feff88c633f25b4c7ce32/product_image-boya-by-cip2audio-adapter-for-trs-mic-to-trrs-mobile-devices-2797.webp","Boya BY-BM2021 Super-Cardioid Shotgun Microphone","5,600"
"1784079086-1596","https://www.olizstore.com/brands","https://www.olizstore.com/brand/boya","https://www.olizstore.com/product/boya-mini-14-ultra-mini-wireless-microphone","https://wsrv.nl/?w=560&url=https://cdn2.blanxer.com/uploads/682feff88c633f25b4c7ce32/product_image-boya-by-cip2audio-adapter-for-trs-mic-to-trrs-mobile-devices-2797.webp","Boya Mini-14 Ultra-Mini Wireless Microphone","8,500"
"1784079089-1597","https://www.olizstore.com/brands","https://www.olizstore.com/brand/boya","https://www.olizstore.com/product/boya-byv30-dualchannel-wireless-microphone","https://wsrv.nl/?w=560&url=https://cdn2.blanxer.com/uploads/682feff88c633f25b4c7ce32/product_image-boya-by-cip2audio-adapter-for-trs-mic-to-trrs-mobile-devices-2797.webp","Boya BY-V30 Dual‑Channel Wireless Microphone","8,500"
"1784079091-1598","https://www.olizstore.com/brands","https://www.olizstore.com/brand/boya","https://www.olizstore.com/product/boya-by-v20-wireless-microphone","https://wsrv.nl/?w=560&url=https://cdn2.blanxer.com/uploads/682feff88c633f25b4c7ce32/product_image-boya-by-cip2audio-adapter-for-trs-mic-to-trrs-mobile-devices-2797.webp","Boya BY-V20 Wireless Microphone","7,500"
"1784079093-1599","https://www.olizstore.com/brands","https://www.olizstore.com/brand/boya","https://www.olizstore.com/product/boya-by-v10-wireless-microphone","https://wsrv.nl/?w=560&url=https://cdn2.blanxer.com/uploads/682feff88c633f25b4c7ce32/product_image-boya-by-cip2audio-adapter-for-trs-mic-to-trrs-mobile-devices-2797.webp","Boya BY-V10 Wireless Microphone","6,500"
"1784079095-1600","https://www.olizstore.com/brands","https://www.olizstore.com/brand/boya","https://www.olizstore.com/product/boya-by-m1dm-dual-omni-directional-lavalier-mic","https://wsrv.nl/?w=560&url=https://cdn2.blanxer.com/uploads/682feff88c633f25b4c7ce32/product_image-boya-by-cip2audio-adapter-for-trs-mic-to-trrs-mobile-devices-2797.webp","Boya BY-M1DM Dual Omni Directional Lavalier Mic","3,250"
"1784079098-1601","https://www.olizstore.com/brands","https://www.olizstore.com/brand/boya","https://www.olizstore.com/product/boya-by-m1-lavalier-microphone","https://wsrv.nl/?w=560&url=https://cdn2.blanxer.com/uploads/682feff88c633f25b4c7ce32/product_image-boya-by-cip2audio-adapter-for-trs-mic-to-trrs-mobile-devices-2797.webp","Boya BY-M1 Lavalier Microphone","2,450"
"1784079100-1602","https://www.olizstore.com/brands","https://www.olizstore.com/brand/boya","https://www.olizstore.com/product/boya-bybca6-xlr-to-3.5-mm-trrs-microphone-cable","https://wsrv.nl/?w=560&url=https://cdn2.blanxer.com/uploads/682feff88c633f25b4c7ce32/product_image-boya-by-cip2audio-adapter-for-trs-mic-to-trrs-mobile-devices-2797.webp","Boya BY‑BCA6 XLR to 3.5 mm TRRS Microphone Cable","5,000"
"1784079102-1603","https://www.olizstore.com/brands","https://www.olizstore.com/brand/boya","https://www.olizstore.com/product/boya-by-k2-usb-c-audio-adapter","https://wsrv.nl/?w=560&url=https://cdn2.blanxer.com/uploads/682feff88c633f25b4c7ce32/product_image-boya-by-cip2audio-adapter-for-trs-mic-to-trrs-mobile-devices-2797.webp","Boya BY-K2 USB-C Audio Adapter","2,400"
"1784079104-1604","https://www.olizstore.com/brands","https://www.olizstore.com/brand/boya","https://www.olizstore.com/product/boya-by-cip2-trs-to-trrs-audio-adapter","https://wsrv.nl/?w=560&url=https://cdn2.blanxer.com/uploads/682feff88c633f25b4c7ce32/product_image-boya-by-cip2audio-adapter-for-trs-mic-to-trrs-mobile-devices-2797.webp","Boya BY-CIP2 TRS to TRRS Audio Adapter","2,400"
"1784079122-1605","https://www.olizstore.com/brands","https://www.olizstore.com/brand/belkin","https://www.olizstore.com/product/belkin-surge-protector-3port-price-in-nepal","https://wsrv.nl/?w=560&url=https://cdn2.blanxer.com/uploads/682feff88c633f25b4c7ce32/product_image-belkin-surge-protector-8-port-3688.webp","Belkin Surge Protector 3‑Port","2,050"
"1784079124-1606","https://www.olizstore.com/brands","https://www.olizstore.com/brand/belkin","https://www.olizstore.com/product/belkin-surge-protector-4port-price-in-nepal","https://wsrv.nl/?w=560&url=https://cdn2.blanxer.com/uploads/682feff88c633f25b4c7ce32/product_image-belkin-surge-protector-8-port-3688.webp","Belkin Surge Protector 4‑Port","2,500"
"1784079127-1607","https://www.olizstore.com/brands","https://www.olizstore.com/brand/belkin","https://www.olizstore.com/product/belkin-surge-protector-6port-price-in-nepal","https://wsrv.nl/?w=560&url=https://cdn2.blanxer.com/uploads/682feff88c633f25b4c7ce32/product_image-belkin-surge-protector-8-port-3688.webp","Belkin Surge Protector 6‑Port","3,200"
"1784079129-1608","https://www.olizstore.com/brands","https://www.olizstore.com/brand/belkin","https://www.olizstore.com/product/belkin-surge-protector-8port-price-in-nepal","https://wsrv.nl/?w=560&url=https://cdn2.blanxer.com/uploads/682feff88c633f25b4c7ce32/product_image-belkin-surge-protector-8-port-3688.webp","Belkin Surge Protector 8‑Port","3,900"
"1784079134-1609","https://www.olizstore.com/brands","https://www.olizstore.com/brand/beats","https://www.olizstore.com/product/beats-studio-buds","https://wsrv.nl/?w=560&url=https://cdn2.blanxer.com/uploads/682feff88c633f25b4c7ce32/product_image-beats-flex-wireless-in-ear-headphones-black-9977.webp","Beats Studio Buds","16,999"
"1784079137-1610","https://www.olizstore.com/brands","https://www.olizstore.com/brand/beats","https://www.olizstore.com/product/beats-flex-wireless-in-ear-headphones-black","https://wsrv.nl/?w=560&url=https://cdn2.blanxer.com/uploads/682feff88c633f25b4c7ce32/product_image-beats-flex-wireless-in-ear-headphones-black-9977.webp","Beats Flex Wireless In-Ear Headphones","7,000"
"1784079187-1611","https://www.olizstore.com/brands","https://www.olizstore.com/brand/avana","https://www.olizstore.com/product/avana-aura-with-magsafe-for-iphone-15-series","https://wsrv.nl/?w=560&url=https://cdn2.blanxer.com/uploads/682feff88c633f25b4c7ce32/product_image-ap7u-avrur-susv-front-8706.webp","Avana Aura with MagSafe For iPhone 15 Series","6,500"
"1784079189-1612","https://www.olizstore.com/brands","https://www.olizstore.com/brand/avana","https://www.olizstore.com/product/avana-case-compatible-with-magsafe-for-iphone-16-series","https://wsrv.nl/?w=560&url=https://cdn2.blanxer.com/uploads/682feff88c633f25b4c7ce32/product_image-ap7u-avrur-susv-front-8706.webp","Avana Case Compatible with MagSafe for iPhone 16 series","6,500"
"1784079191-1613","https://www.olizstore.com/brands","https://www.olizstore.com/brand/avana","https://www.olizstore.com/product/avana-velvet-case-compatible-with-magsafe-for-iphone-15-series","https://wsrv.nl/?w=560&url=https://cdn2.blanxer.com/uploads/682feff88c633f25b4c7ce32/product_image-ap7u-avrur-susv-front-8706.webp","Avana Velvet Case Compatible with MagSafe for 15 Series","6,500"
"1784079194-1614","https://www.olizstore.com/brands","https://www.olizstore.com/brand/avana","https://www.olizstore.com/product/avana-grip-it-ash-case-compatible-with-magsafe-for-iphone-16-series","https://wsrv.nl/?w=560&url=https://cdn2.blanxer.com/uploads/682feff88c633f25b4c7ce32/product_image-ap7u-avrur-susv-front-8706.webp","Avana Grip-it Ash Case Compatible with MagSafe for iPhone 16 Series","6,500"
"1784079196-1615","https://www.olizstore.com/brands","https://www.olizstore.com/brand/avana","https://www.olizstore.com/product/avana-ice-clear-case-with-magsafe-for-iphone-16-series","https://wsrv.nl/?w=560&url=https://cdn2.blanxer.com/uploads/682feff88c633f25b4c7ce32/product_image-ap7u-avrur-susv-front-8706.webp","Avana Ice Clear Case with MagSafe for iPhone 16 Series","5,500"
"1784079198-1616","https://www.olizstore.com/brands","https://www.olizstore.com/brand/avana","https://www.olizstore.com/product/avana-leather-case-with-magsafe-for-iphone-16-series","https://wsrv.nl/?w=560&url=https://cdn2.blanxer.com/uploads/682feff88c633f25b4c7ce32/product_image-ap7u-avrur-susv-front-8706.webp","Avana Leather Ash Case with Magsafe for iPhone 16 Series","6,500"
"1784079200-1617","https://www.olizstore.com/brands","https://www.olizstore.com/brand/avana","https://www.olizstore.com/product/avana-leather-berry-with-magsafe-for-iphone-16-series","https://wsrv.nl/?w=560&url=https://cdn2.blanxer.com/uploads/682feff88c633f25b4c7ce32/product_image-ap7u-avrur-susv-front-8706.webp","Avana Leather Berry with Magsafe for iPhone 16 Series","6,500"
"1784079202-1618","https://www.olizstore.com/brands","https://www.olizstore.com/brand/avana","https://www.olizstore.com/product/avana-aura-gold-with-magsafe-for-iphone-16-series","https://wsrv.nl/?w=560&url=https://cdn2.blanxer.com/uploads/682feff88c633f25b4c7ce32/product_image-ap7u-avrur-susv-front-8706.webp","Avana Aura Gold with Magsafe For iPhone 16 Series","6,000"
"1784079205-1619","https://www.olizstore.com/brands","https://www.olizstore.com/brand/avana","https://www.olizstore.com/product/avana-ice-ash-with-magsafe-for-iphone-16-pro-max","https://wsrv.nl/?w=560&url=https://cdn2.blanxer.com/uploads/682feff88c633f25b4c7ce32/product_image-ap7u-avrur-susv-front-8706.webp","Avana Ice Ash with Magsafe for iPhone 16 Pro Max","6,500"
"1784079207-1620","https://www.olizstore.com/brands","https://www.olizstore.com/brand/avana","https://www.olizstore.com/product/avana-cosmic-frost-with-magsafe-for-iphone-16-pro-max","https://wsrv.nl/?w=560&url=https://cdn2.blanxer.com/uploads/682feff88c633f25b4c7ce32/product_image-ap7u-avrur-susv-front-8706.webp","Avana Cosmic Frost with Magsafe For iPhone 16 Pro Max","6,500"
"1784079209-1621","https://www.olizstore.com/brands","https://www.olizstore.com/brand/avana","https://www.olizstore.com/product/avana-starlite-silver-with-magsafe-for-iphone-16-series","https://wsrv.nl/?w=560&url=https://cdn2.blanxer.com/uploads/682feff88c633f25b4c7ce32/product_image-ap7u-avrur-susv-front-8706.webp","Avana Starlite Silver with Magsafe for iPhone 16 Series","6,500"
"1784079211-1622","https://www.olizstore.com/brands","https://www.olizstore.com/brand/avana","https://www.olizstore.com/product/avana-vibe-gold-with-magsafe-for-iphone-16-series","https://wsrv.nl/?w=560&url=https://cdn2.blanxer.com/uploads/682feff88c633f25b4c7ce32/product_image-ap7u-avrur-susv-front-8706.webp","Avana Vibe Gold with Magsafe for iPhone 16 Series","6,500"
"1784079213-1623","https://www.olizstore.com/brands","https://www.olizstore.com/brand/avana","https://www.olizstore.com/product/avana-vibe-silver-with-magsafe-for-iphone-16-pro","https://wsrv.nl/?w=560&url=https://cdn2.blanxer.com/uploads/682feff88c633f25b4c7ce32/product_image-ap7u-avrur-susv-front-8706.webp","Avana Vibe Silver with Magsafe for iPhone 16 Pro","6,500"
"1784079216-1624","https://www.olizstore.com/brands","https://www.olizstore.com/brand/avana","https://www.olizstore.com/product/avana-aura-with-magsafe-for-iphone-17-gold","https://wsrv.nl/?w=560&url=https://cdn2.blanxer.com/uploads/682feff88c633f25b4c7ce32/product_image-ap7u-avrur-susv-front-8706.webp","Avana Aura with MagSafe for iPhone 17 Gold","6,500"
"1784079218-1625","https://www.olizstore.com/brands","https://www.olizstore.com/brand/avana","https://www.olizstore.com/product/avana-ice-with-magsafe-for-iphone-17","https://wsrv.nl/?w=560&url=https://cdn2.blanxer.com/uploads/682feff88c633f25b4c7ce32/product_image-ap7u-avrur-susv-front-8706.webp","Avana Ice with MagSafe for iPhone 17","6,500"
"1784079220-1626","https://www.olizstore.com/brands","https://www.olizstore.com/brand/avana","https://www.olizstore.com/product/avana-ice-with-magsafe-for-iphone-air-clear","https://wsrv.nl/?w=560&url=https://cdn2.blanxer.com/uploads/682feff88c633f25b4c7ce32/product_image-ap7u-avrur-susv-front-8706.webp","Avana Ice with MagSafe for iPhone Air Clear","6,500"
"1784079222-1627","https://www.olizstore.com/brands","https://www.olizstore.com/brand/avana","https://www.olizstore.com/product/avana-ice-with-magsafe-for-iphone-17-pro","https://wsrv.nl/?w=560&url=https://cdn2.blanxer.com/uploads/682feff88c633f25b4c7ce32/product_image-ap7u-avrur-susv-front-8706.webp","Avana Ice with MagSafe for iPhone 17 Pro","6,500"
"1784079224-1628","https://www.olizstore.com/brands","https://www.olizstore.com/brand/avana","https://www.olizstore.com/product/avana-ice-with-magsafe-for-iphone-17-pro-max","https://wsrv.nl/?w=560&url=https://cdn2.blanxer.com/uploads/682feff88c633f25b4c7ce32/product_image-ap7u-avrur-susv-front-8706.webp","Avana Ice with MagSafe for iPhone 17 Pro Max","6,500"
"1784079227-1629","https://www.olizstore.com/brands","https://www.olizstore.com/brand/avana","https://www.olizstore.com/product/avana-glim-with-magsafe-for-iphone-17-pro-max","https://wsrv.nl/?w=560&url=https://cdn2.blanxer.com/uploads/682feff88c633f25b4c7ce32/product_image-ap7u-avrur-susv-front-8706.webp","Avana Glim with MagSafe for iPhone 17 Pro Max","6,500"
"1784079229-1630","https://www.olizstore.com/brands","https://www.olizstore.com/brand/avana","https://www.olizstore.com/product/avana-glim-with-magsafe-for-iphone-17","https://wsrv.nl/?w=560&url=https://cdn2.blanxer.com/uploads/682feff88c633f25b4c7ce32/product_image-ap7u-avrur-susv-front-8706.webp","Avana Glim with MagSafe for iPhone 17","6,500"
"1784079231-1631","https://www.olizstore.com/brands","https://www.olizstore.com/brand/avana","https://www.olizstore.com/product/avana-tootsie-stand-with-magsafe-for-iphone-air","https://wsrv.nl/?w=560&url=https://cdn2.blanxer.com/uploads/682feff88c633f25b4c7ce32/product_image-ap7u-avrur-susv-front-8706.webp","Avana Tootsie Stand with MagSafe for iPhone Air","6,500"
"1784079233-1632","https://www.olizstore.com/brands","https://www.olizstore.com/brand/avana","https://www.olizstore.com/product/avana-tootsie-stand-with-magsafe-for-iphone-17-pro-max","https://wsrv.nl/?w=560&url=https://cdn2.blanxer.com/uploads/682feff88c633f25b4c7ce32/product_image-ap7u-avrur-susv-front-8706.webp","Avana Tootsie Stand with MagSafe for iPhone 17 Pro Max","6,500"
"1784079235-1633","https://www.olizstore.com/brands","https://www.olizstore.com/brand/avana","https://www.olizstore.com/product/avana-vibe-with-magsafe-for-iphone-17-pro-max","https://wsrv.nl/?w=560&url=https://cdn2.blanxer.com/uploads/682feff88c633f25b4c7ce32/product_image-ap7u-avrur-susv-front-8706.webp","Avana Vibe with MagSafe for iPhone 17 Pro Max","6,500"
"1784079238-1634","https://www.olizstore.com/brands","https://www.olizstore.com/brand/avana","https://www.olizstore.com/product/avana-leather-with-magsafe-for-iphone-17","https://wsrv.nl/?w=560&url=https://cdn2.blanxer.com/uploads/682feff88c633f25b4c7ce32/product_image-ap7u-avrur-susv-front-8706.webp","Avana Leather with MagSafe for iPhone 17","6,500"
"1784079241-1635","https://www.olizstore.com/brands","https://www.olizstore.com/brand/avana","https://www.olizstore.com/product/avana-leather-with-magsafe-for-iphone-17-pro","https://wsrv.nl/?w=560&url=https://cdn2.blanxer.com/uploads/682feff88c633f25b4c7ce32/product_image-ap7u-avrur-susv-front-8706.webp","Avana Leather with MagSafe for iPhone 17 Pro","0"
"1784079243-1636","https://www.olizstore.com/brands","https://www.olizstore.com/brand/avana","https://www.olizstore.com/product/avana-leather-with-magsafe-for-iphone-17-pro-max","https://wsrv.nl/?w=560&url=https://cdn2.blanxer.com/uploads/682feff88c633f25b4c7ce32/product_image-ap7u-avrur-susv-front-8706.webp","Avana Leather with MagSafe for iPhone 17 Pro Max","6,500"
"1784079246-1637","https://www.olizstore.com/brands","https://www.olizstore.com/brand/avana","https://www.olizstore.com/product/avana-starlight-with-magsafe-for-iphone-17-pro-max","https://wsrv.nl/?w=560&url=https://cdn2.blanxer.com/uploads/682feff88c633f25b4c7ce32/product_image-ap7u-avrur-susv-front-8706.webp","Avana Starlight with MagSafe for iPhone 17 Pro Max","6,500"
"1784079257-1638","https://www.olizstore.com/brands","https://www.olizstore.com/brand/autel","https://www.olizstore.com/product/autel-robotics-evo-lite+-drone-premium-bundle","https://wsrv.nl/?w=560&url=https://cdn2.blanxer.com/uploads/682feff88c633f25b4c7ce32/product_image-untitled-design-(1)-6327.webp","Autel Robotics EVO Lite+ Drone Premium Bundle","2,05,000"
"1784079259-1639","https://www.olizstore.com/brands","https://www.olizstore.com/brand/autel","https://www.olizstore.com/product/autel-robotics-evo-nano+-drone-premium-bundle","https://wsrv.nl/?w=560&url=https://cdn2.blanxer.com/uploads/682feff88c633f25b4c7ce32/product_image-untitled-design-(1)-6327.webp","Autel Robotics EVO Nano+ Drone Premium Bundle","1,29,200"
"1784079262-1640","https://www.olizstore.com/brands","https://www.olizstore.com/brand/autel","https://www.olizstore.com/product/autel-robotics-evo-lite+-drone-standard-pack","https://wsrv.nl/?w=560&url=https://cdn2.blanxer.com/uploads/682feff88c633f25b4c7ce32/product_image-untitled-design-(1)-6327.webp","Autel Robotics EVO Lite+ Drone Standard Pack","1,74,400"
"1784079264-1641","https://www.olizstore.com/brands","https://www.olizstore.com/brand/autel","https://www.olizstore.com/product/autel-robotics-evo-ii-8k-drone-rugged-bundle","https://wsrv.nl/?w=560&url=https://cdn2.blanxer.com/uploads/682feff88c633f25b4c7ce32/product_image-untitled-design-(1)-6327.webp","Autel Robotics EVO II 8K Drone Rugged Bundle","2,16,000"
"1784079270-1642","https://www.olizstore.com/brands","https://www.olizstore.com/brand/arcam","https://www.olizstore.com/product/arcam-sa30-stereo-integrated-amplifier-with-built-in-dac-price-in-nepal","https://wsrv.nl/?w=560&url=https://cdn2.blanxer.com/uploads/682feff88c633f25b4c7ce32/product_image-arcam-sa30-integrated-amplifier-in-nepal-oror-oliz-store-9777.webp","Arcam SA30 Stereo integrated amplifier with built-in DAC","2,17,000"
"1784079272-1643","https://www.olizstore.com/brands","https://www.olizstore.com/brand/arcam","https://www.olizstore.com/product/arcam-sa20-integrated-amplifier-price-in-nepal","https://wsrv.nl/?w=560&url=https://cdn2.blanxer.com/uploads/682feff88c633f25b4c7ce32/product_image-arcam-sa30-integrated-amplifier-in-nepal-oror-oliz-store-9777.webp","Arcam SA20 Integrated Amplifier","1,77,000"
"1784079281-1644","https://www.olizstore.com/brands","https://www.olizstore.com/brand/aqara","https://www.olizstore.com/product/aqara-hub-m200","https://wsrv.nl/?w=560&url=https://cdn2.blanxer.com/uploads/682feff88c633f25b4c7ce32/product_image-aqara-led-bulb-t2-4788.webp","Aqara Hub M200",""
"1784079283-1645","https://www.olizstore.com/brands","https://www.olizstore.com/brand/aqara","https://www.olizstore.com/product/aqara-hub-m3","https://wsrv.nl/?w=560&url=https://cdn2.blanxer.com/uploads/682feff88c633f25b4c7ce32/product_image-aqara-led-bulb-t2-4788.webp","Aqara Hub M3",""
"1784079286-1646","https://www.olizstore.com/brands","https://www.olizstore.com/brand/aqara","https://www.olizstore.com/product/aqara-hub-m100","https://wsrv.nl/?w=560&url=https://cdn2.blanxer.com/uploads/682feff88c633f25b4c7ce32/product_image-aqara-led-bulb-t2-4788.webp","Aqara Hub M100",""
"1784079288-1647","https://www.olizstore.com/brands","https://www.olizstore.com/brand/aqara","https://www.olizstore.com/product/aqara-hub-m1s-gen-2","https://wsrv.nl/?w=560&url=https://cdn2.blanxer.com/uploads/682feff88c633f25b4c7ce32/product_image-aqara-led-bulb-t2-4788.webp","Aqara Hub M1S Gen 2",""
"1784079290-1648","https://www.olizstore.com/brands","https://www.olizstore.com/brand/aqara","https://www.olizstore.com/product/aqara-doorbell-camera-hub-g410","https://wsrv.nl/?w=560&url=https://cdn2.blanxer.com/uploads/682feff88c633f25b4c7ce32/product_image-aqara-led-bulb-t2-4788.webp","Aqara Doorbell Camera Hub G410",""
"1784079292-1649","https://www.olizstore.com/brands","https://www.olizstore.com/brand/aqara","https://www.olizstore.com/product/aqara-smart-lock-u50","https://wsrv.nl/?w=560&url=https://cdn2.blanxer.com/uploads/682feff88c633f25b4c7ce32/product_image-aqara-led-bulb-t2-4788.webp","Aqara Smart Lock U50",""
"1784079294-1650","https://www.olizstore.com/brands","https://www.olizstore.com/brand/aqara","https://www.olizstore.com/product/aqara-smart-lock-u300-price-in-nepal","https://wsrv.nl/?w=560&url=https://cdn2.blanxer.com/uploads/682feff88c633f25b4c7ce32/product_image-aqara-led-bulb-t2-4788.webp","Aqara Smart Lock U300",""
"1784079297-1651","https://www.olizstore.com/brands","https://www.olizstore.com/brand/aqara","https://www.olizstore.com/product/aqara-smart-lock-u400-kit-price-in-nepal","https://wsrv.nl/?w=560&url=https://cdn2.blanxer.com/uploads/682feff88c633f25b4c7ce32/product_image-aqara-led-bulb-t2-4788.webp","Aqara Smart Lock U400 Kit",""
"1784079299-1652","https://www.olizstore.com/brands","https://www.olizstore.com/brand/aqara","https://www.olizstore.com/product/aqara-smart-door-lock-a100-price-in-nepal","https://wsrv.nl/?w=560&url=https://cdn2.blanxer.com/uploads/682feff88c633f25b4c7ce32/product_image-aqara-led-bulb-t2-4788.webp","Aqara Smart Door Lock A100",""
"1784079301-1653","https://www.olizstore.com/brands","https://www.olizstore.com/brand/aqara","https://www.olizstore.com/product/aqara-nfc-card-for-smart-door-lock-price-in-nepal","https://wsrv.nl/?w=560&url=https://cdn2.blanxer.com/uploads/682feff88c633f25b4c7ce32/product_image-aqara-led-bulb-t2-4788.webp","Aqara NFC Card for Smart Door Lock",""
"1784079303-1654","https://www.olizstore.com/brands","https://www.olizstore.com/brand/aqara","https://www.olizstore.com/product/aqara-camera-hub-g350-price-in-nepal","https://wsrv.nl/?w=560&url=https://cdn2.blanxer.com/uploads/682feff88c633f25b4c7ce32/product_image-aqara-led-bulb-t2-4788.webp","Aqara Camera Hub G350",""
"1784079305-1655","https://www.olizstore.com/brands","https://www.olizstore.com/brand/aqara","https://www.olizstore.com/product/aqara-camera-hub-g3-eu","https://wsrv.nl/?w=560&url=https://cdn2.blanxer.com/uploads/682feff88c633f25b4c7ce32/product_image-aqara-led-bulb-t2-4788.webp","Aqara Camera Hub G3 EU",""
"1784079308-1656","https://www.olizstore.com/brands","https://www.olizstore.com/brand/aqara","https://www.olizstore.com/product/aqara-camera-hub-g2h-pro-price-in-nepal","https://wsrv.nl/?w=560&url=https://cdn2.blanxer.com/uploads/682feff88c633f25b4c7ce32/product_image-aqara-led-bulb-t2-4788.webp","Aqara Camera Hub G2H Pro",""
"1784079310-1657","https://www.olizstore.com/brands","https://www.olizstore.com/brand/aqara","https://www.olizstore.com/product/aqara-camera-e1-price-in-nepal","https://wsrv.nl/?w=560&url=https://cdn2.blanxer.com/uploads/682feff88c633f25b4c7ce32/product_image-aqara-led-bulb-t2-4788.webp","Aqara Camera E1",""
"1784079312-1658","https://www.olizstore.com/brands","https://www.olizstore.com/brand/aqara","https://www.olizstore.com/product/aqara-camera-g100-price-in-nepal","https://wsrv.nl/?w=560&url=https://cdn2.blanxer.com/uploads/682feff88c633f25b4c7ce32/product_image-aqara-led-bulb-t2-4788.webp","Aqara Camera G100",""
"1784079314-1659","https://www.olizstore.com/brands","https://www.olizstore.com/brand/aqara","https://www.olizstore.com/product/aqara-smart-smoke-detector-price-in-nepal","https://wsrv.nl/?w=560&url=https://cdn2.blanxer.com/uploads/682feff88c633f25b4c7ce32/product_image-aqara-led-bulb-t2-4788.webp","Aqara Smart Smoke Detector",""
"1784079316-1660","https://www.olizstore.com/brands","https://www.olizstore.com/brand/aqara","https://www.olizstore.com/product/aqara-smart-gas-detector","https://wsrv.nl/?w=560&url=https://cdn2.blanxer.com/uploads/682feff88c633f25b4c7ce32/product_image-aqara-led-bulb-t2-4788.webp","Aqara Smart Gas Detector",""
"1784079319-1661","https://www.olizstore.com/brands","https://www.olizstore.com/brand/aqara","https://www.olizstore.com/product/aqara-presence-multi-sensor-fp300-price-in-nepal","https://wsrv.nl/?w=560&url=https://cdn2.blanxer.com/uploads/682feff88c633f25b4c7ce32/product_image-aqara-led-bulb-t2-4788.webp","Aqara Presence Multi-Sensor FP300",""
"1784079321-1662","https://www.olizstore.com/brands","https://www.olizstore.com/brand/aqara","https://www.olizstore.com/product/aqara-motion-sensor-p1-price-in-nepal","https://wsrv.nl/?w=560&url=https://cdn2.blanxer.com/uploads/682feff88c633f25b4c7ce32/product_image-aqara-led-bulb-t2-4788.webp","Aqara Motion Sensor P1",""
"1784079323-1663","https://www.olizstore.com/brands","https://www.olizstore.com/brand/aqara","https://www.olizstore.com/product/aqara-multi-state-sensor-p100-price-in-nepal","https://wsrv.nl/?w=560&url=https://cdn2.blanxer.com/uploads/682feff88c633f25b4c7ce32/product_image-aqara-led-bulb-t2-4788.webp","Aqara Multi-State Sensor P100",""
"1784079325-1664","https://www.olizstore.com/brands","https://www.olizstore.com/brand/aqara","https://www.olizstore.com/product/aqara-door-and-window-sensor-t1-price-in-nepal","https://wsrv.nl/?w=560&url=https://cdn2.blanxer.com/uploads/682feff88c633f25b4c7ce32/product_image-aqara-led-bulb-t2-4788.webp","Aqara Door and Window Sensor T1",""
"1784079328-1665","https://www.olizstore.com/brands","https://www.olizstore.com/brand/aqara","https://www.olizstore.com/product/aqara-motion-and-light-sensor-p2-thread-price-in-nepal","https://wsrv.nl/?w=560&url=https://cdn2.blanxer.com/uploads/682feff88c633f25b4c7ce32/product_image-aqara-led-bulb-t2-4788.webp","Aqara Motion and Light Sensor P2 Thread",""
"1784079330-1666","https://www.olizstore.com/brands","https://www.olizstore.com/brand/aqara","https://www.olizstore.com/product/aqara-led-bulb-t2-price-in-nepal","https://wsrv.nl/?w=560&url=https://cdn2.blanxer.com/uploads/682feff88c633f25b4c7ce32/product_image-aqara-led-bulb-t2-4788.webp","Aqara LED Bulb T2",""
"1784079443-1667","https://www.olizstore.com/brands","https://www.olizstore.com/brand/apple","https://www.olizstore.com/product/apple-watch-ultra","https://wsrv.nl/?w=560&url=https://cdn2.blanxer.com/uploads/682feff88c633f25b4c7ce32/product_image-iphone-17e-collection-9526.webp","Apple Watch Ultra","1,46,000"
"1784079445-1668","https://www.olizstore.com/brands","https://www.olizstore.com/brand/apple","https://www.olizstore.com/product/apple-watch-series-9","https://wsrv.nl/?w=560&url=https://cdn2.blanxer.com/uploads/682feff88c633f25b4c7ce32/product_image-iphone-17e-collection-9526.webp","Apple Watch Series 9","55,000"
"1784079448-1669","https://www.olizstore.com/brands","https://www.olizstore.com/brand/apple","https://www.olizstore.com/product/apple-watch-ultra-2","https://wsrv.nl/?w=560&url=https://cdn2.blanxer.com/uploads/682feff88c633f25b4c7ce32/product_image-iphone-17e-collection-9526.webp","Apple Watch Ultra 2","1,55,000"
"1784079451-1670","https://www.olizstore.com/brands","https://www.olizstore.com/brand/apple","https://www.olizstore.com/product/apple-watch-se-(gen-2)","https://wsrv.nl/?w=560&url=https://cdn2.blanxer.com/uploads/682feff88c633f25b4c7ce32/product_image-iphone-17e-collection-9526.webp","Apple Watch SE (Gen 2)","53,000"
"1784079453-1671","https://www.olizstore.com/brands","https://www.olizstore.com/brand/apple","https://www.olizstore.com/product/macbook-air-m2-13.6%22-price-in-nepal","https://wsrv.nl/?w=560&url=https://cdn2.blanxer.com/uploads/682feff88c633f25b4c7ce32/product_image-iphone-17e-collection-9526.webp","Apple MacBook Air M2 13.6""","1,29,000"
"1784079456-1672","https://www.olizstore.com/brands","https://www.olizstore.com/brand/apple","https://www.olizstore.com/product/macbook-air-m2-15.3%22-price-in-nepal","https://wsrv.nl/?w=560&url=https://cdn2.blanxer.com/uploads/682feff88c633f25b4c7ce32/product_image-iphone-17e-collection-9526.webp","Apple MacBook Air M2 15.3""","1,45,000"
"1784079460-1673","https://www.olizstore.com/brands","https://www.olizstore.com/brand/apple","https://www.olizstore.com/product/apple-macbook-air-m3-13.6%22-price-in-nepal","https://wsrv.nl/?w=560&url=https://cdn2.blanxer.com/uploads/682feff88c633f25b4c7ce32/product_image-iphone-17e-collection-9526.webp","Apple MacBook Air M3 13.6""","2,25,000"
"1784079463-1674","https://www.olizstore.com/brands","https://www.olizstore.com/brand/apple","https://www.olizstore.com/product/apple-macbook-air-m3-15.3%22-price-in-nepal","https://wsrv.nl/?w=560&url=https://cdn2.blanxer.com/uploads/682feff88c633f25b4c7ce32/product_image-iphone-17e-collection-9526.webp","Apple MacBook Air M3 15.3""","1,99,000"
"1784079466-1675","https://www.olizstore.com/brands","https://www.olizstore.com/brand/apple","https://www.olizstore.com/product/apple-macbook-air-m4-price-in-nepal","https://wsrv.nl/?w=560&url=https://cdn2.blanxer.com/uploads/682feff88c633f25b4c7ce32/product_image-iphone-17e-collection-9526.webp","Apple MacBook Air M4 13""","1,89,000"
"1784079469-1676","https://www.olizstore.com/brands","https://www.olizstore.com/brand/apple","https://www.olizstore.com/product/apple-macbook-air-m4-15%22-price-in-nepal","https://wsrv.nl/?w=560&url=https://cdn2.blanxer.com/uploads/682feff88c633f25b4c7ce32/product_image-iphone-17e-collection-9526.webp","Apple MacBook Air M4 15""","1,95,000"
"1784079471-1677","https://www.olizstore.com/brands","https://www.olizstore.com/brand/apple","https://www.olizstore.com/product/apple-12w-usb-power-adapter","https://wsrv.nl/?w=560&url=https://cdn2.blanxer.com/uploads/682feff88c633f25b4c7ce32/product_image-iphone-17e-collection-9526.webp","Apple 12W USB Power Adapter","3,500"
"1784079473-1678","https://www.olizstore.com/brands","https://www.olizstore.com/brand/apple","https://www.olizstore.com/product/apple-lightning-to-usb-cable","https://wsrv.nl/?w=560&url=https://cdn2.blanxer.com/uploads/682feff88c633f25b4c7ce32/product_image-iphone-17e-collection-9526.webp","Apple Lightning to USB Cable","3,500"
"1784079475-1679","https://www.olizstore.com/brands","https://www.olizstore.com/brand/apple","https://www.olizstore.com/product/apple-30w-usb-c-power-adapter","https://wsrv.nl/?w=560&url=https://cdn2.blanxer.com/uploads/682feff88c633f25b4c7ce32/product_image-iphone-17e-collection-9526.webp","Apple 30W USB-C Power Adapter","9,100"
"1784079477-1680","https://www.olizstore.com/brands","https://www.olizstore.com/brand/apple","https://www.olizstore.com/product/apple-airtag","https://wsrv.nl/?w=560&url=https://cdn2.blanxer.com/uploads/682feff88c633f25b4c7ce32/product_image-iphone-17e-collection-9526.webp","Apple AirTag","6,500"
"1784079480-1681","https://www.olizstore.com/brands","https://www.olizstore.com/brand/apple","https://www.olizstore.com/product/apple-earpods-with-3.5mm-headphone-plug","https://wsrv.nl/?w=560&url=https://cdn2.blanxer.com/uploads/682feff88c633f25b4c7ce32/product_image-iphone-17e-collection-9526.webp","Apple Earpods with 3.5mm Headphone Plug","5,000"
"1784079482-1682","https://www.olizstore.com/brands","https://www.olizstore.com/brand/apple","https://www.olizstore.com/product/apple-earpods-with-lightning-connector","https://wsrv.nl/?w=560&url=https://cdn2.blanxer.com/uploads/682feff88c633f25b4c7ce32/product_image-iphone-17e-collection-9526.webp","Apple EarPods with Lightning Connector","5,000"
"1784079484-1683","https://www.olizstore.com/brands","https://www.olizstore.com/brand/apple","https://www.olizstore.com/product/apple-earpods-with-usb-c-connector","https://wsrv.nl/?w=560&url=https://cdn2.blanxer.com/uploads/682feff88c633f25b4c7ce32/product_image-iphone-17e-collection-9526.webp","Apple EarPods with USB-C Connector","5,000"
"1784079486-1684","https://www.olizstore.com/brands","https://www.olizstore.com/brand/apple","https://www.olizstore.com/product/apple-iphone-magsafe-charger","https://wsrv.nl/?w=560&url=https://cdn2.blanxer.com/uploads/682feff88c633f25b4c7ce32/product_image-iphone-17e-collection-9526.webp","Apple iPhone MagSafe Charger","6,500"
"1784079488-1685","https://www.olizstore.com/brands","https://www.olizstore.com/brand/apple","https://www.olizstore.com/product/apple-watch-magnetic-charging-cable-(usb-a)","https://wsrv.nl/?w=560&url=https://cdn2.blanxer.com/uploads/682feff88c633f25b4c7ce32/product_image-iphone-17e-collection-9526.webp","Apple Watch Magnetic Charging Cable (USB-A)","5,500"
"1784079491-1686","https://www.olizstore.com/brands","https://www.olizstore.com/brand/apple","https://www.olizstore.com/product/apple-watch-magnetic-charging-cable-(usb-c)","https://wsrv.nl/?w=560&url=https://cdn2.blanxer.com/uploads/682feff88c633f25b4c7ce32/product_image-iphone-17e-collection-9526.webp","Apple Watch Magnetic Charging Cable (USB-C)","5,500"
"1784079493-1687","https://www.olizstore.com/brands","https://www.olizstore.com/brand/apple","https://www.olizstore.com/product/apple-pencil-(1st-generation)","https://wsrv.nl/?w=560&url=https://cdn2.blanxer.com/uploads/682feff88c633f25b4c7ce32/product_image-iphone-17e-collection-9526.webp","Apple Pencil (1st Generation)","19,500"
"1784079495-1688","https://www.olizstore.com/brands","https://www.olizstore.com/brand/apple","https://www.olizstore.com/product/apple-pencil-(2nd-generation)","https://wsrv.nl/?w=560&url=https://cdn2.blanxer.com/uploads/682feff88c633f25b4c7ce32/product_image-iphone-17e-collection-9526.webp","Apple Pencil (2nd Generation)","22,500"
"1784079497-1689","https://www.olizstore.com/brands","https://www.olizstore.com/brand/apple","https://www.olizstore.com/product/apple-pencil-(usb-c)","https://wsrv.nl/?w=560&url=https://cdn2.blanxer.com/uploads/682feff88c633f25b4c7ce32/product_image-iphone-17e-collection-9526.webp","Apple Pencil (USB-C)","17,000"
"1784079499-1690","https://www.olizstore.com/brands","https://www.olizstore.com/brand/apple","https://www.olizstore.com/product/apple-pencil-pro","https://wsrv.nl/?w=560&url=https://cdn2.blanxer.com/uploads/682feff88c633f25b4c7ce32/product_image-iphone-17e-collection-9526.webp","Apple Pencil Pro","28,000"
"1784079502-1691","https://www.olizstore.com/brands","https://www.olizstore.com/brand/apple","https://www.olizstore.com/product/apple-pencil-tips","https://wsrv.nl/?w=560&url=https://cdn2.blanxer.com/uploads/682feff88c633f25b4c7ce32/product_image-iphone-17e-collection-9526.webp","Apple Pencil Tips","4,500"
"1784079504-1692","https://www.olizstore.com/brands","https://www.olizstore.com/brand/apple","https://www.olizstore.com/product/apple-240w-usb-c-charge-cable-(2m)","https://wsrv.nl/?w=560&url=https://cdn2.blanxer.com/uploads/682feff88c633f25b4c7ce32/product_image-iphone-17e-collection-9526.webp","Apple 240W USB-C Charge Cable (2m)","6,500"
"1784079506-1693","https://www.olizstore.com/brands","https://www.olizstore.com/brand/apple","https://www.olizstore.com/product/apple-thunderbolt-4-pro-cable-(1m)","https://wsrv.nl/?w=560&url=https://cdn2.blanxer.com/uploads/682feff88c633f25b4c7ce32/product_image-iphone-17e-collection-9526.webp","Apple Thunderbolt 4 Pro Cable (1m)","11,500"
"1784079508-1694","https://www.olizstore.com/brands","https://www.olizstore.com/brand/apple","https://www.olizstore.com/product/apple-usb-c-to-apple-pencil-adapter","https://wsrv.nl/?w=560&url=https://cdn2.blanxer.com/uploads/682feff88c633f25b4c7ce32/product_image-iphone-17e-collection-9526.webp","Apple USB-C To Apple Pencil Adapter","2,500"
"1784079510-1695","https://www.olizstore.com/brands","https://www.olizstore.com/brand/apple","https://www.olizstore.com/product/apple-45w-magsafe-power-adapter","https://wsrv.nl/?w=560&url=https://cdn2.blanxer.com/uploads/682feff88c633f25b4c7ce32/product_image-iphone-17e-collection-9526.webp","Apple 45W Magsafe Power Adapter","12,500"
"1784079513-1696","https://www.olizstore.com/brands","https://www.olizstore.com/brand/apple","https://www.olizstore.com/product/apple-45w-magsafe-2-power-adapter","https://wsrv.nl/?w=560&url=https://cdn2.blanxer.com/uploads/682feff88c633f25b4c7ce32/product_image-iphone-17e-collection-9526.webp","Apple 45W Magsafe 2 Power Adapter","14,500"
"1784079515-1697","https://www.olizstore.com/brands","https://www.olizstore.com/brand/apple","https://www.olizstore.com/product/apple-85w-magsafe-power-adapter","https://wsrv.nl/?w=560&url=https://cdn2.blanxer.com/uploads/682feff88c633f25b4c7ce32/product_image-iphone-17e-collection-9526.webp","Apple 85W MagSafe Power Adapter","14,500"
"1784079517-1698","https://www.olizstore.com/brands","https://www.olizstore.com/brand/apple","https://www.olizstore.com/product/apple-85w-magsafe-2-power-adapter","https://wsrv.nl/?w=560&url=https://cdn2.blanxer.com/uploads/682feff88c633f25b4c7ce32/product_image-iphone-17e-collection-9526.webp","Apple 85W MagSafe 2 Power Adapter","17,900"
"1784079519-1699","https://www.olizstore.com/brands","https://www.olizstore.com/brand/apple","https://www.olizstore.com/product/apple-70w-usb-c-power-adapter","https://wsrv.nl/?w=560&url=https://cdn2.blanxer.com/uploads/682feff88c633f25b4c7ce32/product_image-iphone-17e-collection-9526.webp","Apple 70W USB-C Power Adapter","14,500"
"1784079522-1700","https://www.olizstore.com/brands","https://www.olizstore.com/brand/apple","https://www.olizstore.com/product/apple-usb-c-96w-power-adapter","https://wsrv.nl/?w=560&url=https://cdn2.blanxer.com/uploads/682feff88c633f25b4c7ce32/product_image-iphone-17e-collection-9526.webp","Apple USB-C 96W Power Adapter","17,900"
"1784079524-1701","https://www.olizstore.com/brands","https://www.olizstore.com/brand/apple","https://www.olizstore.com/product/apple-lightning-to-vga-adapter","https://wsrv.nl/?w=560&url=https://cdn2.blanxer.com/uploads/682feff88c633f25b4c7ce32/product_image-iphone-17e-collection-9526.webp","Apple Lightning to VGA Adapter","7,500"
"1784079526-1702","https://www.olizstore.com/brands","https://www.olizstore.com/brand/apple","https://www.olizstore.com/product/apple-mini-displayport-to-vga-adapter","https://wsrv.nl/?w=560&url=https://cdn2.blanxer.com/uploads/682feff88c633f25b4c7ce32/product_image-iphone-17e-collection-9526.webp","Apple Mini DisplayPort to VGA Adapter","5,000"
"1784079528-1703","https://www.olizstore.com/brands","https://www.olizstore.com/brand/apple","https://www.olizstore.com/product/apple-usb-c-to-vga-multiport-adapter","https://wsrv.nl/?w=560&url=https://cdn2.blanxer.com/uploads/682feff88c633f25b4c7ce32/product_image-iphone-17e-collection-9526.webp","Apple USB-C to VGA Multiport Adapter","7,500"
"1784079530-1704","https://www.olizstore.com/brands","https://www.olizstore.com/brand/apple","https://www.olizstore.com/product/apple-ipad-air-m2-11%22","https://wsrv.nl/?w=560&url=https://cdn2.blanxer.com/uploads/682feff88c633f25b4c7ce32/product_image-iphone-17e-collection-9526.webp","Apple iPad Air M2 - 11""","85,000"
"1784079533-1705","https://www.olizstore.com/brands","https://www.olizstore.com/brand/apple","https://www.olizstore.com/product/apple-ipad-air-m2-13%22","https://wsrv.nl/?w=560&url=https://cdn2.blanxer.com/uploads/682feff88c633f25b4c7ce32/product_image-iphone-17e-collection-9526.webp","Apple iPad Air M2 - 13""","0"
"1784079535-1706","https://www.olizstore.com/brands","https://www.olizstore.com/brand/apple","https://www.olizstore.com/product/apple-ipad-pro-m1-12.9","https://wsrv.nl/?w=560&url=https://cdn2.blanxer.com/uploads/682feff88c633f25b4c7ce32/product_image-iphone-17e-collection-9526.webp","Apple iPad Pro M1 - 12.9″","1,65,000"
"1784079539-1707","https://www.olizstore.com/brands","https://www.olizstore.com/brand/apple","https://www.olizstore.com/product/apple-ipad-pro-m2-12.9%22","https://wsrv.nl/?w=560&url=https://cdn2.blanxer.com/uploads/682feff88c633f25b4c7ce32/product_image-iphone-17e-collection-9526.webp","Apple iPad Pro M2 - 12.9""","1,90,000"
"1784079542-1708","https://www.olizstore.com/brands","https://www.olizstore.com/brand/apple","https://www.olizstore.com/product/apple-ipad-pro-m4-11","https://wsrv.nl/?w=560&url=https://cdn2.blanxer.com/uploads/682feff88c633f25b4c7ce32/product_image-iphone-17e-collection-9526.webp","Apple iPad Pro M4 - 11″","1,70,000"
"1784079545-1709","https://www.olizstore.com/brands","https://www.olizstore.com/brand/apple","https://www.olizstore.com/product/apple-ipad-pro-m4-13","https://wsrv.nl/?w=560&url=https://cdn2.blanxer.com/uploads/682feff88c633f25b4c7ce32/product_image-iphone-17e-collection-9526.webp","Apple iPad Pro M4 - 13″","2,19,000"
"1784079547-1710","https://www.olizstore.com/brands","https://www.olizstore.com/brand/apple","https://www.olizstore.com/product/apple-ipad-mini-a17-pro-8.3%22","https://wsrv.nl/?w=560&url=https://cdn2.blanxer.com/uploads/682feff88c633f25b4c7ce32/product_image-iphone-17e-collection-9526.webp","Apple iPad Mini A17 Pro - 8.3""","1,20,000"
"1784079549-1711","https://www.olizstore.com/brands","https://www.olizstore.com/brand/apple","https://www.olizstore.com/product/apple-ipad-a16-11%22","https://wsrv.nl/?w=560&url=https://cdn2.blanxer.com/uploads/682feff88c633f25b4c7ce32/product_image-iphone-17e-collection-9526.webp","Apple iPad A16 - 11""","88,000"
"1784079552-1712","https://www.olizstore.com/brands","https://www.olizstore.com/brand/apple","https://www.olizstore.com/product/apple-ipad-air-m3-11","https://wsrv.nl/?w=560&url=https://cdn2.blanxer.com/uploads/682feff88c633f25b4c7ce32/product_image-iphone-17e-collection-9526.webp","Apple iPad Air M3 - 11″","97,500"
"1784079554-1713","https://www.olizstore.com/brands","https://www.olizstore.com/brand/apple","https://www.olizstore.com/product/apple-ipad-air-m3-13","https://wsrv.nl/?w=560&url=https://cdn2.blanxer.com/uploads/682feff88c633f25b4c7ce32/product_image-iphone-17e-collection-9526.webp","Apple iPad Air M3 - 13″","1,35,600"
"1784079556-1714","https://www.olizstore.com/brands","https://www.olizstore.com/brand/apple","https://www.olizstore.com/product/apple-imac-m3-24%22","https://wsrv.nl/?w=560&url=https://cdn2.blanxer.com/uploads/682feff88c633f25b4c7ce32/product_image-iphone-17e-collection-9526.webp","Apple iMac M3 - 24""","2,05,000"
"1784079559-1715","https://www.olizstore.com/brands","https://www.olizstore.com/brand/apple","https://www.olizstore.com/product/apple-imac-m4-24%22","https://wsrv.nl/?w=560&url=https://cdn2.blanxer.com/uploads/682feff88c633f25b4c7ce32/product_image-iphone-17e-collection-9526.webp","Apple iMac M4 - 24""","2,81,500"
"1784079562-1716","https://www.olizstore.com/brands","https://www.olizstore.com/brand/apple","https://www.olizstore.com/product/apple-macbook-pro-14.2-m2-max-price-in-nepal","https://wsrv.nl/?w=560&url=https://cdn2.blanxer.com/uploads/682feff88c633f25b4c7ce32/product_image-iphone-17e-collection-9526.webp","Apple MacBook Pro M2 Max 14.2″","4,00,000"
"1784079565-1717","https://www.olizstore.com/brands","https://www.olizstore.com/brand/apple","https://www.olizstore.com/product/apple-macbook-pro-14.2-m2-pro-price-in-nepal","https://wsrv.nl/?w=560&url=https://cdn2.blanxer.com/uploads/682feff88c633f25b4c7ce32/product_image-iphone-17e-collection-9526.webp","Apple MacBook Pro M2 Pro 14.2″","3,00,000"
"1784079567-1718","https://www.olizstore.com/brands","https://www.olizstore.com/brand/apple","https://www.olizstore.com/product/apple-macbook-pro-14%22-m3-price-in-nepal","https://wsrv.nl/?w=560&url=https://cdn2.blanxer.com/uploads/682feff88c633f25b4c7ce32/product_image-iphone-17e-collection-9526.webp","Apple MacBook Pro M3 14″","1,98,000"
"1784079571-1719","https://www.olizstore.com/brands","https://www.olizstore.com/brand/apple","https://www.olizstore.com/product/apple-macbook-pro-14-m3-pro%22-price-in-nepal","https://wsrv.nl/?w=560&url=https://cdn2.blanxer.com/uploads/682feff88c633f25b4c7ce32/product_image-iphone-17e-collection-9526.webp","Apple MacBook Pro M3 Pro 14″","0"
"1784079573-1720","https://www.olizstore.com/brands","https://www.olizstore.com/brand/apple","https://www.olizstore.com/product/apple-macbook-pro-16-m3-pro","https://wsrv.nl/?w=560&url=https://cdn2.blanxer.com/uploads/682feff88c633f25b4c7ce32/product_image-iphone-17e-collection-9526.webp","Apple MacBook Pro M3 Pro 16″",""
"1784079576-1721","https://www.olizstore.com/brands","https://www.olizstore.com/brand/apple","https://www.olizstore.com/product/apple-macbook-pro-m3-max-16%22-price-in-nepal","https://wsrv.nl/?w=560&url=https://cdn2.blanxer.com/uploads/682feff88c633f25b4c7ce32/product_image-iphone-17e-collection-9526.webp","Apple MacBook Pro M3 Max 16″","5,88,000"
"1784079578-1722","https://www.olizstore.com/brands","https://www.olizstore.com/brand/apple","https://www.olizstore.com/product/apple-macbook-pro-m3-max-14%22-price-in-nepal","https://wsrv.nl/?w=560&url=https://cdn2.blanxer.com/uploads/682feff88c633f25b4c7ce32/product_image-iphone-17e-collection-9526.webp","Apple MacBook Pro M3 Max 14""",""
"1784079580-1723","https://www.olizstore.com/brands","https://www.olizstore.com/brand/apple","https://www.olizstore.com/product/apple-macbook-pro-m4-14%22-price-in-nepal","https://wsrv.nl/?w=560&url=https://cdn2.blanxer.com/uploads/682feff88c633f25b4c7ce32/product_image-iphone-17e-collection-9526.webp","Apple MacBook Pro M4 14″","2,69,000"
"1784079583-1724","https://www.olizstore.com/brands","https://www.olizstore.com/brand/apple","https://www.olizstore.com/product/apple-macbook-pro-m4-pro-14%22-price-in-nepal","https://wsrv.nl/?w=560&url=https://cdn2.blanxer.com/uploads/682feff88c633f25b4c7ce32/product_image-iphone-17e-collection-9526.webp","Apple MacBook Pro M4 Pro 14""","3,49,000"
"1784079586-1725","https://www.olizstore.com/brands","https://www.olizstore.com/brand/apple","https://www.olizstore.com/product/apple-macbook-pro-m4-pro-16%22-price-in-nepal","https://wsrv.nl/?w=560&url=https://cdn2.blanxer.com/uploads/682feff88c633f25b4c7ce32/product_image-iphone-17e-collection-9526.webp","Apple MacBook Pro M4 Pro 16″","4,45,000"
"1784079589-1726","https://www.olizstore.com/brands","https://www.olizstore.com/brand/apple","https://www.olizstore.com/product/apple-macbook-pro-m4-max-16%22-price-in-nepal","https://wsrv.nl/?w=560&url=https://cdn2.blanxer.com/uploads/682feff88c633f25b4c7ce32/product_image-iphone-17e-collection-9526.webp","Apple MacBook Pro M4 Max 16″","6,20,000"
"1784079591-1727","https://www.olizstore.com/brands","https://www.olizstore.com/brand/apple","https://www.olizstore.com/product/apple-mac-mini-m1-price-in-nepal","https://wsrv.nl/?w=560&url=https://cdn2.blanxer.com/uploads/682feff88c633f25b4c7ce32/product_image-iphone-17e-collection-9526.webp","Apple Mac Mini M1","79,900"
"1784079594-1728","https://www.olizstore.com/brands","https://www.olizstore.com/brand/apple","https://www.olizstore.com/product/apple-mac-mini-m2-price-in-nepal","https://wsrv.nl/?w=560&url=https://cdn2.blanxer.com/uploads/682feff88c633f25b4c7ce32/product_image-iphone-17e-collection-9526.webp","Apple Mac Mini M2","1,10,000"
"1784079596-1729","https://www.olizstore.com/brands","https://www.olizstore.com/brand/apple","https://www.olizstore.com/product/apple-mac-mini-m4-price-in-nepal","https://wsrv.nl/?w=560&url=https://cdn2.blanxer.com/uploads/682feff88c633f25b4c7ce32/product_image-iphone-17e-collection-9526.webp","Apple Mac Mini M4","1,45,000"
"1784079598-1730","https://www.olizstore.com/brands","https://www.olizstore.com/brand/apple","https://www.olizstore.com/product/apple-mac-mini-m4-pro-price-in-nepal","https://wsrv.nl/?w=560&url=https://cdn2.blanxer.com/uploads/682feff88c633f25b4c7ce32/product_image-iphone-17e-collection-9526.webp","Apple Mac Mini M4 Pro","2,50,000"
"1784079601-1731","https://www.olizstore.com/brands","https://www.olizstore.com/brand/apple","https://www.olizstore.com/product/apple-magic-keyboard-with-touch-id-price-in-nepal","https://wsrv.nl/?w=560&url=https://cdn2.blanxer.com/uploads/682feff88c633f25b4c7ce32/product_image-iphone-17e-collection-9526.webp","Apple Magic Keyboard with Touch ID","26,500"
"1784079604-1732","https://www.olizstore.com/brands","https://www.olizstore.com/brand/apple","https://www.olizstore.com/product/apple-magic-keyboard-with-touch-id-and-numeric-keypad-price-in-nepal","https://wsrv.nl/?w=560&url=https://cdn2.blanxer.com/uploads/682feff88c633f25b4c7ce32/product_image-iphone-17e-collection-9526.webp","Apple Magic Keyboard with Touch ID and Numeric Keypad","31,500"
"1784079606-1733","https://www.olizstore.com/brands","https://www.olizstore.com/brand/apple","https://www.olizstore.com/product/apple-magic-keyboard-with-numeric-keypad-price-in-nepal","https://wsrv.nl/?w=560&url=https://cdn2.blanxer.com/uploads/682feff88c633f25b4c7ce32/product_image-iphone-17e-collection-9526.webp","Apple Magic Keyboard with Numeric Keypad","21,000"
"1784079609-1734","https://www.olizstore.com/brands","https://www.olizstore.com/brand/apple","https://www.olizstore.com/product/apple-magic-mouse-2-price-in-nepal","https://wsrv.nl/?w=560&url=https://cdn2.blanxer.com/uploads/682feff88c633f25b4c7ce32/product_image-iphone-17e-collection-9526.webp","Apple Magic Mouse 2","15,000"
"1784079611-1735","https://www.olizstore.com/brands","https://www.olizstore.com/brand/apple","https://www.olizstore.com/product/apple-magic-trackpad-price-in-nepal","https://wsrv.nl/?w=560&url=https://cdn2.blanxer.com/uploads/682feff88c633f25b4c7ce32/product_image-iphone-17e-collection-9526.webp","Apple Magic Trackpad","20,500"
"1784079613-1736","https://www.olizstore.com/brands","https://www.olizstore.com/brand/apple","https://www.olizstore.com/product/apple-watch-series-10","https://wsrv.nl/?w=560&url=https://cdn2.blanxer.com/uploads/682feff88c633f25b4c7ce32/product_image-iphone-17e-collection-9526.webp","Apple Watch Series 10","74,000"
"1784079615-1737","https://www.olizstore.com/brands","https://www.olizstore.com/brand/apple","https://www.olizstore.com/product/apple-airpods-max-(2024)","https://wsrv.nl/?w=560&url=https://cdn2.blanxer.com/uploads/682feff88c633f25b4c7ce32/product_image-iphone-17e-collection-9526.webp","Apple AirPods Max (2024)","1,23,500"
"1784079618-1738","https://www.olizstore.com/brands","https://www.olizstore.com/brand/apple","https://www.olizstore.com/product/apple-airpods-(4th-generation)","https://wsrv.nl/?w=560&url=https://cdn2.blanxer.com/uploads/682feff88c633f25b4c7ce32/product_image-iphone-17e-collection-9526.webp","Apple AirPods (4th Gen)","0"
"1784079621-1739","https://www.olizstore.com/brands","https://www.olizstore.com/brand/apple","https://www.olizstore.com/product/apple-lightning-to-3.5-mm-headphone-jack-adapter","https://wsrv.nl/?w=560&url=https://cdn2.blanxer.com/uploads/682feff88c633f25b4c7ce32/product_image-iphone-17e-collection-9526.webp","Apple Lightning to 3.5 mm Headphone Jack Adapter","2,500"
"1784079623-1740","https://www.olizstore.com/brands","https://www.olizstore.com/brand/apple","https://www.olizstore.com/product/apple-usb-c-to-3.5-mm-headphone-jack-adapter","https://wsrv.nl/?w=560&url=https://cdn2.blanxer.com/uploads/682feff88c633f25b4c7ce32/product_image-iphone-17e-collection-9526.webp","Apple USB-C to 3.5 mm Headphone Jack Adapter","2,500"
"1784079625-1741","https://www.olizstore.com/brands","https://www.olizstore.com/brand/apple","https://www.olizstore.com/product/apple-usb-c-to-lightning-cable","https://wsrv.nl/?w=560&url=https://cdn2.blanxer.com/uploads/682feff88c633f25b4c7ce32/product_image-iphone-17e-collection-9526.webp","Apple USB-C to Lightning Cable","4,000"
"1784079628-1742","https://www.olizstore.com/brands","https://www.olizstore.com/brand/apple","https://www.olizstore.com/product/apple-60w-usb-c-charge-cable","https://wsrv.nl/?w=560&url=https://cdn2.blanxer.com/uploads/682feff88c633f25b4c7ce32/product_image-iphone-17e-collection-9526.webp","Apple 60W USB-C Charge Cable","4,000"
"1784079630-1743","https://www.olizstore.com/brands","https://www.olizstore.com/brand/apple","https://www.olizstore.com/product/apple-iphone-14","https://wsrv.nl/?w=560&url=https://cdn2.blanxer.com/uploads/682feff88c633f25b4c7ce32/product_image-iphone-17e-collection-9526.webp","Apple iPhone 14","93,499"
"1784079632-1744","https://www.olizstore.com/brands","https://www.olizstore.com/brand/apple","https://www.olizstore.com/product/apple-usb-c-20w-power-adapter","https://wsrv.nl/?w=560&url=https://cdn2.blanxer.com/uploads/682feff88c633f25b4c7ce32/product_image-iphone-17e-collection-9526.webp","Apple USB-C 20W Power Adapter","4,500"
"1784079635-1745","https://www.olizstore.com/brands","https://www.olizstore.com/brand/apple","https://www.olizstore.com/product/iphone-15","https://wsrv.nl/?w=560&url=https://cdn2.blanxer.com/uploads/682feff88c633f25b4c7ce32/product_image-iphone-17e-collection-9526.webp","Apple iPhone 15","1,19,499"
"1784079637-1746","https://www.olizstore.com/brands","https://www.olizstore.com/brand/apple","https://www.olizstore.com/product/apple-iphone-16","https://wsrv.nl/?w=560&url=https://cdn2.blanxer.com/uploads/682feff88c633f25b4c7ce32/product_image-iphone-17e-collection-9526.webp","Apple iPhone 16","1,46,599"
"1784079640-1747","https://www.olizstore.com/brands","https://www.olizstore.com/brand/apple","https://www.olizstore.com/product/iphone-16e","https://wsrv.nl/?w=560&url=https://cdn2.blanxer.com/uploads/682feff88c633f25b4c7ce32/product_image-iphone-17e-collection-9526.webp","Apple iPhone 16e (256 GB)","1,05,999"
"1784079642-1748","https://www.olizstore.com/brands","https://www.olizstore.com/brand/apple","https://www.olizstore.com/product/apple-mac-studio-m3-ultra-price-in-nepal","https://wsrv.nl/?w=560&url=https://cdn2.blanxer.com/uploads/682feff88c633f25b4c7ce32/product_image-iphone-17e-collection-9526.webp","Apple Mac Studio M3 Ultra","9,63,000"
"1784079644-1749","https://www.olizstore.com/brands","https://www.olizstore.com/brand/apple","https://www.olizstore.com/product/apple-mac-studio-m4-max-price-in-nepal","https://wsrv.nl/?w=560&url=https://cdn2.blanxer.com/uploads/682feff88c633f25b4c7ce32/product_image-iphone-17e-collection-9526.webp","Apple Mac Studio M4 Max","4,55,000"
"1784079647-1750","https://www.olizstore.com/brands","https://www.olizstore.com/brand/apple","https://www.olizstore.com/product/apple-mac-studio-display-standard","https://wsrv.nl/?w=560&url=https://cdn2.blanxer.com/uploads/682feff88c633f25b4c7ce32/product_image-iphone-17e-collection-9526.webp","Apple Mac Studio Display Standard","3,84,500"
"1784079650-1751","https://www.olizstore.com/brands","https://www.olizstore.com/brand/apple","https://www.olizstore.com/product/apple-mac-studio-display-standard-tilt1m","https://wsrv.nl/?w=560&url=https://cdn2.blanxer.com/uploads/682feff88c633f25b4c7ce32/product_image-iphone-17e-collection-9526.webp","Apple Mac Studio Display Standard /Tilt/1M","2,67,500"
"1784079652-1752","https://www.olizstore.com/brands","https://www.olizstore.com/brand/apple","https://www.olizstore.com/product/apple-mac-studio-display-standardheight1m","https://wsrv.nl/?w=560&url=https://cdn2.blanxer.com/uploads/682feff88c633f25b4c7ce32/product_image-iphone-17e-collection-9526.webp","Apple Mac Studio Display Standard/Height/1m","3,84,500"
"1784079654-1753","https://www.olizstore.com/brands","https://www.olizstore.com/brand/apple","https://www.olizstore.com/product/apple-mac-studio-display-standard-tilt","https://wsrv.nl/?w=560&url=https://cdn2.blanxer.com/uploads/682feff88c633f25b4c7ce32/product_image-iphone-17e-collection-9526.webp","Apple Mac Studio Display - Standard /Tilt","3,25,000"
"1784079657-1754","https://www.olizstore.com/brands","https://www.olizstore.com/brand/apple","https://www.olizstore.com/product/apple-mac-studio-display-nanotilt1m","https://wsrv.nl/?w=560&url=https://cdn2.blanxer.com/uploads/682feff88c633f25b4c7ce32/product_image-iphone-17e-collection-9526.webp","Apple Mac Studio Display Nano/Tilt/1m","3,17,500"
"1784079659-1755","https://www.olizstore.com/brands","https://www.olizstore.com/brand/apple","https://www.olizstore.com/product/apple-magic-keyboard-folio-for-ipad-10th-gen","https://wsrv.nl/?w=560&url=https://cdn2.blanxer.com/uploads/682feff88c633f25b4c7ce32/product_image-iphone-17e-collection-9526.webp","Apple Magic Keyboard Folio For iPad 10th Gen","45,000"
"1784079661-1756","https://www.olizstore.com/brands","https://www.olizstore.com/brand/apple","https://www.olizstore.com/product/apple-magic-keyboard-for-ipad-12.9%22-(3rd-4th-5th-and-6th-gen)-price-in-nepal","https://wsrv.nl/?w=560&url=https://cdn2.blanxer.com/uploads/682feff88c633f25b4c7ce32/product_image-iphone-17e-collection-9526.webp","Apple Magic Keyboard for iPad 12.9"" (3rd, 4th, 5th, and 6th Gen)","65,000"
"1784079663-1757","https://www.olizstore.com/brands","https://www.olizstore.com/brand/apple","https://www.olizstore.com/product/apple-magic-keyboard-for-ipad-air-13%22-price-in-nepal","https://wsrv.nl/?w=560&url=https://cdn2.blanxer.com/uploads/682feff88c633f25b4c7ce32/product_image-iphone-17e-collection-9526.webp","Apple Magic Keyboard For iPad Air 13""","55,000"
"1784079665-1758","https://www.olizstore.com/brands","https://www.olizstore.com/brand/apple","https://www.olizstore.com/product/apple-magic-keyboard-for-ipad-pro-m4-11%22-price-in-nepal","https://wsrv.nl/?w=560&url=https://cdn2.blanxer.com/uploads/682feff88c633f25b4c7ce32/product_image-iphone-17e-collection-9526.webp","Apple Magic Keyboard for iPad Pro M4 11""","55,000"
"1784079668-1759","https://www.olizstore.com/brands","https://www.olizstore.com/brand/apple","https://www.olizstore.com/product/apple-magic-keyboard-for-ipad-pro-m4-13%22-price-in-nepal","https://wsrv.nl/?w=560&url=https://cdn2.blanxer.com/uploads/682feff88c633f25b4c7ce32/product_image-iphone-17e-collection-9526.webp","Apple Magic Keyboard For iPad Pro M4 13""","65,000"
"1784079670-1760","https://www.olizstore.com/brands","https://www.olizstore.com/brand/apple","https://www.olizstore.com/product/apple-iphone-17-pro-max-price-in-nepal","https://wsrv.nl/?w=560&url=https://cdn2.blanxer.com/uploads/682feff88c633f25b4c7ce32/product_image-iphone-17e-collection-9526.webp","Apple iPhone 17 Pro Max","2,42,999"
"1784079673-1761","https://www.olizstore.com/brands","https://www.olizstore.com/brand/apple","https://www.olizstore.com/product/apple-iphone-17-pro-price-in-nepal","https://wsrv.nl/?w=560&url=https://cdn2.blanxer.com/uploads/682feff88c633f25b4c7ce32/product_image-iphone-17e-collection-9526.webp","Apple iPhone 17 Pro","2,36,899"
"1784079675-1762","https://www.olizstore.com/brands","https://www.olizstore.com/brand/apple","https://www.olizstore.com/product/apple-iphone-air-price-in-nepal","https://wsrv.nl/?w=560&url=https://cdn2.blanxer.com/uploads/682feff88c633f25b4c7ce32/product_image-iphone-17e-collection-9526.webp","Apple iPhone Air","1,90,699"
"1784079680-1763","https://www.olizstore.com/brands","https://www.olizstore.com/brand/apple","https://www.olizstore.com/product/apple-iphone-17-price-in-nepal","https://wsrv.nl/?w=560&url=https://cdn2.blanxer.com/uploads/682feff88c633f25b4c7ce32/product_image-iphone-17e-collection-9526.webp","Apple iPhone 17","1,63,499"
"1784079682-1764","https://www.olizstore.com/brands","https://www.olizstore.com/brand/apple","https://www.olizstore.com/product/apple-usb-c-20w-power-adapter-(2-pin)","https://wsrv.nl/?w=560&url=https://cdn2.blanxer.com/uploads/682feff88c633f25b4c7ce32/product_image-iphone-17e-collection-9526.webp","Apple USB-C 20W Power Adapter (2 Pin)","4,500"
"1784079684-1765","https://www.olizstore.com/brands","https://www.olizstore.com/brand/apple","https://www.olizstore.com/product/apple-watch-ultra-3-price-in-nepal","https://wsrv.nl/?w=560&url=https://cdn2.blanxer.com/uploads/682feff88c633f25b4c7ce32/product_image-iphone-17e-collection-9526.webp","Apple Watch Ultra 3","1,59,500"
"1784079686-1766","https://www.olizstore.com/brands","https://www.olizstore.com/brand/apple","https://www.olizstore.com/product/apple-watch-series-11-price-in-nepal","https://wsrv.nl/?w=560&url=https://cdn2.blanxer.com/uploads/682feff88c633f25b4c7ce32/product_image-iphone-17e-collection-9526.webp","Apple Watch Series 11","79,000"
"1784079689-1767","https://www.olizstore.com/brands","https://www.olizstore.com/brand/apple","https://www.olizstore.com/product/apple-watch-se-3-price-in-nepal","https://wsrv.nl/?w=560&url=https://cdn2.blanxer.com/uploads/682feff88c633f25b4c7ce32/product_image-iphone-17e-collection-9526.webp","Apple Watch SE 3","52,000"
"1784079691-1768","https://www.olizstore.com/brands","https://www.olizstore.com/brand/apple","https://www.olizstore.com/product/apple-airpods-pro-3-price-in-nepal","https://wsrv.nl/?w=560&url=https://cdn2.blanxer.com/uploads/682feff88c633f25b4c7ce32/product_image-iphone-17e-collection-9526.webp","Apple AirPods Pro 3","50,500"
"1784079693-1769","https://www.olizstore.com/brands","https://www.olizstore.com/brand/apple","https://www.olizstore.com/product/apple-iphone-15-pro-silicone-case","https://wsrv.nl/?w=560&url=https://cdn2.blanxer.com/uploads/682feff88c633f25b4c7ce32/product_image-iphone-17e-collection-9526.webp","Apple iPhone 15 Pro Silicone Case","11,500"
"1784079696-1770","https://www.olizstore.com/brands","https://www.olizstore.com/brand/apple","https://www.olizstore.com/product/apple-iphone-15-pro-finewoven-case","https://wsrv.nl/?w=560&url=https://cdn2.blanxer.com/uploads/682feff88c633f25b4c7ce32/product_image-iphone-17e-collection-9526.webp","Apple iPhone 15 Pro FineWoven Case","13,500"
"1784079699-1771","https://www.olizstore.com/brands","https://www.olizstore.com/brand/apple","https://www.olizstore.com/product/apple-iphone-15-pro-max-silicone-case","https://wsrv.nl/?w=560&url=https://cdn2.blanxer.com/uploads/682feff88c633f25b4c7ce32/product_image-iphone-17e-collection-9526.webp","Apple iPhone 15 Pro Max Silicone Case","11,500"
"1784079701-1772","https://www.olizstore.com/brands","https://www.olizstore.com/brand/apple","https://www.olizstore.com/product/apple-iphone-15-pro-max-finewoven-case","https://wsrv.nl/?w=560&url=https://cdn2.blanxer.com/uploads/682feff88c633f25b4c7ce32/product_image-iphone-17e-collection-9526.webp","Apple iPhone 15 Pro Max FineWoven Case","13,500"
"1784079703-1773","https://www.olizstore.com/brands","https://www.olizstore.com/brand/apple","https://www.olizstore.com/product/apple-iphone-16-pro-max-silicone-case","https://wsrv.nl/?w=560&url=https://cdn2.blanxer.com/uploads/682feff88c633f25b4c7ce32/product_image-iphone-17e-collection-9526.webp","Apple iPhone 16 Pro Max Silicone Case","11,500"
"1784079705-1774","https://www.olizstore.com/brands","https://www.olizstore.com/brand/apple","https://www.olizstore.com/product/apple-iphone-16-pro-silicone-case","https://wsrv.nl/?w=560&url=https://cdn2.blanxer.com/uploads/682feff88c633f25b4c7ce32/product_image-iphone-17e-collection-9526.webp","Apple iPhone 16 Pro Silicone Case","11,500"
"1784079707-1775","https://www.olizstore.com/brands","https://www.olizstore.com/brand/apple","https://www.olizstore.com/product/apple-iphone-16-silicone-case","https://wsrv.nl/?w=560&url=https://cdn2.blanxer.com/uploads/682feff88c633f25b4c7ce32/product_image-iphone-17e-collection-9526.webp","Apple iPhone 16 Silicone Case","11,500"
"1784079710-1776","https://www.olizstore.com/brands","https://www.olizstore.com/brand/apple","https://www.olizstore.com/product/apple-iphone-17-pro-max-clear-case","https://wsrv.nl/?w=560&url=https://cdn2.blanxer.com/uploads/682feff88c633f25b4c7ce32/product_image-iphone-17e-collection-9526.webp","Apple iPhone 17 Pro Max Clear Case","11,500"
"1784079712-1777","https://www.olizstore.com/brands","https://www.olizstore.com/brand/apple","https://www.olizstore.com/product/apple-iphone-17-pro-max-silicone-case","https://wsrv.nl/?w=560&url=https://cdn2.blanxer.com/uploads/682feff88c633f25b4c7ce32/product_image-iphone-17e-collection-9526.webp","Apple iPhone 17 Pro Max Silicone Case","14,500"
"1784079714-1778","https://www.olizstore.com/brands","https://www.olizstore.com/brand/apple","https://www.olizstore.com/product/apple-iphone-17-pro-clear-case","https://wsrv.nl/?w=560&url=https://cdn2.blanxer.com/uploads/682feff88c633f25b4c7ce32/product_image-iphone-17e-collection-9526.webp","Apple iPhone 17 Pro Clear Case","11,500"
"1784079716-1779","https://www.olizstore.com/brands","https://www.olizstore.com/brand/apple","https://www.olizstore.com/product/apple-iphone-17-pro-techwoven-case","https://wsrv.nl/?w=560&url=https://cdn2.blanxer.com/uploads/682feff88c633f25b4c7ce32/product_image-iphone-17e-collection-9526.webp","Apple iPhone 17 Pro TechWoven Case","14,500"
"1784079719-1780","https://www.olizstore.com/brands","https://www.olizstore.com/brand/apple","https://www.olizstore.com/product/apple-iphone-17-silicone-case","https://wsrv.nl/?w=560&url=https://cdn2.blanxer.com/uploads/682feff88c633f25b4c7ce32/product_image-iphone-17e-collection-9526.webp","Apple iPhone 17 Silicone Case","14,500"
"1784079721-1781","https://www.olizstore.com/brands","https://www.olizstore.com/brand/apple","https://www.olizstore.com/product/apple-iphone-air-case","https://wsrv.nl/?w=560&url=https://cdn2.blanxer.com/uploads/682feff88c633f25b4c7ce32/product_image-iphone-17e-collection-9526.webp","Apple iPhone Air Case","11,500"
"1784079723-1782","https://www.olizstore.com/brands","https://www.olizstore.com/brand/apple","https://www.olizstore.com/product/apple-ipad-pro-(m4)-smart-folio-case","https://wsrv.nl/?w=560&url=https://cdn2.blanxer.com/uploads/682feff88c633f25b4c7ce32/product_image-iphone-17e-collection-9526.webp","Apple iPad Pro (M4) Smart Folio Case","26,500"
"1784079729-1783","https://www.olizstore.com/brands","https://www.olizstore.com/brand/apple","https://www.olizstore.com/product/apple-macbook-pro-m5-price-in-nepal","https://wsrv.nl/?w=560&url=https://cdn2.blanxer.com/uploads/682feff88c633f25b4c7ce32/product_image-iphone-17e-collection-9526.webp","Apple MacBook Pro M5 14""","2,85,000"
"1784079731-1784","https://www.olizstore.com/brands","https://www.olizstore.com/brand/apple","https://www.olizstore.com/product/apple-ipad-pro-m5-11","https://wsrv.nl/?w=560&url=https://cdn2.blanxer.com/uploads/682feff88c633f25b4c7ce32/product_image-iphone-17e-collection-9526.webp","Apple iPad Pro M5 - 11″","2,31,000"
"1784079734-1785","https://www.olizstore.com/brands","https://www.olizstore.com/brand/apple","https://www.olizstore.com/product/apple-ipad-pro-m5-13","https://wsrv.nl/?w=560&url=https://cdn2.blanxer.com/uploads/682feff88c633f25b4c7ce32/product_image-iphone-17e-collection-9526.webp","Apple iPad Pro M5 - 13″","2,89,000"
"1784079736-1786","https://www.olizstore.com/brands","https://www.olizstore.com/brand/apple","https://www.olizstore.com/product/apple-macbook-air-m5-15%22","https://wsrv.nl/?w=560&url=https://cdn2.blanxer.com/uploads/682feff88c633f25b4c7ce32/product_image-iphone-17e-collection-9526.webp","Apple MacBook Air M5 15""","2,86,000"
"1784079738-1787","https://www.olizstore.com/brands","https://www.olizstore.com/brand/apple","https://www.olizstore.com/product/apple-macbook-air-m5-13%22","https://wsrv.nl/?w=560&url=https://cdn2.blanxer.com/uploads/682feff88c633f25b4c7ce32/product_image-iphone-17e-collection-9526.webp","Apple MacBook Air M5 13""","2,48,500"
"1784079741-1788","https://www.olizstore.com/brands","https://www.olizstore.com/brand/apple","https://www.olizstore.com/product/apple-macbook-neo-price-in-nepal","https://wsrv.nl/?w=560&url=https://cdn2.blanxer.com/uploads/682feff88c633f25b4c7ce32/product_image-iphone-17e-collection-9526.webp","Apple MacBook Neo 13""","1,35,000"
"1784079744-1789","https://www.olizstore.com/brands","https://www.olizstore.com/brand/apple","https://www.olizstore.com/product/apple-iphone-16e-128gb-(open-box)","https://wsrv.nl/?w=560&url=https://cdn2.blanxer.com/uploads/682feff88c633f25b4c7ce32/product_image-iphone-17e-collection-9526.webp","Apple iPhone 16e 128GB (Open Box)","92,100"
"1784079746-1790","https://www.olizstore.com/brands","https://www.olizstore.com/brand/apple","https://www.olizstore.com/product/apple-macbook-pro-m5-pro-14%22","https://wsrv.nl/?w=560&url=https://cdn2.blanxer.com/uploads/682feff88c633f25b4c7ce32/product_image-iphone-17e-collection-9526.webp","Apple MacBook Pro M5 Pro 14""","4,74,500"
"1784079748-1791","https://www.olizstore.com/brands","https://www.olizstore.com/brand/apple","https://www.olizstore.com/product/apple-macbook-pro-m5-pro-16%22","https://wsrv.nl/?w=560&url=https://cdn2.blanxer.com/uploads/682feff88c633f25b4c7ce32/product_image-iphone-17e-collection-9526.webp","Apple MacBook Pro M5 Pro 16""","5,69,000"
"1784079751-1792","https://www.olizstore.com/brands","https://www.olizstore.com/brand/apple","https://www.olizstore.com/product/apple-macbook-pro-m5-max-14%22","https://wsrv.nl/?w=560&url=https://cdn2.blanxer.com/uploads/682feff88c633f25b4c7ce32/product_image-iphone-17e-collection-9526.webp","Apple MacBook Pro M5 Max 14""","7,76,500"
"1784079753-1793","https://www.olizstore.com/brands","https://www.olizstore.com/brand/apple","https://www.olizstore.com/product/apple-macbook-pro-m5-max-16%22","https://wsrv.nl/?w=560&url=https://cdn2.blanxer.com/uploads/682feff88c633f25b4c7ce32/product_image-iphone-17e-collection-9526.webp","Apple MacBook Pro M5 Max 16""","8,33,000"
"1784079756-1794","https://www.olizstore.com/brands","https://www.olizstore.com/brand/apple","https://www.olizstore.com/product/apple-ipad-air-m4-13%22","https://wsrv.nl/?w=560&url=https://cdn2.blanxer.com/uploads/682feff88c633f25b4c7ce32/product_image-iphone-17e-collection-9526.webp","Apple iPad Air M4 - 13""","1,85,000"
"1784079758-1795","https://www.olizstore.com/brands","https://www.olizstore.com/brand/apple","https://www.olizstore.com/product/apple-ipad-air-m4-11%22-price-in-nepal","https://wsrv.nl/?w=560&url=https://cdn2.blanxer.com/uploads/682feff88c633f25b4c7ce32/product_image-iphone-17e-collection-9526.webp","Apple iPad Air M4 - 11""","1,44,500"
"1784079760-1796","https://www.olizstore.com/brands","https://www.olizstore.com/brand/apple","https://www.olizstore.com/product/apple-iphone-17e","https://wsrv.nl/?w=560&url=https://cdn2.blanxer.com/uploads/682feff88c633f25b4c7ce32/product_image-iphone-17e-collection-9526.webp","Apple iPhone 17e","1,32,499"
"1784080061-1797","https://www.olizstore.com/brands","https://www.olizstore.com/brand/aoking","https://www.olizstore.com/product/aoking-business-backpack-(unisex)-with-laptop-compartment-or-sn4477-w-6","https://wsrv.nl/?w=560&url=https://cdn2.blanxer.com/uploads/682feff88c633f25b4c7ce32/product_image-aoking-antitheft-backpack-:-laptop-bag-for-men-and-women-(unisex)-with-laptop-compartment-or-xn4060-5-or-black-8979.webp","Aoking Business Backpack (Unisex) with Laptop Compartment | SN4477-W-6","2,800"
"1784080064-1798","https://www.olizstore.com/brands","https://www.olizstore.com/brand/aoking","https://www.olizstore.com/product/aoking-casual-backpack-(unisex)-with-laptop-compartment-for-everyday-use-or-sn4327-5","https://wsrv.nl/?w=560&url=https://cdn2.blanxer.com/uploads/682feff88c633f25b4c7ce32/product_image-aoking-antitheft-backpack-:-laptop-bag-for-men-and-women-(unisex)-with-laptop-compartment-or-xn4060-5-or-black-8979.webp","Aoking Casual Backpack (Unisex) with Laptop Compartment for Everyday Use | SN4327-5","3,225"
"1784080066-1799","https://www.olizstore.com/brands","https://www.olizstore.com/brand/aoking","https://www.olizstore.com/product/aoking-business-backpack-(unisex)-with-laptop-compartment-or-sn4318","https://wsrv.nl/?w=560&url=https://cdn2.blanxer.com/uploads/682feff88c633f25b4c7ce32/product_image-aoking-antitheft-backpack-:-laptop-bag-for-men-and-women-(unisex)-with-laptop-compartment-or-xn4060-5-or-black-8979.webp","Aoking Business Backpack (Unisex) with Laptop Compartment | SN4318","3,225"
"1784080068-1800","https://www.olizstore.com/brands","https://www.olizstore.com/brand/aoking","https://www.olizstore.com/product/aoking-business-backpack-(unisex)-with-laptop-compartment-or-sn3535-w-6","https://wsrv.nl/?w=560&url=https://cdn2.blanxer.com/uploads/682feff88c633f25b4c7ce32/product_image-aoking-antitheft-backpack-:-laptop-bag-for-men-and-women-(unisex)-with-laptop-compartment-or-xn4060-5-or-black-8979.webp","Aoking Business Backpack (Unisex) with Laptop Compartment | SN3535-W-6","2,800"
"1784080070-1801","https://www.olizstore.com/brands","https://www.olizstore.com/brand/aoking","https://www.olizstore.com/product/aoking-business-backpack-(unisex)-or-sn3537-w-6-price-in-nepal","https://wsrv.nl/?w=560&url=https://cdn2.blanxer.com/uploads/682feff88c633f25b4c7ce32/product_image-aoking-antitheft-backpack-:-laptop-bag-for-men-and-women-(unisex)-with-laptop-compartment-or-xn4060-5-or-black-8979.webp","Aoking  Business Backpack (Unisex) | SN3537-W-6","2,800"
"1784080072-1802","https://www.olizstore.com/brands","https://www.olizstore.com/brand/aoking","https://www.olizstore.com/product/aoking-business-backpack-(unisex)-with-laptop-compartment-or-xn4337-price-in-nepal","https://wsrv.nl/?w=560&url=https://cdn2.blanxer.com/uploads/682feff88c633f25b4c7ce32/product_image-aoking-antitheft-backpack-:-laptop-bag-for-men-and-women-(unisex)-with-laptop-compartment-or-xn4060-5-or-black-8979.webp","Aoking  Business Backpack (Unisex) with Laptop Compartment | XN4337","3,225"
"1784080075-1803","https://www.olizstore.com/brands","https://www.olizstore.com/brand/aoking","https://www.olizstore.com/product/aoking-business-backpack-(unisex)-or-sn4300-8-price-in-nepal","https://wsrv.nl/?w=560&url=https://cdn2.blanxer.com/uploads/682feff88c633f25b4c7ce32/product_image-aoking-antitheft-backpack-:-laptop-bag-for-men-and-women-(unisex)-with-laptop-compartment-or-xn4060-5-or-black-8979.webp","Aoking  Business Backpack (Unisex) | SN4300-8","4,590"
"1784080077-1804","https://www.olizstore.com/brands","https://www.olizstore.com/brand/aoking","https://www.olizstore.com/product/aoking-business-backpack-with-laptop-compartment-or-sn4003-5-price-in-nepal","https://wsrv.nl/?w=560&url=https://cdn2.blanxer.com/uploads/682feff88c633f25b4c7ce32/product_image-aoking-antitheft-backpack-:-laptop-bag-for-men-and-women-(unisex)-with-laptop-compartment-or-xn4060-5-or-black-8979.webp","Aoking  Business Backpack with Laptop Compartment | SN4003-5","6,690"
"1784080079-1805","https://www.olizstore.com/brands","https://www.olizstore.com/brand/aoking","https://www.olizstore.com/product/aoking-backpack-(unisex)-with-laptop-compartment-and-usb-charging-port-or-sn4005-5-price-in-nepal","https://wsrv.nl/?w=560&url=https://cdn2.blanxer.com/uploads/682feff88c633f25b4c7ce32/product_image-aoking-antitheft-backpack-:-laptop-bag-for-men-and-women-(unisex)-with-laptop-compartment-or-xn4060-5-or-black-8979.webp","Aoking  Backpack (Unisex) with Laptop Compartment and USB charging port | SN4005-5","5,600"
"1784080081-1806","https://www.olizstore.com/brands","https://www.olizstore.com/brand/aoking","https://www.olizstore.com/product/aoking-backpack-or-laptop-compartment-or-usb-charging-port-or-sn2640-price-in-nepal","https://wsrv.nl/?w=560&url=https://cdn2.blanxer.com/uploads/682feff88c633f25b4c7ce32/product_image-aoking-antitheft-backpack-:-laptop-bag-for-men-and-women-(unisex)-with-laptop-compartment-or-xn4060-5-or-black-8979.webp","Aoking Backpack | Laptop Compartment | USB charging port | SN2640 Price in Nepal","5,590"
"1784080084-1807","https://www.olizstore.com/brands","https://www.olizstore.com/brand/aoking","https://www.olizstore.com/product/aoking-business-backpackor-laptop-compartment-or-sn2671-price-in-nepal","https://wsrv.nl/?w=560&url=https://cdn2.blanxer.com/uploads/682feff88c633f25b4c7ce32/product_image-aoking-antitheft-backpack-:-laptop-bag-for-men-and-women-(unisex)-with-laptop-compartment-or-xn4060-5-or-black-8979.webp","Aoking Business Backpack| Laptop compartment | SN2671","5,590"
"1784080086-1808","https://www.olizstore.com/brands","https://www.olizstore.com/brand/aoking","https://www.olizstore.com/product/aoking-laptop-bag-(unisex)-with-external-usb-charging-port-or-snx6082-price-in-nepal","https://wsrv.nl/?w=560&url=https://cdn2.blanxer.com/uploads/682feff88c633f25b4c7ce32/product_image-aoking-antitheft-backpack-:-laptop-bag-for-men-and-women-(unisex)-with-laptop-compartment-or-xn4060-5-or-black-8979.webp","Aoking Laptop Bag (Unisex) with External USB charging port | SNX6082","5,590"
"1784080088-1809","https://www.olizstore.com/brands","https://www.olizstore.com/brand/aoking","https://www.olizstore.com/product/aoking-bag-(unisex)-or-laptop-compartment-or-sn2105-12-price-in-nepal","https://wsrv.nl/?w=560&url=https://cdn2.blanxer.com/uploads/682feff88c633f25b4c7ce32/product_image-aoking-antitheft-backpack-:-laptop-bag-for-men-and-women-(unisex)-with-laptop-compartment-or-xn4060-5-or-black-8979.webp","Aoking Bag (Unisex) | Laptop compartment | SN2105-12","3,925"
"1784080090-1810","https://www.olizstore.com/brands","https://www.olizstore.com/brand/aoking","https://www.olizstore.com/product/aoking-business-backpack-(unisex)-or-laptop-compartment-or-sn2107-6-price-in-nepal","https://wsrv.nl/?w=560&url=https://cdn2.blanxer.com/uploads/682feff88c633f25b4c7ce32/product_image-aoking-antitheft-backpack-:-laptop-bag-for-men-and-women-(unisex)-with-laptop-compartment-or-xn4060-5-or-black-8979.webp","Aoking  Business Backpack (Unisex) | Laptop compartment | SN2107-6","3,925"
"1784080092-1811","https://www.olizstore.com/brands","https://www.olizstore.com/brand/aoking","https://www.olizstore.com/product/aoking-business-backpack-(unisex)-or-laptop-compartment-or-sn2115-price-in-nepal","https://wsrv.nl/?w=560&url=https://cdn2.blanxer.com/uploads/682feff88c633f25b4c7ce32/product_image-aoking-antitheft-backpack-:-laptop-bag-for-men-and-women-(unisex)-with-laptop-compartment-or-xn4060-5-or-black-8979.webp","Aoking Business Backpack (Unisex) | Laptop Compartment | SN2115","4,625"
"1784080095-1812","https://www.olizstore.com/brands","https://www.olizstore.com/brand/aoking","https://www.olizstore.com/product/aoking-backpack-(unisex)-or-laptop-compartment-or-external-usb-charging-port-or-sn2117-price-in-nepal","https://wsrv.nl/?w=560&url=https://cdn2.blanxer.com/uploads/682feff88c633f25b4c7ce32/product_image-aoking-antitheft-backpack-:-laptop-bag-for-men-and-women-(unisex)-with-laptop-compartment-or-xn4060-5-or-black-8979.webp","Aoking Backpack (Unisex) | Laptop Compartment | External USB Charging Port | SN2117","5,590"
"1784080097-1813","https://www.olizstore.com/brands","https://www.olizstore.com/brand/aoking","https://www.olizstore.com/product/aoking-backpack-or-laptop-compartment-usb-charging-port-or-sn2119-price-in-nepal","https://wsrv.nl/?w=560&url=https://cdn2.blanxer.com/uploads/682feff88c633f25b4c7ce32/product_image-aoking-antitheft-backpack-:-laptop-bag-for-men-and-women-(unisex)-with-laptop-compartment-or-xn4060-5-or-black-8979.webp","Aoking Backpack | Laptop compartment USB charging port | SN2119","6,290"
"1784080099-1814","https://www.olizstore.com/brands","https://www.olizstore.com/brand/aoking","https://www.olizstore.com/product/aoking-laptop-backpack-(unisex)-or-usb-charging-port-or-sn97095-price-in-nepal","https://wsrv.nl/?w=560&url=https://cdn2.blanxer.com/uploads/682feff88c633f25b4c7ce32/product_image-aoking-antitheft-backpack-:-laptop-bag-for-men-and-women-(unisex)-with-laptop-compartment-or-xn4060-5-or-black-8979.webp","Aoking Laptop Backpack (Unisex) | USB charging port | SN97095","6,290"
"1784080101-1815","https://www.olizstore.com/brands","https://www.olizstore.com/brand/aoking","https://www.olizstore.com/product/aoking-business-backpack-or-laptop-compartment-or-usb-charging-port-or-sn77880a-price-in-nepal","https://wsrv.nl/?w=560&url=https://cdn2.blanxer.com/uploads/682feff88c633f25b4c7ce32/product_image-aoking-antitheft-backpack-:-laptop-bag-for-men-and-women-(unisex)-with-laptop-compartment-or-xn4060-5-or-black-8979.webp","Aoking  Business Backpack | Laptop compartment | USB charging port | SN77880A","6,690"
"1784080103-1816","https://www.olizstore.com/brands","https://www.olizstore.com/brand/aoking","https://www.olizstore.com/product/aoking-business-bag-(unisex)-laptop-compartment-or-fn77170-price-in-nepal","https://wsrv.nl/?w=560&url=https://cdn2.blanxer.com/uploads/682feff88c633f25b4c7ce32/product_image-aoking-antitheft-backpack-:-laptop-bag-for-men-and-women-(unisex)-with-laptop-compartment-or-xn4060-5-or-black-8979.webp","Aoking  Business Bag (Unisex) | Laptop compartment | FN77170","4,625"
"1784080106-1817","https://www.olizstore.com/brands","https://www.olizstore.com/brand/aoking","https://www.olizstore.com/product/aoking-business-backpack-(unisex)-with-laptop-compartment-or-sn67732-a-price-in-nepal","https://wsrv.nl/?w=560&url=https://cdn2.blanxer.com/uploads/682feff88c633f25b4c7ce32/product_image-aoking-antitheft-backpack-:-laptop-bag-for-men-and-women-(unisex)-with-laptop-compartment-or-xn4060-5-or-black-8979.webp","Aoking Business Backpack (Unisex) with Laptop compartment | SN67732-A","6,990"
"1784080108-1818","https://www.olizstore.com/brands","https://www.olizstore.com/brand/aoking","https://www.olizstore.com/product/aoking-casual-backpack-(unisex)-or-laptop-compartment-or-xn3370-price-in-nepal","https://wsrv.nl/?w=560&url=https://cdn2.blanxer.com/uploads/682feff88c633f25b4c7ce32/product_image-aoking-antitheft-backpack-:-laptop-bag-for-men-and-women-(unisex)-with-laptop-compartment-or-xn4060-5-or-black-8979.webp","Aoking Casual Backpack (Unisex) | Laptop compartment  | XN3370","6,290"
"1784080110-1819","https://www.olizstore.com/brands","https://www.olizstore.com/brand/aoking","https://www.olizstore.com/product/aoking-casual-backpack-with-laptop-compartment-or-h97068-price-in-nepal","https://wsrv.nl/?w=560&url=https://cdn2.blanxer.com/uploads/682feff88c633f25b4c7ce32/product_image-aoking-antitheft-backpack-:-laptop-bag-for-men-and-women-(unisex)-with-laptop-compartment-or-xn4060-5-or-black-8979.webp","Aoking Casual Backpack with Laptop Compartment | H97068","3,025"
"1784080112-1820","https://www.olizstore.com/brands","https://www.olizstore.com/brand/aoking","https://www.olizstore.com/product/aoking-laptop-bag-or-xn41457f-price-in-nepal","https://wsrv.nl/?w=560&url=https://cdn2.blanxer.com/uploads/682feff88c633f25b4c7ce32/product_image-aoking-antitheft-backpack-:-laptop-bag-for-men-and-women-(unisex)-with-laptop-compartment-or-xn4060-5-or-black-8979.webp","Aoking Laptop Bag | XN41457F","6,990"
"1784080115-1821","https://www.olizstore.com/brands","https://www.olizstore.com/brand/aoking","https://www.olizstore.com/product/aoking-lightguard-backpack-(unisex)-with-laptop-compartment-or-sn41383f-price-in-nepal","https://wsrv.nl/?w=560&url=https://cdn2.blanxer.com/uploads/682feff88c633f25b4c7ce32/product_image-aoking-antitheft-backpack-:-laptop-bag-for-men-and-women-(unisex)-with-laptop-compartment-or-xn4060-5-or-black-8979.webp","Aoking LightGuard Backpack (Unisex) with Laptop compartment | SN41383F","8,125"
"1784080117-1822","https://www.olizstore.com/brands","https://www.olizstore.com/brand/aoking","https://www.olizstore.com/product/aoking-xn58398f-extra-security-lightguard-laptop-bag-price-in-nepal","https://wsrv.nl/?w=560&url=https://cdn2.blanxer.com/uploads/682feff88c633f25b4c7ce32/product_image-aoking-antitheft-backpack-:-laptop-bag-for-men-and-women-(unisex)-with-laptop-compartment-or-xn4060-5-or-black-8979.webp","Aoking XN58398F Extra Security LightGuard Laptop Bag","5,990"
"1784080119-1823","https://www.olizstore.com/brands","https://www.olizstore.com/brand/aoking","https://www.olizstore.com/product/aoking-casual-backpack-(unisex)-with-laptop-compartment-or-xn3352-price-in-nepal","https://wsrv.nl/?w=560&url=https://cdn2.blanxer.com/uploads/682feff88c633f25b4c7ce32/product_image-aoking-antitheft-backpack-:-laptop-bag-for-men-and-women-(unisex)-with-laptop-compartment-or-xn4060-5-or-black-8979.webp","Aoking Casual Backpack (Unisex) with Laptop Compartment | XN3352","6,990"
"1784080121-1824","https://www.olizstore.com/brands","https://www.olizstore.com/brand/aoking","https://www.olizstore.com/product/aoking-casual-laptop-bag-(unisex)-or-xn3517-price-in-nepal","https://wsrv.nl/?w=560&url=https://cdn2.blanxer.com/uploads/682feff88c633f25b4c7ce32/product_image-aoking-antitheft-backpack-:-laptop-bag-for-men-and-women-(unisex)-with-laptop-compartment-or-xn4060-5-or-black-8979.webp","Aoking Casual Laptop Bag (Unisex) | XN3517","2,325"
"1784080123-1825","https://www.olizstore.com/brands","https://www.olizstore.com/brand/aoking","https://www.olizstore.com/product/aoking-casual-laptop-bag-(unisex)-or-xn3566-5-price-in-nepal","https://wsrv.nl/?w=560&url=https://cdn2.blanxer.com/uploads/682feff88c633f25b4c7ce32/product_image-aoking-antitheft-backpack-:-laptop-bag-for-men-and-women-(unisex)-with-laptop-compartment-or-xn4060-5-or-black-8979.webp","Aoking Casual Laptop Bag (Unisex) | XN3566-5","4,190"
"1784080125-1826","https://www.olizstore.com/brands","https://www.olizstore.com/brand/aoking","https://www.olizstore.com/product/aoking-casual-laptop-bag-(unisex)-or-xn2686-price-in-nepal","https://wsrv.nl/?w=560&url=https://cdn2.blanxer.com/uploads/682feff88c633f25b4c7ce32/product_image-aoking-antitheft-backpack-:-laptop-bag-for-men-and-women-(unisex)-with-laptop-compartment-or-xn4060-5-or-black-8979.webp","Aoking Casual Laptop Bag (Unisex) | XN2686","4,190"
"1784080128-1827","https://www.olizstore.com/brands","https://www.olizstore.com/brand/aoking","https://www.olizstore.com/product/aoking-antitheft-laptop-bag-(unisex)-or-xn4060-5-price-in-nepal","https://wsrv.nl/?w=560&url=https://cdn2.blanxer.com/uploads/682feff88c633f25b4c7ce32/product_image-aoking-antitheft-backpack-:-laptop-bag-for-men-and-women-(unisex)-with-laptop-compartment-or-xn4060-5-or-black-8979.webp","Aoking Antitheft Laptop Bag (Unisex) | XN4060-5","4,625"
"1784080525-1828","https://www.olizstore.com/brands","https://www.olizstore.com/brand/antigravity","https://www.olizstore.com/product/antigravity-a1-8k-360-drone-standard-bundle","https://wsrv.nl/?w=560&url=https://cdn2.blanxer.com/uploads/682feff88c633f25b4c7ce32/product_image-antigravity-drones-price-in-nepal-0116.webp","ANTIGRAVITY A1 8K 360 Drone Standard Bundle","2,25,000"
"1784080528-1829","https://www.olizstore.com/brands","https://www.olizstore.com/brand/antigravity","https://www.olizstore.com/product/antigravity-a1-8k-360-drone-explorer-bundle","https://wsrv.nl/?w=560&url=https://cdn2.blanxer.com/uploads/682feff88c633f25b4c7ce32/product_image-antigravity-drones-price-in-nepal-0116.webp","ANTIGRAVITY A1 8K 360 Drone Explorer Bundle","2,63,000"
"1784080531-1830","https://www.olizstore.com/brands","https://www.olizstore.com/brand/antigravity","https://www.olizstore.com/product/antigravity-a1-8k-360-drone-infinity-bundle","https://wsrv.nl/?w=560&url=https://cdn2.blanxer.com/uploads/682feff88c633f25b4c7ce32/product_image-antigravity-drones-price-in-nepal-0116.webp","ANTIGRAVITY A1 8K 360 Drone Infinity Bundle","2,74,000"
"1784080671-1831","https://www.olizstore.com/brands","https://www.olizstore.com/brand/anker","https://www.olizstore.com/product/anker-powercore-5000-portable-power-bank","https://wsrv.nl/?w=560&url=https://cdn2.blanxer.com/uploads/682feff88c633f25b4c7ce32/product_image-anker-powercore-5000-portable-power-bank-0399.webp","Anker PowerCore 5000 mAh Portable Power Bank","2,500"
"1784081931-1832","https://www.olizstore.com/brands","https://www.olizstore.com/brand/amazfit","https://www.olizstore.com/product/amazfit-cheetah-pro","https://wsrv.nl/?w=560&url=https://cdn2.blanxer.com/uploads/682feff88c633f25b4c7ce32/product_image-amazfit-bip-u-pro-5498.webp","Amazfit Cheetah Pro","38,800"
"1784081933-1833","https://www.olizstore.com/brands","https://www.olizstore.com/brand/amazfit","https://www.olizstore.com/product/amazfit-gtr-2","https://wsrv.nl/?w=560&url=https://cdn2.blanxer.com/uploads/682feff88c633f25b4c7ce32/product_image-amazfit-bip-u-pro-5498.webp","Amazfit GTR 2","16,400"
"1784081935-1834","https://www.olizstore.com/brands","https://www.olizstore.com/brand/amazfit","https://www.olizstore.com/product/amazfit-gts-2","https://wsrv.nl/?w=560&url=https://cdn2.blanxer.com/uploads/682feff88c633f25b4c7ce32/product_image-amazfit-bip-u-pro-5498.webp","Amazfit GTS 2","16,400"
"1784081937-1835","https://www.olizstore.com/brands","https://www.olizstore.com/brand/amazfit","https://www.olizstore.com/product/amazfit-t-rex","https://wsrv.nl/?w=560&url=https://cdn2.blanxer.com/uploads/682feff88c633f25b4c7ce32/product_image-amazfit-bip-u-pro-5498.webp","Amazfit T-Rex","9,840"
"1784081939-1836","https://www.olizstore.com/brands","https://www.olizstore.com/brand/amazfit","https://www.olizstore.com/product/amazfit-gts-2-mini","https://wsrv.nl/?w=560&url=https://cdn2.blanxer.com/uploads/682feff88c633f25b4c7ce32/product_image-amazfit-bip-u-pro-5498.webp","Amazfit GTS 2 Mini","8,240"
"1784081942-1837","https://www.olizstore.com/brands","https://www.olizstore.com/brand/amazfit","https://www.olizstore.com/product/amazfit-bip-u-pro","https://wsrv.nl/?w=560&url=https://cdn2.blanxer.com/uploads/682feff88c633f25b4c7ce32/product_image-amazfit-bip-u-pro-5498.webp","Amazfit Bip U Pro","6,640"
"1784082905-1838","https://www.olizstore.com/brands","https://www.olizstore.com/brand/adam-elements","https://www.olizstore.com/product/adam-elements-casa-hub-5e-usb-c-5-in-1-sd-3.0-card-reader-hub","https://wsrv.nl/?w=560&url=https://cdn2.blanxer.com/uploads/682feff88c633f25b4c7ce32/product_image-vionta-a5_0004-8238.webp","ADAM elements CASA Hub 5E USB-C 3.1 5-in-1 Hub","6,800"
"1784082907-1839","https://www.olizstore.com/brands","https://www.olizstore.com/brand/adam-elements","https://www.olizstore.com/product/adam-elements-casa-hub-i4-usb-c-3.1-4-port-hub","https://wsrv.nl/?w=560&url=https://cdn2.blanxer.com/uploads/682feff88c633f25b4c7ce32/product_image-vionta-a5_0004-8238.webp","ADAM elements CASA Hub i4 USB-C 3.1 4-Port Hub","7,200"
"1784082909-1840","https://www.olizstore.com/brands","https://www.olizstore.com/brand/adam-elements","https://www.olizstore.com/product/adam-elements-casa-hub-a05-usb-c-superspeed-5-in-1-hub","https://wsrv.nl/?w=560&url=https://cdn2.blanxer.com/uploads/682feff88c633f25b4c7ce32/product_image-vionta-a5_0004-8238.webp","ADAM elements CASA Hub A05 USB-C 5-in-1 Hub","9,500"
"1784082911-1841","https://www.olizstore.com/brands","https://www.olizstore.com/brand/adam-elements","https://www.olizstore.com/product/adam-elements-casa-hub-a01-usb-c-6-in-1","https://wsrv.nl/?w=560&url=https://cdn2.blanxer.com/uploads/682feff88c633f25b4c7ce32/product_image-vionta-a5_0004-8238.webp","ADAM elements CASA Hub A01 USB-C 6-in-1 Hub","10,500"
"1784082914-1842","https://www.olizstore.com/brands","https://www.olizstore.com/brand/adam-elements","https://www.olizstore.com/product/adam-elements-casa-hub-i7-usb-c-7-in-1-multi-function-hub-for-imac-24%22","https://wsrv.nl/?w=560&url=https://cdn2.blanxer.com/uploads/682feff88c633f25b4c7ce32/product_image-vionta-a5_0004-8238.webp","ADAM elements CASA Hub i7 USB-C 7-in-1 Hub For iMac 24""","11,500"
"1784082916-1843","https://www.olizstore.com/brands","https://www.olizstore.com/brand/adam-elements","https://www.olizstore.com/product/adam-casa-hub-a08-type-c-8-in-1-multifunction-hub","https://wsrv.nl/?w=560&url=https://cdn2.blanxer.com/uploads/682feff88c633f25b4c7ce32/product_image-vionta-a5_0004-8238.webp","ADAM elements CASA Hub A08 Type-C 8-in-1 Hub","11,500"
"1784082918-1844","https://www.olizstore.com/brands","https://www.olizstore.com/brand/adam-elements","https://www.olizstore.com/product/adam-elements-casa-hub-a09-usb-c-3.1-gen-2-9-in-1-hub","https://wsrv.nl/?w=560&url=https://cdn2.blanxer.com/uploads/682feff88c633f25b4c7ce32/product_image-vionta-a5_0004-8238.webp","ADAM elements CASA HUB A09 USB-C 3.1 Gen 2 9-in-1 Hub","14,500"
"1784082920-1845","https://www.olizstore.com/brands","https://www.olizstore.com/brand/adam-elements","https://www.olizstore.com/product/adam-casa-hub-x-dp-usb-c-8k-10-in-1-hub","https://wsrv.nl/?w=560&url=https://cdn2.blanxer.com/uploads/682feff88c633f25b4c7ce32/product_image-vionta-a5_0004-8238.webp","ADAM elements CASA Hub X DP USB-C 8K 10-in-1 Hub","19,000"
"1784082922-1846","https://www.olizstore.com/brands","https://www.olizstore.com/brand/adam-elements","https://www.olizstore.com/product/adam-elements-casa-hub-stand-usb-c-5-in-1-laptop-stand-hub","https://wsrv.nl/?w=560&url=https://cdn2.blanxer.com/uploads/682feff88c633f25b4c7ce32/product_image-vionta-a5_0004-8238.webp","ADAM elements CASA Hub Stand USB-C 5-in-1 Laptop Stand Hub","17,500"
"1784082925-1847","https://www.olizstore.com/brands","https://www.olizstore.com/brand/adam-elements","https://www.olizstore.com/product/adam-elements-casa-hub-stand-pro-usb-c-6-in-1-laptop-stand-hub","https://wsrv.nl/?w=560&url=https://cdn2.blanxer.com/uploads/682feff88c633f25b4c7ce32/product_image-vionta-a5_0004-8238.webp","ADAM elements CASA Hub Stand Pro USB-C 6-in-1 Laptop Stand Hub","18,500"
"1784082927-1848","https://www.olizstore.com/brands","https://www.olizstore.com/brand/adam-elements","https://www.olizstore.com/product/adam-elements-mag-m-pro-magnetic-8-in-1-ipad-stand-hub","https://wsrv.nl/?w=560&url=https://cdn2.blanxer.com/uploads/682feff88c633f25b4c7ce32/product_image-vionta-a5_0004-8238.webp","ADAM elements Mag M Pro Magnetic 8-in-1 iPad Stand Hub","18,500"
"1784082929-1849","https://www.olizstore.com/brands","https://www.olizstore.com/brand/adam-elements","https://www.olizstore.com/product/adam-elements-omnia-q4-15w-4-in-1-wireless-charging-station","https://wsrv.nl/?w=560&url=https://cdn2.blanxer.com/uploads/682feff88c633f25b4c7ce32/product_image-vionta-a5_0004-8238.webp","ADAM elements OMNIA Q4 15W 4-in-1 Wireless Charging Station","8,000"
"1784082931-1850","https://www.olizstore.com/brands","https://www.olizstore.com/brand/adam-elements","https://www.olizstore.com/product/adam-elements-omnia-m3-magnetic-3-in-1-wireless-charging-station","https://wsrv.nl/?w=560&url=https://cdn2.blanxer.com/uploads/682feff88c633f25b4c7ce32/product_image-vionta-a5_0004-8238.webp","ADAM elements OMNIA M3 Magnetic 3-in-1 Wireless Charging Station","9,800"
"1784082933-1851","https://www.olizstore.com/brands","https://www.olizstore.com/brand/adam-elements","https://www.olizstore.com/product/adam-elements-mag-3-magnetic-3-in-1-foldable-travel-charging-station","https://wsrv.nl/?w=560&url=https://cdn2.blanxer.com/uploads/682feff88c633f25b4c7ce32/product_image-vionta-a5_0004-8238.webp","ADAM elements Mag 3 Magnetic 3-in-1 Foldable Travel Charging Station","15,500"
"1784082935-1852","https://www.olizstore.com/brands","https://www.olizstore.com/brand/adam-elements","https://www.olizstore.com/product/adam-elements-omnia-q3-3-in-1-wireless-charging-station-with-power-adapter","https://wsrv.nl/?w=560&url=https://cdn2.blanxer.com/uploads/682feff88c633f25b4c7ce32/product_image-vionta-a5_0004-8238.webp","ADAM elements OMNIA Q3 3-in-1 Wireless Charging Station","17,500"
"1784082937-1853","https://www.olizstore.com/brands","https://www.olizstore.com/brand/adam-elements","https://www.olizstore.com/product/adam-elements-omnia-m3+-magnetic-3-in-1-wireless-charging-station","https://wsrv.nl/?w=560&url=https://cdn2.blanxer.com/uploads/682feff88c633f25b4c7ce32/product_image-vionta-a5_0004-8238.webp","ADAM elements OMNIA M3+ Magnetic 3-in-1 Wireless Charging Station","8,500"
"1784082940-1854","https://www.olizstore.com/brands","https://www.olizstore.com/brand/adam-elements","https://www.olizstore.com/product/adam-elements-omnia-x35a-gan-35w-dual-port-compact-wall-charger","https://wsrv.nl/?w=560&url=https://cdn2.blanxer.com/uploads/682feff88c633f25b4c7ce32/product_image-vionta-a5_0004-8238.webp","ADAM elements OMNIA X35A GaN 35W Dual Port","4,500"
"1784082942-1855","https://www.olizstore.com/brands","https://www.olizstore.com/brand/adam-elements","https://www.olizstore.com/product/adam-elements-omnia-x35c-gan-35w-dual-usb-c-port","https://wsrv.nl/?w=560&url=https://cdn2.blanxer.com/uploads/682feff88c633f25b4c7ce32/product_image-vionta-a5_0004-8238.webp","ADAM elements OMNIA X35C  GaN 35W Dual USB-C Port","4,500"
"1784082944-1856","https://www.olizstore.com/brands","https://www.olizstore.com/brand/adam-elements","https://www.olizstore.com/product/adam-elements-omnia-x45a-gan-45w-dual-port","https://wsrv.nl/?w=560&url=https://cdn2.blanxer.com/uploads/682feff88c633f25b4c7ce32/product_image-vionta-a5_0004-8238.webp","ADAM elements OMNIA X45A GaN 45W Dual Port","6,000"
"1784082946-1857","https://www.olizstore.com/brands","https://www.olizstore.com/brand/adam-elements","https://www.olizstore.com/product/adam-elements-omnia-x45c-gan-45w-dual-usb-c-port","https://wsrv.nl/?w=560&url=https://cdn2.blanxer.com/uploads/682feff88c633f25b4c7ce32/product_image-vionta-a5_0004-8238.webp","ADAM elements OMNIA X45C GaN 45W Dual USB-C Port","6,000"
"1784082948-1858","https://www.olizstore.com/brands","https://www.olizstore.com/brand/adam-elements","https://www.olizstore.com/product/adam-elements-omnia-x65-gan-65w-3-port-fast-charging","https://wsrv.nl/?w=560&url=https://cdn2.blanxer.com/uploads/682feff88c633f25b4c7ce32/product_image-vionta-a5_0004-8238.webp","ADAM elements OMNIA X65 GaN 65W 3-Port Fast Charging","9,500"
"1784082950-1859","https://www.olizstore.com/brands","https://www.olizstore.com/brand/adam-elements","https://www.olizstore.com/product/adam-elements-omnia-pro-130-130w-4-port-power-charging-kit","https://wsrv.nl/?w=560&url=https://cdn2.blanxer.com/uploads/682feff88c633f25b4c7ce32/product_image-vionta-a5_0004-8238.webp","ADAM elements OMNIA Pro 130 130W 4-Port Power Charging Kit","15,500"
"1784082953-1860","https://www.olizstore.com/brands","https://www.olizstore.com/brand/adam-elements","https://www.olizstore.com/product/adam-elements-omnia-pro-140-140w-pd-3.1-3-port-power-charging-kit","https://wsrv.nl/?w=560&url=https://cdn2.blanxer.com/uploads/682feff88c633f25b4c7ce32/product_image-vionta-a5_0004-8238.webp","ADAM elements OMNIA Pro 140 140W PD 3.1 3-Port Power Charging Kit","16,000"
"1784082955-1861","https://www.olizstore.com/brands","https://www.olizstore.com/brand/adam-elements","https://www.olizstore.com/product/adam-elements-omnia-xe-20w-usb-c-adapter","https://wsrv.nl/?w=560&url=https://cdn2.blanxer.com/uploads/682feff88c633f25b4c7ce32/product_image-vionta-a5_0004-8238.webp","ADAM elements OMNIA Xe 20W USB-C Adapter","3,000"
"1784082957-1862","https://www.olizstore.com/brands","https://www.olizstore.com/brand/adam-elements","https://www.olizstore.com/product/adam-elements-omnia-t45-45w-universal-travel-adapter","https://wsrv.nl/?w=560&url=https://cdn2.blanxer.com/uploads/682feff88c633f25b4c7ce32/product_image-vionta-a5_0004-8238.webp","ADAM elements OMNIA T45 45W Universal Travel Adapter","7,000"
"1784082959-1863","https://www.olizstore.com/brands","https://www.olizstore.com/brand/adam-elements","https://www.olizstore.com/product/adam-elements-peak-ii-ultra-hd-4k-60hz-hdmi-cable","https://wsrv.nl/?w=560&url=https://cdn2.blanxer.com/uploads/682feff88c633f25b4c7ce32/product_image-vionta-a5_0004-8238.webp","ADAM elements PeAk II Ultra HD 4K 60Hz HDMI Cable","3,500"
"1784082961-1864","https://www.olizstore.com/brands","https://www.olizstore.com/brand/adam-elements","https://www.olizstore.com/product/adam-elements-cargo-carplay-wireless-adapter","https://wsrv.nl/?w=560&url=https://cdn2.blanxer.com/uploads/682feff88c633f25b4c7ce32/product_image-vionta-a5_0004-8238.webp","ADAM elements CarGo CarPlay Wireless Adapter","12,500"
"1784082964-1865","https://www.olizstore.com/brands","https://www.olizstore.com/brand/adam-elements","https://www.olizstore.com/product/adam-elements-matrix-ipad-magic-keyboard","https://wsrv.nl/?w=560&url=https://cdn2.blanxer.com/uploads/682feff88c633f25b4c7ce32/product_image-vionta-a5_0004-8238.webp","ADAM elements MATRIX iPad Magic Keyboard","25,000"
"1784082966-1866","https://www.olizstore.com/brands","https://www.olizstore.com/brand/adam-elements","https://www.olizstore.com/product/adam-elements-pen-ii-ipad-pencil","https://wsrv.nl/?w=560&url=https://cdn2.blanxer.com/uploads/682feff88c633f25b4c7ce32/product_image-vionta-a5_0004-8238.webp","ADAM elements PEN II – iPad Pencil","12,500"
"1784082968-1867","https://www.olizstore.com/brands","https://www.olizstore.com/brand/adam-elements","https://www.olizstore.com/product/adam-elements-gravity-1-10000mah-fast-charging-power-bank","https://wsrv.nl/?w=560&url=https://cdn2.blanxer.com/uploads/682feff88c633f25b4c7ce32/product_image-vionta-a5_0004-8238.webp","ADAM elements GRAVITY 1  10,000mAh Fast Charging Power Bank","10,500"
"1784082970-1868","https://www.olizstore.com/brands","https://www.olizstore.com/brand/adam-elements","https://www.olizstore.com/product/adam-elements-gravity-2-10000mah-wireless-charging-power-bank","https://wsrv.nl/?w=560&url=https://cdn2.blanxer.com/uploads/682feff88c633f25b4c7ce32/product_image-vionta-a5_0004-8238.webp","ADAM elements GRAVITY 2 10,000mAh Wireless Charging Power Bank","10,500"
"1784082972-1869","https://www.olizstore.com/brands","https://www.olizstore.com/brand/adam-elements","https://www.olizstore.com/product/adam-elements-gravity-x1-10000mah-fast-charging-power-bank","https://wsrv.nl/?w=560&url=https://cdn2.blanxer.com/uploads/682feff88c633f25b4c7ce32/product_image-vionta-a5_0004-8238.webp","ADAM elements GRAVITY X1 10,000mAh Fast Charging Power Bank","10,500"
"1784082974-1870","https://www.olizstore.com/brands","https://www.olizstore.com/brand/adam-elements","https://www.olizstore.com/product/adam-elements-selfie-stick-+-tripod","https://wsrv.nl/?w=560&url=https://cdn2.blanxer.com/uploads/682feff88c633f25b4c7ce32/product_image-vionta-a5_0004-8238.webp","ADAM elements SELFIE Stick + Tripod","5,000"
"1784082977-1871","https://www.olizstore.com/brands","https://www.olizstore.com/brand/adam-elements","https://www.olizstore.com/product/adam-elements-peak-ii-c120b-usb-c-to-lightning-cable","https://wsrv.nl/?w=560&url=https://cdn2.blanxer.com/uploads/682feff88c633f25b4c7ce32/product_image-vionta-a5_0004-8238.webp","ADAM elements PeAk II C120B USB-C to Lightning Cable","3,000"
"1784082979-1872","https://www.olizstore.com/brands","https://www.olizstore.com/brand/adam-elements","https://www.olizstore.com/product/adam-elements-casa-s120-usb-c-to-usb-c-60w-cable","https://wsrv.nl/?w=560&url=https://cdn2.blanxer.com/uploads/682feff88c633f25b4c7ce32/product_image-vionta-a5_0004-8238.webp","ADAM elements CASA S120 - USB-C to USB-C 60W Cable","1,850"
"1784082981-1873","https://www.olizstore.com/brands","https://www.olizstore.com/brand/adam-elements","https://www.olizstore.com/product/adam-elements-casa-p200-usb-c-to-usb-c-240w-charging-cable","https://wsrv.nl/?w=560&url=https://cdn2.blanxer.com/uploads/682feff88c633f25b4c7ce32/product_image-vionta-a5_0004-8238.webp","ADAM elements CASA P200 – USB-C to USB-C 240W Cable","2,500"
"1784082983-1874","https://www.olizstore.com/brands","https://www.olizstore.com/brand/adam-elements","https://www.olizstore.com/product/adam-elements-t100l-100w-universal-travel-adapter-with-built-in-usb-c-cable","https://wsrv.nl/?w=560&url=https://cdn2.blanxer.com/uploads/682feff88c633f25b4c7ce32/product_image-vionta-a5_0004-8238.webp","ADAM elements T100L – 100W Universal Travel Adapter with Built-In USB-C Cable","12,500"
"1784082985-1875","https://www.olizstore.com/brands","https://www.olizstore.com/brand/adam-elements","https://www.olizstore.com/product/adam-elements-t35l-35w-universal-travel-adapter-with-built-in-usb-c-cable","https://wsrv.nl/?w=560&url=https://cdn2.blanxer.com/uploads/682feff88c633f25b4c7ce32/product_image-vionta-a5_0004-8238.webp","ADAM elements T35L – 35W Universal Travel Adapter with Built-In USB-C Cable","8,500"
"1784082987-1876","https://www.olizstore.com/brands","https://www.olizstore.com/brand/adam-elements","https://www.olizstore.com/product/adam-elements-omnia-f1-20w-usb-c-fast-wall-charger","https://wsrv.nl/?w=560&url=https://cdn2.blanxer.com/uploads/682feff88c633f25b4c7ce32/product_image-vionta-a5_0004-8238.webp","ADAM elements OMNIA F1 – 20W USB-C Fast Wall Charger","3,000"
"1784082990-1877","https://www.olizstore.com/brands","https://www.olizstore.com/brand/adam-elements","https://www.olizstore.com/product/adam-elements-peak-ms401-4-in-1-60w-magnetic-charging-cable","https://wsrv.nl/?w=560&url=https://cdn2.blanxer.com/uploads/682feff88c633f25b4c7ce32/product_image-vionta-a5_0004-8238.webp","ADAM elements PeAk MS401 4-in-1 60W Magnetic Charging Cable","3,950"
"1784082992-1878","https://www.olizstore.com/brands","https://www.olizstore.com/brand/adam-elements","https://www.olizstore.com/product/adam-elements-peak-mf401-4-in-1-60w-magnetic-flat-charging-cable","https://wsrv.nl/?w=560&url=https://cdn2.blanxer.com/uploads/682feff88c633f25b4c7ce32/product_image-vionta-a5_0004-8238.webp","ADAM elements PeAk MF401 4-in-1 60W Magnetic Flat Charging Cable","3,950"
"1784082994-1879","https://www.olizstore.com/brands","https://www.olizstore.com/brand/adam-elements","https://www.olizstore.com/product/adam-elements-peak-iii-200b-usb-a-to-lightning-cable","https://wsrv.nl/?w=560&url=https://cdn2.blanxer.com/uploads/682feff88c633f25b4c7ce32/product_image-vionta-a5_0004-8238.webp","ADAM elements PeAk III 200B — USB-A to Lightning Cable","3,500"
"1784082996-1880","https://www.olizstore.com/brands","https://www.olizstore.com/brand/adam-elements","https://www.olizstore.com/product/adam-elements-peak-iii-120b-usb-a-to-lightning-cable","https://wsrv.nl/?w=560&url=https://cdn2.blanxer.com/uploads/682feff88c633f25b4c7ce32/product_image-vionta-a5_0004-8238.webp","ADAM elements PeAk III 120B — USB-A to Lightning Cable","3,000"
"1784082998-1881","https://www.olizstore.com/brands","https://www.olizstore.com/brand/adam-elements","https://www.olizstore.com/product/adam-elements-gravity-pro-100w-fast-charging-power-bank","https://wsrv.nl/?w=560&url=https://cdn2.blanxer.com/uploads/682feff88c633f25b4c7ce32/product_image-vionta-a5_0004-8238.webp","ADAM elements GRAVITY Pro 20,000 mAh Fast Charging Power Bank","13,000"
"1784083000-1882","https://www.olizstore.com/brands","https://www.olizstore.com/brand/adam-elements","https://www.olizstore.com/product/adam-elements-gravity-10000-mah-30w-fast-charging-power-bank-with-built-in-cable","https://wsrv.nl/?w=560&url=https://cdn2.blanxer.com/uploads/682feff88c633f25b4c7ce32/product_image-vionta-a5_0004-8238.webp","ADAM elements GRAVITY 10,000 mAh Fast Charging Power Bank with Built-In Cable","7,500"
"1784083002-1883","https://www.olizstore.com/brands","https://www.olizstore.com/brand/adam-elements","https://www.olizstore.com/product/adam-elements-vionta-b10-10000-mah-solid-state-power-bank-with-foldable-stand","https://wsrv.nl/?w=560&url=https://cdn2.blanxer.com/uploads/682feff88c633f25b4c7ce32/product_image-vionta-a5_0004-8238.webp","ADAM elements VIONTA B10 10,000 mAh Solid-State Power Bank with Foldable Stand","8,500"
"1784083005-1884","https://www.olizstore.com/brands","https://www.olizstore.com/brand/adam-elements","https://www.olizstore.com/product/adam-elements-vionta-c2-pro-10000-mah-8-in-1-magnetic-power-bank","https://wsrv.nl/?w=560&url=https://cdn2.blanxer.com/uploads/682feff88c633f25b4c7ce32/product_image-vionta-a5_0004-8238.webp","ADAM elements VIONTA C2 Pro 10,000 mAh 8-in-1 Magnetic Power Bank","8,000"
"1784083007-1885","https://www.olizstore.com/brands","https://www.olizstore.com/brand/adam-elements","https://www.olizstore.com/product/adam-elements-vionta-t1s-10000mah-travel-solid-state-power-bank-with-built-in-cable","https://wsrv.nl/?w=560&url=https://cdn2.blanxer.com/uploads/682feff88c633f25b4c7ce32/product_image-vionta-a5_0004-8238.webp","ADAM elements VIONTA T1S 10000 mAh Travel Solid-State Power Bank with Built-In Cable","8,800"
"1784083009-1886","https://www.olizstore.com/brands","https://www.olizstore.com/brand/adam-elements","https://www.olizstore.com/product/adam-elements-vionta-b5-5000-mah-solid-state-power-bank-with-foldable-stand","https://wsrv.nl/?w=560&url=https://cdn2.blanxer.com/uploads/682feff88c633f25b4c7ce32/product_image-vionta-a5_0004-8238.webp","ADAM elements VIONTA B5 5000 mAh Solid-State Power Bank with Foldable Stand","8,500"
"1784083011-1887","https://www.olizstore.com/brands","https://www.olizstore.com/brand/adam-elements","https://www.olizstore.com/product/adam-elements-vionta-a5-4100-mah-qi2-solid-state-power-bank","https://wsrv.nl/?w=560&url=https://cdn2.blanxer.com/uploads/682feff88c633f25b4c7ce32/product_image-vionta-a5_0004-8238.webp","ADAM elements VIONTA A5 4100 mAh Qi2 Solid-State Power Bank","8,500"
