web_scraper_order,web_scraper_start_url,brand,name,price,url,image
"1784123682-1","https://koreanbeautypoint.com/page/product_brands","https://koreanbeautypoint.com/shop/brands?brand=137","Mon Paris Eau De Parfum 30ml","Rs 15,000","https://koreanbeautypoint.com/shop/ysl-mon-parfum-30ml-mon-paris-eau-de-parfum-30ml-5226","https://koreanbeautypoint.com/web/image/product.product/9214/image_1024/%5Bysl%20mon%20parfum%2030ml%5D%20Mon%20Paris%20Eau%20De%20Parfum%2030ml?unique=097f965"
"1784123682-2","https://koreanbeautypoint.com/page/product_brands","https://koreanbeautypoint.com/shop/brands?brand=137","Black Opium Eau De Parfum 50ml","Rs 15,000","https://koreanbeautypoint.com/shop/ysl-black-opium-50ml-black-opium-eau-de-parfum-50ml-5224","https://koreanbeautypoint.com/web/image/product.product/9212/image_1024/%5Bysl%20black%20opium%2050ml%5D%20Black%20Opium%20Eau%20De%20Parfum%2050ml?unique=c01d2bc"
"1784123682-3","https://koreanbeautypoint.com/page/product_brands","https://koreanbeautypoint.com/shop/brands?brand=137","Libre Eau De Parfum 1.2ml Mini","Rs 1,500","https://koreanbeautypoint.com/shop/ysl-libre-mini-libre-eau-de-parfum-12ml-mini-5225","https://koreanbeautypoint.com/web/image/product.product/9213/image_1024/%5Bysl%20libre%20mini%5D%20Libre%20Eau%20De%20Parfum%201.2ml%20Mini?unique=171216e"
"1784123695-4","https://koreanbeautypoint.com/page/product_brands","https://koreanbeautypoint.com/shop/brands?brand=176","Vegan Pack Cleanser Jumbo-Yujamong","Rs 2,000","https://koreanbeautypoint.com/shop/whipped-vegan-jumbo-cleanser-vegan-pack-cleanser-jumbo-yujamong-8748","https://koreanbeautypoint.com/web/image/product.product/15506/image_1024/%5Bwhipped%20vegan%20jumbo%20cleanser%5D%20Vegan%20Pack%20Cleanser%20Jumbo-Yujamong?unique=60c206e"
"1784123718-5","https://koreanbeautypoint.com/page/product_brands","https://koreanbeautypoint.com/shop/brands?brand=135","5% Nicotinamide Essence Whitening Body Lotion-Peach","Rs 2,800","https://koreanbeautypoint.com/shop/watercome-peach-lotion-5-nicotinamide-essence-whitening-body-lotion-peach-8767","https://koreanbeautypoint.com/web/image/product.product/15525/image_1024/%5Bwatercome%20peach%20lotion%5D%205%25%20Nicotinamide%20Essence%20Whitening%20Body%20Lotion-Peach?unique=60c206e"
"1784123718-6","https://koreanbeautypoint.com/page/product_brands","https://koreanbeautypoint.com/shop/brands?brand=135","Alpha Hydroxy Acid(AHA) Rejuvenating Scrub Cream","Rs 1,800","https://koreanbeautypoint.com/shop/alpha-hydroxy-acidaha-rejuvenating-scrub-cream-8764","https://koreanbeautypoint.com/web/image/product.product/15740/image_1024/%5Bwatercome%20pomelo%20scrub%5D%20Alpha%20Hydroxy%20Acid%28AHA%29%20Rejuvenating%20Scrub%20Cream%20%28Pomelo%29?unique=d47f5ac"
"1784123718-7","https://koreanbeautypoint.com/page/product_brands","https://koreanbeautypoint.com/shop/brands?brand=135","Moisturizing Fragrance Shower Gel","Rs 2,500","https://koreanbeautypoint.com/shop/moisturizing-fragrance-shower-gel-8762","https://koreanbeautypoint.com/web/image/product.product/15743/image_1024/%5Bwatercome%20flower%20shower%20gel%5D%20Moisturizing%20Fragrance%20Shower%20Gel%20%28Flower%29?unique=55d672c"
"1784123718-8","https://koreanbeautypoint.com/page/product_brands","https://koreanbeautypoint.com/shop/brands?brand=135","Alpha Hydroxy Acid (AHA) Rejuvenating Body Lotion - Pomelo","Rs 2,800","https://koreanbeautypoint.com/shop/watercome-pomelo-lotion-alpha-hydroxy-acid-aha-rejuvenating-body-lotion-pomelo-8757","https://koreanbeautypoint.com/web/image/product.product/15515/image_1024/%5Bwatercome%20pomelo%20lotion%5D%20Alpha%20Hydroxy%20Acid%20%28AHA%29%20Rejuvenating%20Body%20Lotion%20-%20Pomelo?unique=433b209"
"1784123718-9","https://koreanbeautypoint.com/page/product_brands","https://koreanbeautypoint.com/shop/brands?brand=135","Alpha Hydroxy Acid AHA Essence Body Lotion 220g","Rs 2,600","https://koreanbeautypoint.com/shop/watercome-aha-body-lotion-alpha-hydroxy-acid-aha-essence-body-lotion-220g-5219","https://koreanbeautypoint.com/web/image/product.product/9197/image_1024/%5Bwatercome%20AHA%20body%20lotion%5D%20Alpha%20Hydroxy%20Acid%20AHA%20Essence%20Body%20Lotion%20220g?unique=affe57f"
"1784123730-10","https://koreanbeautypoint.com/page/product_brands","https://koreanbeautypoint.com/shop/brands?brand=14","Cica No Sebum Powder","Rs 1,200","https://koreanbeautypoint.com/shop/cica-no-sebum-powder-4502","https://koreanbeautypoint.com/web/image/product.product/8126/image_1024/%5Bvt%20no%20sebum%20mild%20powder%5D%20Cica%20No%20Sebum%20Powder%20%28Mild%29?unique=3814b2f"
"1784123730-11","https://koreanbeautypoint.com/page/product_brands","https://koreanbeautypoint.com/shop/brands?brand=14","PDRN Reedle Shot Hair Ampoule 300dl 15ml","Rs 6,800","https://koreanbeautypoint.com/shop/vt-reedle-shot-hair-amp-pdrn-reedle-shot-hair-ampoule-300dl-15ml-5211","https://koreanbeautypoint.com/web/image/product.product/9188/image_1024/%5Bvt%20reedle%20shot%20hair%20amp%5D%20PDRN%20Reedle%20Shot%20Hair%20Ampoule%20300dl%2015ml?unique=affe57f"
"1784123730-12","https://koreanbeautypoint.com/page/product_brands","https://koreanbeautypoint.com/shop/brands?brand=14","Reedle Shot Lifting Eye Cream 15ml","Rs 3,600","https://koreanbeautypoint.com/shop/vt-reedle-shot-eye-cream-reedle-shot-lifting-eye-cream-15ml-5210","https://koreanbeautypoint.com/web/image/product.product/9187/image_1024/%5Bvt%20reedle%20shot%20eye%20cream%5D%20Reedle%20Shot%20Lifting%20Eye%20Cream%2015ml?unique=324b38c"
"1784123730-13","https://koreanbeautypoint.com/page/product_brands","https://koreanbeautypoint.com/shop/brands?brand=14","PDRN Essence 100 30ml","Rs 4,300","https://koreanbeautypoint.com/shop/vt-pdrn-essence-100-pdrn-essence-100-30ml-5206","https://koreanbeautypoint.com/web/image/product.product/9183/image_1024/%5Bvt%20PDRN%20essence%20100%5D%20PDRN%20Essence%20100%2030ml?unique=3814b2f"
"1784123730-14","https://koreanbeautypoint.com/page/product_brands","https://koreanbeautypoint.com/shop/brands?brand=14","PDRN Essence Stick Balm 9.5g","Rs 3,000","https://koreanbeautypoint.com/shop/vt-pdrn-balm-pdrn-essence-stick-balm-95g-5205","https://koreanbeautypoint.com/web/image/product.product/9182/image_1024/%5Bvt%20PDRN%20balm%5D%20PDRN%20Essence%20Stick%20Balm%209.5g?unique=d84a8ff"
"1784123730-15","https://koreanbeautypoint.com/page/product_brands","https://koreanbeautypoint.com/shop/brands?brand=14","Garlic AC Reedle Shot Spot Cream 15ml","Rs 2,300","https://koreanbeautypoint.com/shop/vt-garlic-reedle-shot-garlic-ac-reedle-shot-spot-cream-15ml-5203","https://koreanbeautypoint.com/web/image/product.product/9180/image_1024/%5Bvt%20garlic%20reedle%20shot%5D%20Garlic%20AC%20Reedle%20Shot%20Spot%20Cream%2015ml?unique=2bbacd9"
"1784123730-16","https://koreanbeautypoint.com/page/product_brands","https://koreanbeautypoint.com/shop/brands?brand=14","Collagen Reedle Shot 100 2step Hydrogel Mask","Rs 700","https://koreanbeautypoint.com/shop/vt-collagen-gel-mask-collagen-reedle-shot-100-2step-hydrogel-mask-5202","https://koreanbeautypoint.com/web/image/product.product/9179/image_1024/%5Bvt%20collagen%20gel%20mask%5D%20Collagen%20Reedle%20Shot%20100%202step%20Hydrogel%20Mask?unique=339e199"
"1784123730-17","https://koreanbeautypoint.com/page/product_brands","https://koreanbeautypoint.com/shop/brands?brand=14","Azelaic A1 Calming Ampoule 30ml","Rs 3,300","https://koreanbeautypoint.com/shop/vt-azelaic-ampoule-azelaic-a1-calming-ampoule-30ml-5200","https://koreanbeautypoint.com/web/image/product.product/9177/image_1024/%5Bvt%20azelaic%20ampoule%5D%20Azelaic%20A1%20Calming%20Ampoule%2030ml?unique=4e3a979"
"1784123730-18","https://koreanbeautypoint.com/page/product_brands","https://koreanbeautypoint.com/shop/brands?brand=14","Reedle Shot Vita-Light Eyecream 15ml","Rs 3,300","https://koreanbeautypoint.com/shop/vt-vita-light-eyecream-reedle-shot-vita-light-eyecream-15ml-7692","https://koreanbeautypoint.com/web/image/product.product/11710/image_1024/%5Bvt%20vita%20light%20eyecream%5D%20Reedle%20Shot%20Vita-Light%20Eyecream%2015ml?unique=9e45391"
"1784123730-19","https://koreanbeautypoint.com/page/product_brands","https://koreanbeautypoint.com/shop/brands?brand=14","Reedle Shot 300 2 Step Mask 20g","Rs 400","https://koreanbeautypoint.com/shop/vt-reedle-shot-300-2-step-mask-reedle-shot-300-2-step-mask-20g-7691","https://koreanbeautypoint.com/web/image/product.product/11709/image_1024/%5Bvt%20reedle%20shot%20300%202%20step%20mask%5D%20Reedle%20Shot%20300%202%20Step%20Mask%2020g?unique=55e9a13"
"1784123730-20","https://koreanbeautypoint.com/page/product_brands","https://koreanbeautypoint.com/shop/brands?brand=14","PDRN Capsule Cream 100 50ml","Rs 3,300","https://koreanbeautypoint.com/shop/vt-pdrn-capsule-cream-pdrn-capsule-cream-100-50ml-7690","https://koreanbeautypoint.com/web/image/product.product/11708/image_1024/%5Bvt%20pdrn%20capsule%20cream%5D%20PDRN%20Capsule%20Cream%20100%2050ml?unique=e00008a"
"1784123730-21","https://koreanbeautypoint.com/page/product_brands","https://koreanbeautypoint.com/shop/brands?brand=14","Reedle Shot All In One 3 Step Mask 4g","Rs 320","https://koreanbeautypoint.com/shop/vt-reedle-shot-3-step-mask-reedle-shot-all-in-one-3-step-mask-4g-7689","https://koreanbeautypoint.com/web/image/product.product/11707/image_1024/%5Bvt%20reedle%20shot%203%20step%20mask%5D%20Reedle%20Shot%20All%20In%20One%203%20Step%20Mask%204g?unique=28c35ea"
"1784123730-22","https://koreanbeautypoint.com/page/product_brands","https://koreanbeautypoint.com/shop/brands?brand=14","Vita-Light Reedle Shot 100 2step Hydrogel Mask","Rs 700","https://koreanbeautypoint.com/shop/vt-vita-light-gel-mask-vita-light-reedle-shot-100-2step-hydrogel-mask-5217","https://koreanbeautypoint.com/web/image/product.product/9194/image_1024/%5Bvt%20vita%20light%20gel%20mask%5D%20Vita-Light%20Reedle%20Shot%20100%202step%20Hydrogel%20Mask?unique=affe57f"
"1784123730-23","https://koreanbeautypoint.com/page/product_brands","https://koreanbeautypoint.com/shop/brands?brand=14","Essence Sun Pact SPF50+ PA+++ Refill 11g","Rs 1,600","https://koreanbeautypoint.com/shop/vt-sun-pact-refill-essence-sun-pact-spf50-pa-refill-11g-5216","https://koreanbeautypoint.com/web/image/product.product/9193/image_1024/%5Bvt%20sun%20pact%20refill%5D%20Essence%20Sun%20Pact%20SPF50%2B%20PA%2B%2B%2B%20Refill%2011g?unique=affe57f"
"1784123730-24","https://koreanbeautypoint.com/page/product_brands","https://koreanbeautypoint.com/shop/brands?brand=14","Essence Sun Pact SPF50+ PA+++ 11g","Rs 2,000","https://koreanbeautypoint.com/shop/vt-sun-pact-essence-sun-pact-spf50-pa-11g-5215","https://koreanbeautypoint.com/web/image/product.product/9192/image_1024/%5Bvt%20sun%20pact%5D%20Essence%20Sun%20Pact%20SPF50%2B%20PA%2B%2B%2B%2011g?unique=affe57f"
"1784123730-25","https://koreanbeautypoint.com/page/product_brands","https://koreanbeautypoint.com/shop/brands?brand=14","Cica Reti-A Essence 0.7 30ml","Rs 5,000","https://koreanbeautypoint.com/shop/vt-reti-a-essence-07-cica-reti-a-essence-07-30ml-5214","https://koreanbeautypoint.com/web/image/product.product/9191/image_1024/%5Bvt%20reti-A%20essence%200.7%5D%20Cica%20Reti-A%20Essence%200.7%2030ml?unique=affe57f"
"1784123730-26","https://koreanbeautypoint.com/page/product_brands","https://koreanbeautypoint.com/shop/brands?brand=14","Cica Reti-A Essence 0.5 30ml","Rs 4,500","https://koreanbeautypoint.com/shop/vt-reti-a-essence-05-cica-reti-a-essence-05-30ml-5213","https://koreanbeautypoint.com/web/image/product.product/9190/image_1024/%5Bvt%20reti-A%20essence%200.5%5D%20Cica%20Reti-A%20Essence%200.5%2030ml?unique=affe57f"
"1784123730-27","https://koreanbeautypoint.com/page/product_brands","https://koreanbeautypoint.com/shop/brands?brand=14","Reedle Shot Vita-Light Toning Essence VC 2000 1.5+8.5ml","Rs 4,500","https://koreanbeautypoint.com/shop/vt-reedle-shot-toning-essence-reedle-shot-vita-light-toning-essence-vc-2000-1585ml-5212","https://koreanbeautypoint.com/web/image/product.product/9189/image_1024/%5Bvt%20reedle%20shot%20toning%20essence%5D%20Reedle%20Shot%20Vita-Light%20Toning%20Essence%20VC%202000%201.5%2B8.5ml?unique=affe57f"
"1784123730-28","https://koreanbeautypoint.com/page/product_brands","https://koreanbeautypoint.com/shop/brands?brand=14","Reedle Shot 700 2 Step Mask","Rs 500","https://koreanbeautypoint.com/shop/vt-reedle-700-sheetmask-reedle-shot-700-2-step-mask-5209","https://koreanbeautypoint.com/web/image/product.product/9186/image_1024/%5Bvt%20reedle%20700%20sheetmask%5D%20Reedle%20Shot%20700%202%20Step%20Mask?unique=affe57f"
"1784123730-29","https://koreanbeautypoint.com/page/product_brands","https://koreanbeautypoint.com/shop/brands?brand=14","PDRN Essence Glow Sun Pact 10g","Rs 2,800","https://koreanbeautypoint.com/shop/vt-pdrn-sun-pact-pdrn-essence-glow-sun-pact-10g-5208","https://koreanbeautypoint.com/web/image/product.product/9185/image_1024/%5Bvt%20PDRN%20sun%20pact%5D%20PDRN%20Essence%20Glow%20Sun%20Pact%2010g?unique=affe57f"
"1784123730-30","https://koreanbeautypoint.com/page/product_brands","https://koreanbeautypoint.com/shop/brands?brand=14","Cica Reti-A Essence 0.5 30ml","Rs 4,500","https://koreanbeautypoint.com/shop/vt-reti-a-essence-05-cica-reti-a-essence-05-30ml-5213","https://koreanbeautypoint.com/web/image/product.product/9190/image_1024/%5Bvt%20reti-A%20essence%200.5%5D%20Cica%20Reti-A%20Essence%200.5%2030ml?unique=affe57f"
"1784123730-31","https://koreanbeautypoint.com/page/product_brands","https://koreanbeautypoint.com/shop/brands?brand=14","Reedle Shot Vita-Light Toning Essence VC 2000 1.5+8.5ml","Rs 4,500","https://koreanbeautypoint.com/shop/vt-reedle-shot-toning-essence-reedle-shot-vita-light-toning-essence-vc-2000-1585ml-5212","https://koreanbeautypoint.com/web/image/product.product/9189/image_1024/%5Bvt%20reedle%20shot%20toning%20essence%5D%20Reedle%20Shot%20Vita-Light%20Toning%20Essence%20VC%202000%201.5%2B8.5ml?unique=affe57f"
"1784123730-32","https://koreanbeautypoint.com/page/product_brands","https://koreanbeautypoint.com/shop/brands?brand=14","Reedle Shot 700 2 Step Mask","Rs 500","https://koreanbeautypoint.com/shop/vt-reedle-700-sheetmask-reedle-shot-700-2-step-mask-5209","https://koreanbeautypoint.com/web/image/product.product/9186/image_1024/%5Bvt%20reedle%20700%20sheetmask%5D%20Reedle%20Shot%20700%202%20Step%20Mask?unique=affe57f"
"1784123730-33","https://koreanbeautypoint.com/page/product_brands","https://koreanbeautypoint.com/shop/brands?brand=14","PDRN Essence Glow Sun Pact 10g","Rs 2,800","https://koreanbeautypoint.com/shop/vt-pdrn-sun-pact-pdrn-essence-glow-sun-pact-10g-5208","https://koreanbeautypoint.com/web/image/product.product/9185/image_1024/%5Bvt%20PDRN%20sun%20pact%5D%20PDRN%20Essence%20Glow%20Sun%20Pact%2010g?unique=affe57f"
"1784123730-34","https://koreanbeautypoint.com/page/product_brands","https://koreanbeautypoint.com/shop/brands?brand=14","PDRN Hydrogel Mask","Rs 700","https://koreanbeautypoint.com/shop/vt-pdrn-gel-mask-pdrn-hydrogel-mask-5207","https://koreanbeautypoint.com/web/image/product.product/9184/image_1024/%5Bvt%20PDRN%20gel%20mask%5D%20PDRN%20Hydrogel%20Mask?unique=affe57f"
"1784123730-35","https://koreanbeautypoint.com/page/product_brands","https://koreanbeautypoint.com/shop/brands?brand=14","PDRN Glow Ampoule 100ml","Rs 3,600","https://koreanbeautypoint.com/shop/vt-pdrn-ampoule-pdrn-glow-ampoule-100ml-5204","https://koreanbeautypoint.com/web/image/product.product/9181/image_1024/%5Bvt%20PDRN%20ampoule%5D%20PDRN%20Glow%20Ampoule%20100ml?unique=9606aab"
"1784123730-36","https://koreanbeautypoint.com/page/product_brands","https://koreanbeautypoint.com/shop/brands?brand=14","Reedle Shot Lip Plumper Beginner 4.3g","Rs 2,300","https://koreanbeautypoint.com/shop/vt-beginner-lip-plumper-reedle-shot-lip-plumper-beginner-43g-5201","https://koreanbeautypoint.com/web/image/product.product/9178/image_1024/%5Bvt%20beginner%20lip%20plumper%5D%20Reedle%20Shot%20Lip%20Plumper%20Beginner%204.3g?unique=affe57f"
"1784123730-37","https://koreanbeautypoint.com/page/product_brands","https://koreanbeautypoint.com/shop/brands?brand=14","Red Booster Reedle Shot 300 50ml","Rs 5,000","https://koreanbeautypoint.com/shop/vt-300-red-reedle-shot-red-booster-reedle-shot-300-50ml-5199","https://koreanbeautypoint.com/web/image/product.product/9176/image_1024/%5Bvt%20300%20red%20reedle%20shot%5D%20Red%20Booster%20Reedle%20Shot%20300%2050ml?unique=886ec1a"
"1784123730-38","https://koreanbeautypoint.com/page/product_brands","https://koreanbeautypoint.com/shop/brands?brand=14","Reedle Shot","Rs 4,200","https://koreanbeautypoint.com/shop/reedle-shot-5021","https://koreanbeautypoint.com/web/image/product.product/8934/image_1024/%5Bvt%20100%20reedle%20shot%5D%20Reedle%20Shot%20%28100%29?unique=affe57f"
"1784123739-39","https://koreanbeautypoint.com/page/product_brands","https://koreanbeautypoint.com/shop/brands?brand=45","&Honey Scalp Volume Treatment 2.0 440g","Rs 4,000","https://koreanbeautypoint.com/shop/honey-volume-treatment-honey-scalp-volume-treatment-20-440g-4338","https://koreanbeautypoint.com/web/image/product.product/7916/image_1024/%5B%26honey%20volume%20treatment%5D%20%26Honey%20Scalp%20Volume%20Treatment%202.0%20440g?unique=affe57f"
"1784123739-40","https://koreanbeautypoint.com/page/product_brands","https://koreanbeautypoint.com/shop/brands?brand=45","&Honey Scalp Volume Shampoo 1.0 440ml","Rs 4,000","https://koreanbeautypoint.com/shop/honey-volume-shampoo-honey-scalp-volume-shampoo-10-440ml-4337","https://koreanbeautypoint.com/web/image/product.product/7915/image_1024/%5B%26honey%20volume%20shampoo%5D%20%26Honey%20Scalp%20Volume%20Shampoo%201.0%20440ml?unique=affe57f"
"1784123739-41","https://koreanbeautypoint.com/page/product_brands","https://koreanbeautypoint.com/shop/brands?brand=45","&Honey Melty Moist Repair Hair Treatment 2.0 Refill 350g","Rs 2,800","https://koreanbeautypoint.com/shop/honey-melty-moist-treatment-refill-honey-melty-moist-repair-hair-treatment-20-refill-350g-4336","https://koreanbeautypoint.com/web/image/product.product/7914/image_1024/%5B%26honey%20melty%20moist%20treatment%20refill%5D%20%26Honey%20Melty%20Moist%20Repair%20Hair%20Treatment%202.0%20Refill%20350g?unique=f62ca25"
"1784123739-42","https://koreanbeautypoint.com/page/product_brands","https://koreanbeautypoint.com/shop/brands?brand=45","&Honey Melty Moist Repair Hair Treatment 2.0 445g","Rs 4,000","https://koreanbeautypoint.com/shop/honey-melty-moist-treatment-honey-melty-moist-repair-hair-treatment-20-445g-4335","https://koreanbeautypoint.com/web/image/product.product/7913/image_1024/%5B%26honey%20melty%20moist%20treatment%5D%20%26Honey%20Melty%20Moist%20Repair%20Hair%20Treatment%202.0%20445g?unique=ff812b2"
"1784123739-43","https://koreanbeautypoint.com/page/product_brands","https://koreanbeautypoint.com/shop/brands?brand=45","&Honey Melty Moist Repair Shampoo 1.0 Refill 350ml","Rs 2,800","https://koreanbeautypoint.com/shop/honey-melty-moist-shampoo-refill-honey-melty-moist-repair-shampoo-10-refill-350ml-4334","https://koreanbeautypoint.com/web/image/product.product/7912/image_1024/%5B%26honey%20melty%20moist%20shampoo%20refill%5D%20%26Honey%20Melty%20Moist%20Repair%20Shampoo%201.0%20Refill%20350ml?unique=8e2e943"
"1784123739-44","https://koreanbeautypoint.com/page/product_brands","https://koreanbeautypoint.com/shop/brands?brand=45","&Honey Melty Moist Repair Shampoo 1.0 440ml","Rs 4,000","https://koreanbeautypoint.com/shop/honey-melty-moist-shampoo-honey-melty-moist-repair-shampoo-10-440ml-4333","https://koreanbeautypoint.com/web/image/product.product/7911/image_1024/%5B%26honey%20melty%20moist%20shampoo%5D%20%26Honey%20Melty%20Moist%20Repair%20Shampoo%201.0%20440ml?unique=86c43ec"
"1784123739-45","https://koreanbeautypoint.com/page/product_brands","https://koreanbeautypoint.com/shop/brands?brand=45","&Honey Deep Moist Hair Treatment 2.0 445g","Rs 4,000","https://koreanbeautypoint.com/shop/honey-deep-moist-treatment-honey-deep-moist-hair-treatment-20-445g-4332","https://koreanbeautypoint.com/web/image/product.product/7910/image_1024/%5B%26honey%20deep%20moist%20treatment%5D%20%26Honey%20Deep%20Moist%20Hair%20Treatment%202.0%20445g?unique=e045c8f"
"1784123739-46","https://koreanbeautypoint.com/page/product_brands","https://koreanbeautypoint.com/shop/brands?brand=45","&Honey Deep Moist Shampoo 1.0 440ml","Rs 4,000","https://koreanbeautypoint.com/shop/honey-deep-moist-shampoo-honey-deep-moist-shampoo-10-440ml-4331","https://koreanbeautypoint.com/web/image/product.product/7909/image_1024/%5B%26honey%20deep%20moist%20shampoo%5D%20%26Honey%20Deep%20Moist%20Shampoo%201.0%20440ml?unique=e485e83"
"1784123747-47","https://koreanbeautypoint.com/page/product_brands","https://koreanbeautypoint.com/shop/brands?brand=100","Matomage Hair Styling Stick 13g","Rs 1,200","https://koreanbeautypoint.com/shop/matomage-hair-styling-stick-13g-4843","https://koreanbeautypoint.com/web/image/product.product/10594/image_1024/%5Bmatomage%20regular%20hold%5D%20Matomage%20Hair%20Styling%20Stick%2013g%20%28Regular%20Hold%29?unique=affe57f"
"1784123756-48","https://koreanbeautypoint.com/page/product_brands","https://koreanbeautypoint.com/shop/brands?brand=167","Delicate Curling Eyelashes Primer 5g","Rs 1,300","https://koreanbeautypoint.com/shop/unny-eyelashes-primer-delicate-curling-eyelashes-primer-5g-7688","https://koreanbeautypoint.com/web/image/product.product/11706/image_1024/%5Bunny%20eyelashes%20primer%5D%20Delicate%20Curling%20Eyelashes%20Primer%205g?unique=9c5d0d3"
"1784123768-49","https://koreanbeautypoint.com/page/product_brands","https://koreanbeautypoint.com/shop/brands?brand=3","Hey Dew Blue Cushion","Rs 1,500","https://koreanbeautypoint.com/shop/hey-dew-blue-cushion-4704","https://koreanbeautypoint.com/web/image/product.product/8419/image_1024/%5Bunleashia%20dew%20cushion%2014N%5D%20Hey%20Dew%20Blue%20Cushion%20%28Angel%20hage%29?unique=ca82c37"
"1784123768-50","https://koreanbeautypoint.com/page/product_brands","https://koreanbeautypoint.com/shop/brands?brand=3","Easy Glide Flat Eyeliner","Rs 800","https://koreanbeautypoint.com/shop/easy-glide-flat-eyeliner-4601","https://koreanbeautypoint.com/web/image/product.product/8257/image_1024/%5Bunleashia%20flat%20eyeliner%2001%5D%20Easy%20Glide%20Flat%20Eyeliner%20%28Deep%20Black%29?unique=affe57f"
"1784123768-51","https://koreanbeautypoint.com/page/product_brands","https://koreanbeautypoint.com/shop/brands?brand=3","Don'T Touch Glass Pink Cushion Re-Feel Refill Only - 18 Colors","Rs 2,200","https://koreanbeautypoint.com/shop/dont-touch-glass-pink-cushion-re-feel-refill-only-18-colors-4575","https://koreanbeautypoint.com/web/image/product.product/8225/image_1024/%5Bunleashia%20pink%20cushion%20refill%2027N%5D%20Don%27T%20Touch%20Glass%20Pink%20Cushion%20Re-Feel%20Refill%20Only%20-%2018%20Colors%20%28Limpid%29?unique=affe57f"
"1784123768-52","https://koreanbeautypoint.com/page/product_brands","https://koreanbeautypoint.com/shop/brands?brand=3","Don'T Touch Glass Pink Cushion","Rs 200","https://koreanbeautypoint.com/shop/dont-touch-glass-pink-cushion-4574","https://koreanbeautypoint.com/web/image/product.product/8222/image_1024/%5Bunleashia%20pink%20cushion%2021N%5D%20Don%27T%20Touch%20Glass%20Pink%20Cushion%20%28Hyaline%29?unique=affe57f"
"1784123768-53","https://koreanbeautypoint.com/page/product_brands","https://koreanbeautypoint.com/shop/brands?brand=3","Cotton Candy Face Palette","Rs 1,300","https://koreanbeautypoint.com/shop/cotton-candy-face-palette-4554","https://koreanbeautypoint.com/web/image/product.product/8183/image_1024/%5Bunleashia%20cotton%20palette%20no.5%5D%20Cotton%20Candy%20Face%20Palette%20%28Berry%20nanal%29?unique=affe57f"
"1784123768-54","https://koreanbeautypoint.com/page/product_brands","https://koreanbeautypoint.com/shop/brands?brand=3","Cloud Kiss Velvet Tint","Rs 1,200","https://koreanbeautypoint.com/shop/cloud-kiss-velvet-tint-4506","https://koreanbeautypoint.com/web/image/product.product/8133/image_1024/%5Bunleashia%20cloud%20kiss%20tint%20no.1%5D%20Cloud%20Kiss%20Velvet%20Tint%20%28Blush%20pink%29?unique=26a7beb"
"1784123768-55","https://koreanbeautypoint.com/page/product_brands","https://koreanbeautypoint.com/shop/brands?brand=3","Bye Bye My Blemish Concealer","Rs 1,500","https://koreanbeautypoint.com/shop/bye-bye-my-blemish-concealer-4492","https://koreanbeautypoint.com/web/image/product.product/8103/image_1024/%5Bunleashia%20bye%20concealer%201.5%20cornsilk%5D%20Bye%20Bye%20My%20Blemish%20Concealer%20%28Cornsilk%29?unique=affe57f"
"1784123768-56","https://koreanbeautypoint.com/page/product_brands","https://koreanbeautypoint.com/shop/brands?brand=3","A By Unleashia Tanghulu Glaze Tint","Rs 1,200","https://koreanbeautypoint.com/shop/a-by-unleashia-tanghulu-glaze-tint-4344","https://koreanbeautypoint.com/web/image/product.product/7928/image_1024/%5Bunleashia%20tanghulu%20tint%2002%5D%20A%20By%20Unleashia%20Tanghulu%20Glaze%20Tint%20%28Amberose%29?unique=affe57f"
"1784123768-57","https://koreanbeautypoint.com/page/product_brands","https://koreanbeautypoint.com/shop/brands?brand=3","A By Unleashia Non Stop Liquid Eyeliner - 2 Colors","Rs 1,200","https://koreanbeautypoint.com/shop/a-by-unleashia-non-stop-liquid-eyeliner-2-colors-4343","https://koreanbeautypoint.com/web/image/product.product/7926/image_1024/%5Bunleashia%20nonstop%20eyeliner%2001%5D%20A%20By%20Unleashia%20Non%20Stop%20Liquid%20Eyeliner%20-%C2%A02%C2%A0Colors%20%28Ash%20black%29?unique=67769a2"
"1784123768-58","https://koreanbeautypoint.com/page/product_brands","https://koreanbeautypoint.com/shop/brands?brand=3","A By Unleashia Berry Cool Plumping Lip Balm","Rs 1,500","https://koreanbeautypoint.com/shop/a-by-unleashia-berry-cool-plumping-lip-balm-4342","https://koreanbeautypoint.com/web/image/product.product/7924/image_1024/%5Bunleashia%20berry%20cool%20lip%20balm%2002%5D%20A%20By%20Unleashia%20Berry%20Cool%20Plumping%20Lip%20Balm%20%28Peach%20haze%29?unique=affe57f"
"1784123768-59","https://koreanbeautypoint.com/page/product_brands","https://koreanbeautypoint.com/shop/brands?brand=3","Moonlight Liquid Glitter","Rs 1,300","https://koreanbeautypoint.com/shop/moonlight-liquid-glitter-4918","https://koreanbeautypoint.com/web/image/product.product/8804/image_1024/%5Bunleashia%20moonlight%20glitter%20no.2%5D%20Moonlight%20Liquid%20Glitter%20%28Gold%20star%29?unique=affe57f"
"1784123768-60","https://koreanbeautypoint.com/page/product_brands","https://koreanbeautypoint.com/shop/brands?brand=3","Luv Hug Velvet Tint","Rs 1,000","https://koreanbeautypoint.com/shop/luv-hug-velvet-tint-4808","https://koreanbeautypoint.com/web/image/product.product/8606/image_1024/%5Bunleashia%20hug%20velvet%20tint%20no.1%5D%20Luv%20Hug%20Velvet%20Tint%20%28Be%20With%29?unique=affe57f"
"1784123768-61","https://koreanbeautypoint.com/page/product_brands","https://koreanbeautypoint.com/shop/brands?brand=3","Glitterpedia Eye Palette","Rs 2,500","https://koreanbeautypoint.com/shop/glitterpedia-eye-palette-4658","https://koreanbeautypoint.com/web/image/product.product/8356/image_1024/%5Bunleashia%20glitterpedia%2002%20brown%5D%20Glitterpedia%20Eye%20Palette%20%28All%20Of%20Brown%29?unique=b5bbde2"
"1784123768-62","https://koreanbeautypoint.com/page/product_brands","https://koreanbeautypoint.com/shop/brands?brand=3","Don't Touch Glass Pink Cushion Case","Rs 2,000","https://koreanbeautypoint.com/shop/unleashia-pink-cushion-cover-dont-touch-glass-pink-cushion-case-5195","https://koreanbeautypoint.com/web/image/product.product/9170/image_1024/%5Bunleashia%20pink%20cushion%20cover%5D%20Don%27t%20Touch%20Glass%20Pink%20Cushion%20Case?unique=8e5446f"
"1784123768-63","https://koreanbeautypoint.com/page/product_brands","https://koreanbeautypoint.com/shop/brands?brand=3","Lift Lock Fixing Mascara No.1 Clear Black 3.7g","Rs 1,600","https://koreanbeautypoint.com/shop/unleashia-lock-mascara-no1-lift-lock-fixing-mascara-no1-clear-black-37g-5194","https://koreanbeautypoint.com/web/image/product.product/9169/image_1024/%5Bunleashia%20lock%20mascara%20no.1%5D%20Lift%20Lock%20Fixing%20Mascara%20No.1%20Clear%20Black%203.7g?unique=6d99133"
"1784123768-64","https://koreanbeautypoint.com/page/product_brands","https://koreanbeautypoint.com/shop/brands?brand=3","Satin Wear Healthy-Green Cushion Cover Package","Rs 1,600","https://koreanbeautypoint.com/shop/unleashia-green-cushion-cover-satin-wear-healthy-green-cushion-cover-package-5193","https://koreanbeautypoint.com/web/image/product.product/9168/image_1024/%5Bunleashia%20green%20cushion%20cover%5D%20Satin%20Wear%20Healthy-Green%20Cushion%20Cover%20Package?unique=affe57f"
"1784123768-65","https://koreanbeautypoint.com/page/product_brands","https://koreanbeautypoint.com/shop/brands?brand=3","Babe Skin Baby Blue Cushion Cover Package","Rs 2,000","https://koreanbeautypoint.com/shop/unleashia-blue-cushion-cover-babe-skin-baby-blue-cushion-cover-package-5191","https://koreanbeautypoint.com/web/image/product.product/9166/image_1024/%5Bunleashia%20blue%20cushion%20cover%5D%20Babe%20Skin%20Baby%20Blue%20Cushion%20Cover%20Package?unique=affe57f"
"1784123768-66","https://koreanbeautypoint.com/page/product_brands","https://koreanbeautypoint.com/shop/brands?brand=3","Babe Skin Baby Blue Cushion 25N Good Night","Rs 3,000","https://koreanbeautypoint.com/shop/unleashia-blue-cushion-25n-babe-skin-baby-blue-cushion-25n-good-night-5190","https://koreanbeautypoint.com/web/image/product.product/9165/image_1024/%5Bunleashia%20blue%20cushion%2025N%5D%20Babe%20Skin%20Baby%20Blue%20Cushion%2025N%20Good%20Night?unique=affe57f"
"1784123768-67","https://koreanbeautypoint.com/page/product_brands","https://koreanbeautypoint.com/shop/brands?brand=3","Niacinamide Banana Sun Serum 40ml","Rs 2,300","https://koreanbeautypoint.com/shop/unleashia-banana-spf-niacinamide-banana-sun-serum-40ml-5189","https://koreanbeautypoint.com/web/image/product.product/9164/image_1024/%5Bunleashia%20banana%20spf%5D%20Niacinamide%20Banana%20Sun%20Serum%2040ml?unique=339e199"
"1784123768-68","https://koreanbeautypoint.com/page/product_brands","https://koreanbeautypoint.com/shop/brands?brand=3","Unleashia Babe Skin Baby Blue Cushion Re-Feel","Rs 2,000","https://koreanbeautypoint.com/shop/unleashia-babe-skin-baby-blue-cushion-re-feel-5188","https://koreanbeautypoint.com/web/image/product.product/9156/image_1024/%5Bunleashia%20blue%20cushion%20refill%2029N%5D%20Unleashia%20Babe%20Skin%20Baby%20Blue%20Cushion%20Re-Feel%20%28Afterglow%29?unique=affe57f"
"1784123768-69","https://koreanbeautypoint.com/page/product_brands","https://koreanbeautypoint.com/shop/brands?brand=3","Babe Skin Baby Blue Cushion Cover Package","Rs 2,000","https://koreanbeautypoint.com/shop/unleashia-blue-cushion-cover-babe-skin-baby-blue-cushion-cover-package-5191","https://koreanbeautypoint.com/web/image/product.product/9166/image_1024/%5Bunleashia%20blue%20cushion%20cover%5D%20Babe%20Skin%20Baby%20Blue%20Cushion%20Cover%20Package?unique=affe57f"
"1784123768-70","https://koreanbeautypoint.com/page/product_brands","https://koreanbeautypoint.com/shop/brands?brand=3","Babe Skin Baby Blue Cushion 25N Good Night","Rs 3,000","https://koreanbeautypoint.com/shop/unleashia-blue-cushion-25n-babe-skin-baby-blue-cushion-25n-good-night-5190","https://koreanbeautypoint.com/web/image/product.product/9165/image_1024/%5Bunleashia%20blue%20cushion%2025N%5D%20Babe%20Skin%20Baby%20Blue%20Cushion%2025N%20Good%20Night?unique=affe57f"
"1784123768-71","https://koreanbeautypoint.com/page/product_brands","https://koreanbeautypoint.com/shop/brands?brand=3","Niacinamide Banana Sun Serum 40ml","Rs 2,300","https://koreanbeautypoint.com/shop/unleashia-banana-spf-niacinamide-banana-sun-serum-40ml-5189","https://koreanbeautypoint.com/web/image/product.product/9164/image_1024/%5Bunleashia%20banana%20spf%5D%20Niacinamide%20Banana%20Sun%20Serum%2040ml?unique=339e199"
"1784123768-72","https://koreanbeautypoint.com/page/product_brands","https://koreanbeautypoint.com/shop/brands?brand=3","Unleashia Babe Skin Baby Blue Cushion Re-Feel","Rs 2,000","https://koreanbeautypoint.com/shop/unleashia-babe-skin-baby-blue-cushion-re-feel-5188","https://koreanbeautypoint.com/web/image/product.product/9156/image_1024/%5Bunleashia%20blue%20cushion%20refill%2029N%5D%20Unleashia%20Babe%20Skin%20Baby%20Blue%20Cushion%20Re-Feel%20%28Afterglow%29?unique=affe57f"
"1784123768-73","https://koreanbeautypoint.com/page/product_brands","https://koreanbeautypoint.com/shop/brands?brand=3","Tinted Drop Jellying Cheek","Rs 1,000","https://koreanbeautypoint.com/shop/tinted-drop-jellying-cheek-5158","https://koreanbeautypoint.com/web/image/product.product/9124/image_1024/%5Bunleashia%20jellying%20cheek%20no.1%5D%20Tinted%20Drop%20Jellying%20Cheek%20%28Pink%20dream%29?unique=affe57f"
"1784123768-74","https://koreanbeautypoint.com/page/product_brands","https://koreanbeautypoint.com/shop/brands?brand=3","Sunset Dazzle Gloss Balm","Rs 1,800","https://koreanbeautypoint.com/shop/sunset-dazzle-gloss-balm-5152","https://koreanbeautypoint.com/web/image/product.product/9110/image_1024/%5Bunleashia%20gloss%20balm%20no.5%5D%20Sunset%20Dazzle%20Gloss%20Balm%20%28Amalfi%29?unique=affe57f"
"1784123768-75","https://koreanbeautypoint.com/page/product_brands","https://koreanbeautypoint.com/shop/brands?brand=3","Sisua Berry Shot Lip Tint","Rs 1,200","https://koreanbeautypoint.com/shop/sisua-berry-shot-lip-tint-5095","https://koreanbeautypoint.com/web/image/product.product/9039/image_1024/%5Bsisua%20lip%20tint%2005%20calm%20grape%5D%20Sisua%20Berry%20Shot%20Lip%20Tint%20%28Calm%20Grape%29?unique=affe57f"
"1784123768-76","https://koreanbeautypoint.com/page/product_brands","https://koreanbeautypoint.com/shop/brands?brand=3","Shaper Defining Eyebrow Pencil 3 Colors","Rs 800","https://koreanbeautypoint.com/shop/shaper-defining-eyebrow-pencil-3-colors-5091","https://koreanbeautypoint.com/web/image/product.product/9033/image_1024/%5Bunleashia%20brow%20shaper%2002%5D%20Shaper%20Defining%20Eyebrow%20Pencil%203%20Colors%20%28Kraft%20Brown%29?unique=affe57f"
"1784123768-77","https://koreanbeautypoint.com/page/product_brands","https://koreanbeautypoint.com/shop/brands?brand=3","Satin Wear Healthy-Green Cushion Re-Feel","Rs 1,500","https://koreanbeautypoint.com/shop/satin-wear-healthy-green-cushion-re-feel-5051","https://koreanbeautypoint.com/web/image/product.product/8981/image_1024/%5Bunleashia%20green%20cushion%20refill%2029N%5D%20Satin%20Wear%20Healthy-Green%20Cushion%20Re-Feel%20%28Bamboo%29?unique=affe57f"
"1784123768-78","https://koreanbeautypoint.com/page/product_brands","https://koreanbeautypoint.com/shop/brands?brand=3","Real Fine 1mm Eyebrow Pencil","Rs 1,000","https://koreanbeautypoint.com/shop/real-fine-1mm-eyebrow-pencil-5019","https://koreanbeautypoint.com/web/image/product.product/8929/image_1024/%5Bunleashia%20fine%20eyebrow%20no.2%5D%20Real%20Fine%201mm%20Eyebrow%20Pencil%20%28Mud%20brown%29?unique=0f3c063"
"1784123768-79","https://koreanbeautypoint.com/page/product_brands","https://koreanbeautypoint.com/shop/brands?brand=3","Pillow Kiss Lip Pencil 0.3g","Rs 1,000","https://koreanbeautypoint.com/shop/pillow-kiss-lip-pencil-03g-4985","https://koreanbeautypoint.com/web/image/product.product/8887/image_1024/%5Bunleashia%20pillow%20pencil%20no.3%5D%20Pillow%20Kiss%20Lip%20Pencil%200.3g%20%28Bare%20shadow%29?unique=affe57f"
"1784123768-80","https://koreanbeautypoint.com/page/product_brands","https://koreanbeautypoint.com/shop/brands?brand=3","Oh! Happy Day Lip Pencil","Rs 1,200","https://koreanbeautypoint.com/shop/oh-happy-day-lip-pencil-4963","https://koreanbeautypoint.com/web/image/product.product/8860/image_1024/%5Bunleashia%20oh%21%20lip%20pencil%2006%5D%20Oh%21%20Happy%20Day%20Lip%20Pencil%20%28After%20Party%29?unique=affe57f"
"1784123768-81","https://koreanbeautypoint.com/page/product_brands","https://koreanbeautypoint.com/shop/brands?brand=3","Mood Shower Face Palette","Rs 1,000","https://koreanbeautypoint.com/shop/mood-shower-face-palette-4917","https://koreanbeautypoint.com/web/image/product.product/8802/image_1024/%5Bunleashia%20mood%20palette%20100%5D%20Mood%20Shower%20Face%20Palette%20%28Ballerina%29?unique=affe57f"
"1784123768-82","https://koreanbeautypoint.com/page/product_brands","https://koreanbeautypoint.com/shop/brands?brand=3","Mood Shower Eye Palette","Rs 1,000","https://koreanbeautypoint.com/shop/mood-shower-eye-palette-4916","https://koreanbeautypoint.com/web/image/product.product/8799/image_1024/%5Bunleashia%20mood%20palette%2003%5D%20Mood%20Shower%20Eye%20Palette%20%28Nude%20Shower%29?unique=affe57f"
"1784123768-83","https://koreanbeautypoint.com/page/product_brands","https://koreanbeautypoint.com/shop/brands?brand=3","MINEST Hold On Tight Concealer","Rs 1,500","https://koreanbeautypoint.com/shop/unleashia-minest-concealer-30-almond-minest-hold-on-tight-concealer-4899","https://koreanbeautypoint.com/web/image/product.product/8770/image_1024/%5Bunleashia%20minest%20concealer%203.0%20almond%5D%20MINEST%20Hold%20On%20Tight%20Concealer?unique=affe57f"
"1784123768-84","https://koreanbeautypoint.com/page/product_brands","https://koreanbeautypoint.com/shop/brands?brand=3","Refreshing Time Cleansing Water 400ml","Rs 2,600","https://koreanbeautypoint.com/shop/unleashia-cw-refreshing-time-cleansing-water-400ml-5192","https://koreanbeautypoint.com/web/image/product.product/9167/image_1024/%5Bunleashia%20cw%5D%20Refreshing%20Time%20Cleansing%20Water%20400ml?unique=affe57f"
"1784123768-85","https://koreanbeautypoint.com/page/product_brands","https://koreanbeautypoint.com/shop/brands?brand=3","Tap Me Palette Duo","Rs 1,300","https://koreanbeautypoint.com/shop/tap-me-palette-duo-5154","https://koreanbeautypoint.com/web/image/product.product/9118/image_1024/%5Bunleashia%20tap%20me%20duo%2002%5D%20Tap%20Me%20Palette%20Duo%20%28Groovy%29?unique=affe57f"
"1784123768-86","https://koreanbeautypoint.com/page/product_brands","https://koreanbeautypoint.com/shop/brands?brand=3","Tasmanian Pepper Calming 2-Piece Pad 70 Pads","Rs 3,500","https://koreanbeautypoint.com/shop/sisua-pepper-toner-pad-tasmanian-pepper-calming-2-piece-pad-70-pads-5097","https://koreanbeautypoint.com/web/image/product.product/9045/image_1024/%5Bsisua%20pepper%20toner%20pad%5D%20Tasmanian%20Pepper%20Calming%202-Piece%20Pad%2070%20Pads?unique=affe57f"
"1784123768-87","https://koreanbeautypoint.com/page/product_brands","https://koreanbeautypoint.com/shop/brands?brand=3","Sisua Butter Waffle Dough Blusher","Rs 2,500","https://koreanbeautypoint.com/shop/sisua-waffle-blush-01-sisua-butter-waffle-dough-blusher-5096","https://koreanbeautypoint.com/web/image/product.product/9044/image_1024/%5Bsisua%20waffle%20blush%2001%5D%20Sisua%20Butter%20Waffle%20Dough%20Blusher?unique=affe57f"
"1784123768-88","https://koreanbeautypoint.com/page/product_brands","https://koreanbeautypoint.com/shop/brands?brand=3","Satin Wear Healthy-Green Cushion RE-FEEL","Rs 1,500","https://koreanbeautypoint.com/shop/satin-wear-healthy-green-cushion-re-feel-5052","https://koreanbeautypoint.com/web/image/product.product/8989/image_1024/%5Bunleashia%20green%20cushion%20refill%2023W%5D%20Satin%20Wear%20Healthy-Green%20Cushion%20RE-FEEL%20%28Bisque%29?unique=affe57f"
"1784123768-89","https://koreanbeautypoint.com/page/product_brands","https://koreanbeautypoint.com/shop/brands?brand=3","Satin Wear Healthy-Green Cushion","Rs 3,000","https://koreanbeautypoint.com/shop/satin-wear-healthy-green-cushion-5050","https://koreanbeautypoint.com/web/image/product.product/8977/image_1024/%5Bunleashia%20green%20cushion%2023W%5D%20Satin%20Wear%20Healthy-Green%20Cushion%20%28Bisque%29?unique=affe57f"
"1784123768-90","https://koreanbeautypoint.com/page/product_brands","https://koreanbeautypoint.com/shop/brands?brand=3","Red Pepper Paste Lip Balm+ Free Gift – 3 Colors","Rs 1,500","https://koreanbeautypoint.com/shop/red-pepper-paste-lip-balm-free-gift-3-colors-5020","https://koreanbeautypoint.com/web/image/product.product/8931/image_1024/%5Bunleashia%20pepper%20lip%20balm%2003%5D%20Red%20Pepper%20Paste%20Lip%20Balm%2B%20Free%20Gift%20%E2%80%93%203%20Colors%20%28Delicious%20Spicy%20Recipe%29?unique=affe57f"
"1784123768-91","https://koreanbeautypoint.com/page/product_brands","https://koreanbeautypoint.com/shop/brands?brand=3","Pretty Easy Glitter Stick Renewal 7 Colors","Rs 1,300","https://koreanbeautypoint.com/shop/pretty-easy-glitter-stick-renewal-7-colors-4986","https://koreanbeautypoint.com/web/image/product.product/8890/image_1024/%5Bunleashia%20glitter%20stick%2003%5D%20Pretty%20Easy%20Glitter%20Stick%20Renewal%207%20Colors%20%28Brave%29?unique=affe57f"
"1784123768-92","https://koreanbeautypoint.com/page/product_brands","https://koreanbeautypoint.com/shop/brands?brand=3","Non-Sticky Dazzle Tint","Rs 1,300","https://koreanbeautypoint.com/shop/non-sticky-dazzle-tint-4958","https://koreanbeautypoint.com/web/image/product.product/8848/image_1024/%5Bunleashia%20dazzle%20tint%2001%5D%20Non-Sticky%20Dazzle%20Tint%20%28Blink%29?unique=a00be12"
"1784123777-93","https://koreanbeautypoint.com/page/product_brands","https://koreanbeautypoint.com/shop/brands?brand=134","DIVE-IN Low Molecular Hyaluronic Acid Toner Mini 50ml","Rs 1,000","https://koreanbeautypoint.com/shop/torriden-dive-in-ha-toner-mini-dive-in-low-molecular-hyaluronic-acid-toner-mini-50ml-5175","https://koreanbeautypoint.com/web/image/product.product/9142/image_1024/%5Btorriden%20dive%20in%20ha%20toner%20mini%5D%20DIVE-IN%20Low%20Molecular%20Hyaluronic%20Acid%20Toner%20Mini%2050ml?unique=5b85ee3"
"1784123777-94","https://koreanbeautypoint.com/page/product_brands","https://koreanbeautypoint.com/shop/brands?brand=134","DIVE-IN Low Molecular Hyaluronic Acid Soothing Cream","Rs 700","https://koreanbeautypoint.com/shop/dive-in-low-molecular-hyaluronic-acid-soothing-cream-5174","https://koreanbeautypoint.com/web/image/product.product/10584/image_1024/%5Btorriden%20dive%20in%20ha%20soothing%20cream%5D%20DIVE-IN%20Low%20Molecular%20Hyaluronic%20Acid%20Soothing%20Cream%20%28100ml%29?unique=affe57f"
"1784123777-95","https://koreanbeautypoint.com/page/product_brands","https://koreanbeautypoint.com/shop/brands?brand=134","DIVE-IN Low Molecular Hyaluronic Acid Skin Booster 200ml","Rs 3,300","https://koreanbeautypoint.com/shop/torriden-dive-in-ha-skin-booster-dive-in-low-molecular-hyaluronic-acid-skin-booster-200ml-5173","https://koreanbeautypoint.com/web/image/product.product/9140/image_1024/%5Btorriden%20dive%20in%20ha%20skin%20booster%5D%20DIVE-IN%20Low%20Molecular%20Hyaluronic%20Acid%20Skin%20Booster%20200ml?unique=affe57f"
"1784123777-96","https://koreanbeautypoint.com/page/product_brands","https://koreanbeautypoint.com/shop/brands?brand=134","DIVE-IN Low Molecular Hyaluronic Acid Mask 1 X 27ml","Rs 320","https://koreanbeautypoint.com/shop/torriden-dive-in-ha-sheetmask-dive-in-low-molecular-hyaluronic-acid-mask-1-x-27ml-5172","https://koreanbeautypoint.com/web/image/product.product/9139/image_1024/%5Btorriden%20dive%20in%20ha%20sheetmask%5D%20DIVE-IN%20Low%20Molecular%20Hyaluronic%20Acid%20Mask%201%20X%2027ml?unique=60c206e"
"1784123777-97","https://koreanbeautypoint.com/page/product_brands","https://koreanbeautypoint.com/shop/brands?brand=134","DIVE-IN Low Molecular Hyaluronic Acid Serum","Rs 700","https://koreanbeautypoint.com/shop/dive-in-low-molecular-hyaluronic-acid-serum-5171","https://koreanbeautypoint.com/web/image/product.product/10582/image_1024/%5Btorriden%20dive%20in%20ha%20serum%20mini%5D%20DIVE-IN%20Low%20Molecular%20Hyaluronic%20Acid%20Serum%20%2820ml%29?unique=433b209"
"1784123777-98","https://koreanbeautypoint.com/page/product_brands","https://koreanbeautypoint.com/shop/brands?brand=134","Solid In Ceramide Lip Essence 11ml","Rs 800","https://koreanbeautypoint.com/shop/torriden-ceramide-lip-essence-solid-in-ceramide-lip-essence-11ml-5168","https://koreanbeautypoint.com/web/image/product.product/9135/image_1024/%5Btorriden%20ceramide%20lip%20essence%5D%20Solid%20In%20Ceramide%20Lip%20Essence%2011ml?unique=507b499"
"1784123777-99","https://koreanbeautypoint.com/page/product_brands","https://koreanbeautypoint.com/shop/brands?brand=134","DIVE-IN Low Molecular Hyaluronic Acid Cream Mini 20ml","Rs 700","https://koreanbeautypoint.com/shop/torriden-dive-in-ha-cream-mini-dive-in-low-molecular-hyaluronic-acid-cream-mini-20ml-7687","https://koreanbeautypoint.com/web/image/product.product/11705/image_1024/%5Btorriden%20dive%20in%20ha%20cream%20mini%5D%20DIVE-IN%20Low%20Molecular%20Hyaluronic%20Acid%20Cream%20Mini%2020ml?unique=712c3ae"
"1784123777-100","https://koreanbeautypoint.com/page/product_brands","https://koreanbeautypoint.com/shop/brands?brand=134","DIVE-IN Low Molecular Hyaluronic Acid Multi Pad 80 Sheets 145ml","","https://koreanbeautypoint.com/shop/torriden-dive-in-ha-pad-dive-in-low-molecular-hyaluronic-acid-multi-pad-80-sheets-145ml-5170","https://koreanbeautypoint.com/web/image/product.product/9137/image_1024/%5Btorriden%20dive%20in%20ha%20pad%5D%20DIVE-IN%20Low%20Molecular%20Hyaluronic%20Acid%20Multi%20Pad%2080%20Sheets%20145ml?unique=affe57f"
"1784123777-101","https://koreanbeautypoint.com/page/product_brands","https://koreanbeautypoint.com/shop/brands?brand=134","Balanceful Cica Cream 80ml","Rs 3,000","https://koreanbeautypoint.com/shop/torriden-cica-cream-balanceful-cica-cream-80ml-5169","https://koreanbeautypoint.com/web/image/product.product/9136/image_1024/%5Btorriden%20cica%20cream%5D%20Balanceful%20Cica%20Cream%2080ml?unique=affe57f"
"1784123785-102","https://koreanbeautypoint.com/page/product_brands","https://koreanbeautypoint.com/shop/brands?brand=166","Vita Waterproof Sun Stick 18g","Rs 2,300","https://koreanbeautypoint.com/shop/tocobo-vita-waterproof-sunstick-vita-waterproof-sun-stick-18g-7686","https://koreanbeautypoint.com/web/image/product.product/11704/image_1024/%5Btocobo%20vita%20waterproof%20sunstick%5D%20Vita%20Waterproof%20Sun%20Stick%2018g?unique=1fa3a8f"
"1784123785-103","https://koreanbeautypoint.com/page/product_brands","https://koreanbeautypoint.com/shop/brands?brand=166","Cotton Soft Sun Stick","Rs 2,600","https://koreanbeautypoint.com/shop/tocobo-sun-stick-cotton-soft-sun-stick-8755","https://koreanbeautypoint.com/web/image/product.product/15513/image_1024/%5Btocobo%20sun%20stick%5D%20Cotton%20Soft%20Sun%20Stick?unique=55d672c"
"1784123794-104","https://koreanbeautypoint.com/page/product_brands","https://koreanbeautypoint.com/shop/brands?brand=25","Mask Fit Red Foundation","Rs 3,600","https://koreanbeautypoint.com/shop/mask-fit-red-foundation-4842","https://koreanbeautypoint.com/web/image/product.product/10551/image_1024/%5Btirtir%20red%20foundation%2027N%5D%20Mask%20Fit%20Red%20Foundation%20%28Camel%29?unique=079a445"
"1784123794-105","https://koreanbeautypoint.com/page/product_brands","https://koreanbeautypoint.com/shop/brands?brand=25","Mask Fit Red Cushion Mini","Rs 2,300","https://koreanbeautypoint.com/shop/mask-fit-red-cushion-mini-4841","https://koreanbeautypoint.com/web/image/product.product/8686/image_1024/%5Btirtir%20red%20cushion%20mini%2027N%5D%20Mask%20Fit%20Red%20Cushion%20Mini%20%28Camel%29?unique=affe57f"
"1784123794-106","https://koreanbeautypoint.com/page/product_brands","https://koreanbeautypoint.com/shop/brands?brand=25","Mask Fit Red Cushion","Rs 3,600","https://koreanbeautypoint.com/shop/mask-fit-red-cushion-4840","https://koreanbeautypoint.com/web/image/product.product/8673/image_1024/%5Btirtir%20red%20cushion%2027N%5D%20Mask%20Fit%20Red%20Cushion%20%28Camel%29?unique=affe57f"
"1784123794-107","https://koreanbeautypoint.com/page/product_brands","https://koreanbeautypoint.com/shop/brands?brand=25","Mask Fit Aura Silver Cushion","Rs 3,600","https://koreanbeautypoint.com/shop/mask-fit-aura-silver-cushion-4839","https://koreanbeautypoint.com/web/image/product.product/8668/image_1024/%5Btirtir%20silver%20cushion%2021C%5D%20Mask%20Fit%20Aura%20Silver%20Cushion%20%28Cool%20Ivory%29?unique=479aff2"
"1784123794-108","https://koreanbeautypoint.com/page/product_brands","https://koreanbeautypoint.com/shop/brands?brand=25","Mask Fit All Cover Pink Cushion 3 Colors","Rs 2,300","https://koreanbeautypoint.com/shop/mask-fit-all-cover-pink-cushion-3-colors-4837","https://koreanbeautypoint.com/web/image/product.product/8660/image_1024/%5Btirtir%20pink%20cushion%2021N%5D%20Mask%20Fit%20All%20Cover%20Pink%20Cushion%203%20Colors%20%28Ivory%29?unique=affe57f"
"1784123794-109","https://koreanbeautypoint.com/page/product_brands","https://koreanbeautypoint.com/shop/brands?brand=25","Glide & Hide Blurring Concealer","Rs 2,000","https://koreanbeautypoint.com/shop/glide-hide-blurring-concealer-4657","https://koreanbeautypoint.com/web/image/product.product/8350/image_1024/%5Btirtir%20blurring%20concealer%203.5W%5D%20Glide%20%26%20Hide%20Blurring%20Concealer%20%283.5W%29?unique=c63709a"
"1784123794-110","https://koreanbeautypoint.com/page/product_brands","https://koreanbeautypoint.com/shop/brands?brand=25","Waterism Glow Tint Mini","Rs 1,200","https://koreanbeautypoint.com/shop/waterism-glow-tint-mini-5220","https://koreanbeautypoint.com/web/image/product.product/9198/image_1024/%5Btirtir%20glow%20tint%20no.19%5D%20Waterism%20Glow%20Tint%20Mini%20%28Bad%20Rosy%29?unique=f3bcf0f"
"1784123794-111","https://koreanbeautypoint.com/page/product_brands","https://koreanbeautypoint.com/shop/brands?brand=25","Pure Vitamin C24 Serum 30ml","Rs 3,500","https://koreanbeautypoint.com/shop/tirtir-vita-c24-pure-vitamin-c24-serum-30ml-5166","https://koreanbeautypoint.com/web/image/product.product/9133/image_1024/%5Btirtir%20vita%20C24%5D%20Pure%20Vitamin%20C24%20Serum%2030ml?unique=d8a9f46"
"1784123794-112","https://koreanbeautypoint.com/page/product_brands","https://koreanbeautypoint.com/shop/brands?brand=25","Milk Skin Toner Light 150ml","Rs 4,200","https://koreanbeautypoint.com/shop/tirtir-milk-toner-light-milk-skin-toner-light-150ml-5165","https://koreanbeautypoint.com/web/image/product.product/9132/image_1024/%5Btirtir%20milk%20toner%20light%5D%20Milk%20Skin%20Toner%20Light%20150ml?unique=f5acfed"
"1784123794-113","https://koreanbeautypoint.com/page/product_brands","https://koreanbeautypoint.com/shop/brands?brand=25","Mask Fit Make Up Fixer 80ml","Rs 2,300","https://koreanbeautypoint.com/shop/tirtir-makeup-fixer-mask-fit-make-up-fixer-80ml-5164","https://koreanbeautypoint.com/web/image/product.product/9131/image_1024/%5Btirtir%20makeup%20fixer%5D%20Mask%20Fit%20Make%20Up%20Fixer%2080ml?unique=f3bb48e"
"1784123794-114","https://koreanbeautypoint.com/page/product_brands","https://koreanbeautypoint.com/shop/brands?brand=25","Collagen Core Glow Essence 120ml","Rs 5,800","https://koreanbeautypoint.com/shop/tirtir-collagen-essence-collagen-core-glow-essence-120ml-5163","https://koreanbeautypoint.com/web/image/product.product/9130/image_1024/%5Btirtir%20collagen%20essence%5D%20Collagen%20Core%20Glow%20Essence%20120ml?unique=affe57f"
"1784123794-115","https://koreanbeautypoint.com/page/product_brands","https://koreanbeautypoint.com/shop/brands?brand=25","Ceramic Cream 100ml","Rs 5,000","https://koreanbeautypoint.com/shop/tirtir-ceramic-cream-ceramic-cream-100ml-5162","https://koreanbeautypoint.com/web/image/product.product/9129/image_1024/%5Btirtir%20ceramic%20cream%5D%20Ceramic%20Cream%20100ml?unique=6c714ba"
"1784123794-116","https://koreanbeautypoint.com/page/product_brands","https://koreanbeautypoint.com/shop/brands?brand=25","Ceramic Milk Ampoule 40ml","Rs 4,800","https://koreanbeautypoint.com/shop/tiritr-ceramic-milk-amp-ceramic-milk-ampoule-40ml-5159","https://koreanbeautypoint.com/web/image/product.product/9126/image_1024/%5Btiritr%20ceramic%20milk%20amp%5D%20Ceramic%20Milk%20Ampoule%2040ml?unique=339e199"
"1784123794-117","https://koreanbeautypoint.com/page/product_brands","https://koreanbeautypoint.com/shop/brands?brand=25","Mask Fit Aura Silver Cushion Mini","Rs 2,500","https://koreanbeautypoint.com/shop/tirtir-silver-cushion-mini-24n-mask-fit-aura-silver-cushion-mini-7685","https://koreanbeautypoint.com/web/image/product.product/11703/image_1024/%5Btirtir%20silver%20cushion%20mini%2024N%5D%20Mask%20Fit%20Aura%20Silver%20Cushion%20Mini?unique=60d38a7"
"1784123794-118","https://koreanbeautypoint.com/page/product_brands","https://koreanbeautypoint.com/shop/brands?brand=25","Azelaic Acid 12% Serum 30ml","Rs 3,300","https://koreanbeautypoint.com/shop/tirtir-azelaic-serum-azelaic-acid-12-serum-30ml-7626","https://koreanbeautypoint.com/web/image/product.product/11644/image_1024/%5Btirtir%20azelaic%20serum%5D%20Azelaic%20Acid%2012%25%20Serum%2030ml?unique=339e199"
"1784123794-119","https://koreanbeautypoint.com/page/product_brands","https://koreanbeautypoint.com/shop/brands?brand=25","Mask Fit All Cover Pink Cushion Mini","Rs 2,300","https://koreanbeautypoint.com/shop/mask-fit-all-cover-pink-cushion-mini-4838","https://koreanbeautypoint.com/web/image/product.product/8664/image_1024/%5Btirtir%20pink%20cushion%20mini%2027N%5D%20Mask%20Fit%20All%20Cover%20Pink%20Cushion%20Mini%20%28Camel%29?unique=5d18f33"
"1784123794-120","https://koreanbeautypoint.com/page/product_brands","https://koreanbeautypoint.com/shop/brands?brand=25","Mask Fit Waterproof Setting Spray 80ml","Rs 1,800","https://koreanbeautypoint.com/shop/tirtir-waterproof-spray-mask-fit-waterproof-setting-spray-80ml-5167","https://koreanbeautypoint.com/web/image/product.product/9134/image_1024/%5Btirtir%20waterproof%20spray%5D%20Mask%20Fit%20Waterproof%20Setting%20Spray%2080ml?unique=f3b8e5e"
"1784123794-121","https://koreanbeautypoint.com/page/product_brands","https://koreanbeautypoint.com/shop/brands?brand=25","Centella Foam Cleansing","Rs 2,000","https://koreanbeautypoint.com/shop/tirtir-centella-foam-centella-foam-cleansing-5161","https://koreanbeautypoint.com/web/image/product.product/9128/image_1024/%5Btirtir%20centella%20foam%5D%20Centella%20Foam%20Cleansing?unique=affe57f"
"1784123794-122","https://koreanbeautypoint.com/page/product_brands","https://koreanbeautypoint.com/shop/brands?brand=25","Milk Skin Rice Toner 150ml","Rs 3,600","https://koreanbeautypoint.com/shop/tiritr-milk-rice-toner-milk-skin-rice-toner-150ml-5160","https://koreanbeautypoint.com/web/image/product.product/9127/image_1024/%5Btiritr%20milk%20rice%20toner%5D%20Milk%20Skin%20Rice%20Toner%20150ml?unique=affe57f"
"1784123794-123","https://koreanbeautypoint.com/page/product_brands","https://koreanbeautypoint.com/shop/brands?brand=25","Mask Fit Waterproof Setting Spray 80ml","Rs 1,800","https://koreanbeautypoint.com/shop/tirtir-waterproof-spray-mask-fit-waterproof-setting-spray-80ml-5167","https://koreanbeautypoint.com/web/image/product.product/9134/image_1024/%5Btirtir%20waterproof%20spray%5D%20Mask%20Fit%20Waterproof%20Setting%20Spray%2080ml?unique=f3b8e5e"
"1784123794-124","https://koreanbeautypoint.com/page/product_brands","https://koreanbeautypoint.com/shop/brands?brand=25","Centella Foam Cleansing","Rs 2,000","https://koreanbeautypoint.com/shop/tirtir-centella-foam-centella-foam-cleansing-5161","https://koreanbeautypoint.com/web/image/product.product/9128/image_1024/%5Btirtir%20centella%20foam%5D%20Centella%20Foam%20Cleansing?unique=affe57f"
"1784123794-125","https://koreanbeautypoint.com/page/product_brands","https://koreanbeautypoint.com/shop/brands?brand=25","Milk Skin Rice Toner 150ml","Rs 3,600","https://koreanbeautypoint.com/shop/tiritr-milk-rice-toner-milk-skin-rice-toner-150ml-5160","https://koreanbeautypoint.com/web/image/product.product/9127/image_1024/%5Btiritr%20milk%20rice%20toner%5D%20Milk%20Skin%20Rice%20Toner%20150ml?unique=affe57f"
"1784123803-126","https://koreanbeautypoint.com/page/product_brands","https://koreanbeautypoint.com/shop/brands?brand=133","Anti Blemish Body Lotion Back & Chest 200ml","Rs 3,000","https://koreanbeautypoint.com/shop/tiam-anti-blemish-body-lotion-anti-blemish-body-lotion-back-chest-200ml-5157","https://koreanbeautypoint.com/web/image/product.product/9123/image_1024/%5Btiam%20anti%20blemish%20body%20lotion%5D%20Anti%20Blemish%20Body%20Lotion%20Back%20%26%20Chest%20200ml?unique=affe57f"
"1784123813-127","https://koreanbeautypoint.com/page/product_brands","https://koreanbeautypoint.com/shop/brands?brand=125","Eco Soul Eyebrow Kit-2 Types -02 Gray Brown","Rs 1,200","https://koreanbeautypoint.com/shop/saem-eyebrow-kit-02-eco-soul-eyebrow-kit-2-types-02-gray-brown-5048","https://koreanbeautypoint.com/web/image/product.product/8974/image_1024/%5Bsaem%20eyebrow%20kit%2002%5D%20Eco%20Soul%20Eyebrow%20Kit-2%20Types%20-02%20Gray%20Brown?unique=affe57f"
"1784123822-128","https://koreanbeautypoint.com/page/product_brands","https://koreanbeautypoint.com/shop/brands?brand=97","Rose Quartz Gua Sha","Rs 3,200","https://koreanbeautypoint.com/shop/lotus-gua-sha-rose-quartz-gua-sha-4805","https://koreanbeautypoint.com/web/image/product.product/8601/image_1024/%5Blotus%20gua%20sha%5D%20Rose%20Quartz%20Gua%20Sha?unique=affe57f"
"1784123831-129","https://koreanbeautypoint.com/page/product_brands","https://koreanbeautypoint.com/shop/brands?brand=112","Glycolic Acid 7% Exfoliating Toner 100ml","Rs 2,700","https://koreanbeautypoint.com/shop/ordinary-glycolic-toner-100ml-glycolic-acid-7-exfoliating-toner-100ml-4971","https://koreanbeautypoint.com/web/image/product.product/8870/image_1024/%5Bordinary%20glycolic%20toner%20100ml%5D%20Glycolic%20Acid%207%25%20Exfoliating%20Toner%20100ml?unique=3dec229"
"1784123831-130","https://koreanbeautypoint.com/page/product_brands","https://koreanbeautypoint.com/shop/brands?brand=112","Caffeine Solution 5% + EGCG Eye Serum 30ml","Rs 2,400","https://koreanbeautypoint.com/shop/ordinary-caffeine-solution-caffeine-solution-5-egcg-eye-serum-30ml-4970","https://koreanbeautypoint.com/web/image/product.product/8869/image_1024/%5Bordinary%20caffeine%20solution%5D%20Caffeine%20Solution%205%25%20%2B%20EGCG%20Eye%20Serum%2030ml?unique=affe57f"
"1784123840-131","https://koreanbeautypoint.com/page/product_brands","https://koreanbeautypoint.com/shop/brands?brand=36","Rice Water Bright Light Cleansing Oil 150ml","Rs 1,700","https://koreanbeautypoint.com/shop/tfs-rice-cleansing-oil-rice-water-bright-light-cleansing-oil-150ml-5156","https://koreanbeautypoint.com/web/image/product.product/9122/image_1024/%5Btfs%20rice%20cleansing%20oil%5D%20Rice%20Water%20Bright%20Light%20Cleansing%20Oil%20150ml?unique=c197189"
"1784123840-132","https://koreanbeautypoint.com/page/product_brands","https://koreanbeautypoint.com/shop/brands?brand=36","Rice Water Bright Cleansing Foam","Rs 1,800","https://koreanbeautypoint.com/shop/rice-water-bright-cleansing-foam-5027","https://koreanbeautypoint.com/web/image/product.product/8947/image_1024/%5Btfs%20rice%20cleanser%5D%20Rice%20Water%20Bright%20Cleansing%20Foam%20%28150ml%29?unique=195a5a7"
"1784123840-133","https://koreanbeautypoint.com/page/product_brands","https://koreanbeautypoint.com/shop/brands?brand=36","Power Long-Lasting Sun Patch","Rs 600","https://koreanbeautypoint.com/shop/power-long-lasting-sun-patch-8731","https://koreanbeautypoint.com/web/image/product.product/15527/image_1024/%5Btfs%20natural%20beige%20sun%20patch%5D%20Power%20Long-Lasting%20Sun%20Patch%20%28Natural%20Beige%29?unique=52f75a0"
"1784123849-134","https://koreanbeautypoint.com/page/product_brands","https://koreanbeautypoint.com/shop/brands?brand=17","Cover Up Pro Concealer","Rs 2,000","https://koreanbeautypoint.com/shop/cover-up-pro-concealer-4555","https://koreanbeautypoint.com/web/image/product.product/8189/image_1024/%5Btfit%20concealer%2003%20cool%5D%20Cover%20Up%20Pro%20Concealer%20%28Cool%29?unique=320408b"
"1784123849-135","https://koreanbeautypoint.com/page/product_brands","https://koreanbeautypoint.com/shop/brands?brand=17","Delicate Silk Veil Art Primer 30ml","Rs 2,300","https://koreanbeautypoint.com/shop/tfit-silk-veil-primer-delicate-silk-veil-art-primer-30ml-7684","https://koreanbeautypoint.com/web/image/product.product/11702/image_1024/%5Btfit%20silk%20veil%20primer%5D%20Delicate%20Silk%20Veil%20Art%20Primer%2030ml?unique=6258285"
"1784123857-136","https://koreanbeautypoint.com/page/product_brands","https://koreanbeautypoint.com/shop/brands?brand=165","Cica-Tree Shaking Glow Sun Fixer 50ml","Rs 2,600","https://koreanbeautypoint.com/shop/tage-cica-tree-sun-fixer-cica-tree-shaking-glow-sun-fixer-50ml-7683","https://koreanbeautypoint.com/web/image/product.product/11701/image_1024/%5Btage%20cica%20tree%20sun%20fixer%5D%20Cica-Tree%20Shaking%20Glow%20Sun%20Fixer%2050ml?unique=339e199"
"1784123866-137","https://koreanbeautypoint.com/page/product_brands","https://koreanbeautypoint.com/shop/brands?brand=132","Shea Butter Baby Foot Stick 20g","Rs 1,500","https://koreanbeautypoint.com/shop/sungboon-shea-foot-stick-shea-butter-baby-foot-stick-20g-5151","https://koreanbeautypoint.com/web/image/product.product/9109/image_1024/%5Bsungboon%20shea%20foot%20stick%5D%20Shea%20Butter%20Baby%20Foot%20Stick%2020g?unique=d183d50"
"1784123875-138","https://koreanbeautypoint.com/page/product_brands","https://koreanbeautypoint.com/shop/brands?brand=131","Concentrated Ginseng Rejuvenating Serum Mini 8ml","Rs 2,000","https://koreanbeautypoint.com/shop/sul-rejuvinating-serum-mini-concentrated-ginseng-rejuvenating-serum-mini-8ml-5150","https://koreanbeautypoint.com/web/image/product.product/9108/image_1024/%5Bsul%20rejuvinating%20serum%20mini%5D%20Concentrated%20Ginseng%20Rejuvenating%20Serum%20Mini%208ml?unique=5d44b8a"
"1784123875-139","https://koreanbeautypoint.com/page/product_brands","https://koreanbeautypoint.com/shop/brands?brand=131","Essential Firming Cream Ex Mini15ml","Rs 2,300","https://koreanbeautypoint.com/shop/sul-firming-cream-mini-essential-firming-cream-ex-mini15ml-5147","https://koreanbeautypoint.com/web/image/product.product/9105/image_1024/%5Bsul%20firming%20cream%20mini%5D%20Essential%20Firming%20Cream%20Ex%20Mini15ml?unique=aeb890f"
"1784123875-140","https://koreanbeautypoint.com/page/product_brands","https://koreanbeautypoint.com/shop/brands?brand=131","Concentrated Ginseng Brightening Serum Mini 8ml","Rs 2,000","https://koreanbeautypoint.com/shop/sul-brightening-serum-mini-concentrated-ginseng-brightening-serum-mini-8ml-5146","https://koreanbeautypoint.com/web/image/product.product/9104/image_1024/%5Bsul%20brightening%20serum%20mini%5D%20Concentrated%20Ginseng%20Brightening%20Serum%20Mini%208ml?unique=affe57f"
"1784123875-141","https://koreanbeautypoint.com/page/product_brands","https://koreanbeautypoint.com/shop/brands?brand=131","Concentrated Ginseng Rejuvenating Eye Cream Jar Type Mini 4ml","Rs 1,500","https://koreanbeautypoint.com/shop/sul-rejuvinating-eye-cream-mini-concentrated-ginseng-rejuvenating-eye-cream-jar-type-mini-4ml-5149","https://koreanbeautypoint.com/web/image/product.product/9107/image_1024/%5Bsul%20rejuvinating%20eye%20cream%20mini%5D%20Concentrated%20Ginseng%20Rejuvenating%20Eye%20Cream%20Jar%20Type%20Mini%204ml?unique=e546a8e"
"1784123875-142","https://koreanbeautypoint.com/page/product_brands","https://koreanbeautypoint.com/shop/brands?brand=131","First Care Activating Serum Mini 15ml","Rs 3,000","https://koreanbeautypoint.com/shop/sul-first-care-serum-mini-first-care-activating-serum-mini-15ml-5148","https://koreanbeautypoint.com/web/image/product.product/9106/image_1024/%5Bsul%20first%20care%20serum%20mini%5D%20First%20Care%20Activating%20Serum%20Mini%2015ml?unique=affe57f"
"1784123886-143","https://koreanbeautypoint.com/page/product_brands","https://koreanbeautypoint.com/shop/brands?brand=38","Retinol Intense Reactivating Sheet Mask 1 X 22g","Rs 320","https://koreanbeautypoint.com/shop/sbm-retinol-sheetmask-retinol-intense-reactivating-sheet-mask-1-x-22g-5067","https://koreanbeautypoint.com/web/image/product.product/9008/image_1024/%5Bsbm%20retinol%20sheetmask%5D%20Retinol%20Intense%20Reactivating%20Sheet%20Mask%201%20X%2022g?unique=f5acfed"
"1784123886-144","https://koreanbeautypoint.com/page/product_brands","https://koreanbeautypoint.com/shop/brands?brand=38","Retinol Intense Reactivating Serum 30ml","Rs 3,300","https://koreanbeautypoint.com/shop/sbm-retinol-intense-serum-retinol-intense-reactivating-serum-30ml-5066","https://koreanbeautypoint.com/web/image/product.product/9007/image_1024/%5Bsbm%20retinol%20intense%20serum%5D%20Retinol%20Intense%20Reactivating%20Serum%2030ml?unique=002d505"
"1784123886-145","https://koreanbeautypoint.com/page/product_brands","https://koreanbeautypoint.com/shop/brands?brand=38","Retinol Intense Trial Kit 10ml X 2pcs","Rs 2,500","https://koreanbeautypoint.com/shop/sbm-retinol-intense-kit-retinol-intense-trial-kit-10ml-x-2pcs-5065","https://koreanbeautypoint.com/web/image/product.product/9006/image_1024/%5Bsbm%20retinol%20intense%20kit%5D%20Retinol%20Intense%20Trial%20Kit%2010ml%20X%202pcs?unique=affe57f"
"1784123886-146","https://koreanbeautypoint.com/page/product_brands","https://koreanbeautypoint.com/shop/brands?brand=38","Retinol Intense Advanced Triple Action Eye Cream 30ml","Rs 2,600","https://koreanbeautypoint.com/shop/sbm-retinol-intense-eye-cream-retinol-intense-advanced-triple-action-eye-cream-30ml-5064","https://koreanbeautypoint.com/web/image/product.product/9005/image_1024/%5Bsbm%20retinol%20intense%20eye%20cream%5D%20Retinol%20Intense%20Advanced%20Triple%20Action%20Eye%20Cream%2030ml?unique=1d5cdc2"
"1784123886-147","https://koreanbeautypoint.com/page/product_brands","https://koreanbeautypoint.com/shop/brands?brand=38","AHA, BHA, PHA 30 Days Miracle Toner 150ml","Rs 2,800","https://koreanbeautypoint.com/shop/sbm-miracle-toner-aha-bha-pha-30-days-miracle-toner-150ml-5063","https://koreanbeautypoint.com/web/image/product.product/9004/image_1024/%5Bsbm%20miracle%20toner%5D%20AHA%2C%20BHA%2C%20PHA%2030%20Days%20Miracle%20Toner%20150ml?unique=433b209"
"1784123886-148","https://koreanbeautypoint.com/page/product_brands","https://koreanbeautypoint.com/shop/brands?brand=38","AHA, BHA, PHA 30 Days Miracle Serum 50ml","Rs 3,200","https://koreanbeautypoint.com/shop/sbm-miracle-serum-aha-bha-pha-30-days-miracle-serum-50ml-5061","https://koreanbeautypoint.com/web/image/product.product/9002/image_1024/%5Bsbm%20miracle%20serum%5D%20AHA%2C%20BHA%2C%20PHA%2030%20Days%20Miracle%20Serum%2050ml?unique=433b209"
"1784123886-149","https://koreanbeautypoint.com/page/product_brands","https://koreanbeautypoint.com/shop/brands?brand=38","AHA, BHA, PHA 30 Days Miracle Acne Clear Foam 100ml","Rs 2,200","https://koreanbeautypoint.com/shop/sbm-miracle-foam-aha-bha-pha-30-days-miracle-acne-clear-foam-100ml-5059","https://koreanbeautypoint.com/web/image/product.product/9000/image_1024/%5Bsbm%20miracle%20foam%5D%20AHA%2C%20BHA%2C%20PHA%2030%20Days%20Miracle%20Acne%20Clear%20Foam%20100ml?unique=d1f3600"
"1784123886-150","https://koreanbeautypoint.com/page/product_brands","https://koreanbeautypoint.com/shop/brands?brand=38","AHA, BHA, PHA 30 Days Miracle Cream 50ml","Rs 3,100","https://koreanbeautypoint.com/shop/sbm-miracle-cream-aha-bha-pha-30-days-miracle-cream-50ml-5058","https://koreanbeautypoint.com/web/image/product.product/8999/image_1024/%5Bsbm%20miracle%20cream%5D%20AHA%2C%20BHA%2C%20PHA%2030%20Days%20Miracle%20Cream%2050ml?unique=affe57f"
"1784123886-151","https://koreanbeautypoint.com/page/product_brands","https://koreanbeautypoint.com/shop/brands?brand=38","Sbm Lip Protector","Rs 800","https://koreanbeautypoint.com/shop/sbm-lip-protector-5055","https://koreanbeautypoint.com/web/image/product.product/8994/image_1024/%5Bsbm%20lip%20protector%20berry%5D%20Sbm%20Lip%20Protector%20%28Berry%29?unique=4574fcc"
"1784123886-152","https://koreanbeautypoint.com/page/product_brands","https://koreanbeautypoint.com/shop/brands?brand=38","Galactomyces Pure Vitamin C Glow Serum – 30ml","Rs 3,200","https://koreanbeautypoint.com/shop/sbm-galacto-vita-c-serum-galactomyces-pure-vitamin-c-glow-serum-30ml-5054","https://koreanbeautypoint.com/web/image/product.product/8993/image_1024/%5Bsbm%20galacto%20vita%20c%20serum%5D%20Galactomyces%20Pure%20Vitamin%20C%20Glow%20Serum%20%E2%80%93%2030ml?unique=affe57f"
"1784123886-153","https://koreanbeautypoint.com/page/product_brands","https://koreanbeautypoint.com/shop/brands?brand=38","V10 Hyal Antioxidant Sunscreen SPF 50+ PA++++ 50ml","Rs 2,300","https://koreanbeautypoint.com/shop/sbm-v10-spf-v10-hyal-antioxidant-sunscreen-spf-50-pa-50ml-5072","https://koreanbeautypoint.com/web/image/product.product/9013/image_1024/%5Bsbm%20v10%20spf%5D%20V10%20Hyal%20Antioxidant%20Sunscreen%20SPF%2050%2B%20PA%2B%2B%2B%2B%2050ml?unique=a34a69e"
"1784123886-154","https://koreanbeautypoint.com/page/product_brands","https://koreanbeautypoint.com/shop/brands?brand=38","Snail Truecica Miracle Repair Toner 135ml","Rs 2,800","https://koreanbeautypoint.com/shop/sbm-snail-truecica-toner-snail-truecica-miracle-repair-toner-135ml-5071","https://koreanbeautypoint.com/web/image/product.product/9012/image_1024/%5Bsbm%20snail%20truecica%20toner%5D%20Snail%20Truecica%20Miracle%20Repair%20Toner%20135ml?unique=affe57f"
"1784123886-155","https://koreanbeautypoint.com/page/product_brands","https://koreanbeautypoint.com/shop/brands?brand=38","Snail Truecica Miracle Repair Serum 50ml","Rs 3,800","https://koreanbeautypoint.com/shop/sbm-snail-truecica-serum-snail-truecica-miracle-repair-serum-50ml-5070","https://koreanbeautypoint.com/web/image/product.product/9011/image_1024/%5Bsbm%20snail%20truecica%20serum%5D%20Snail%20Truecica%20Miracle%20Repair%20Serum%2050ml?unique=affe57f"
"1784123886-156","https://koreanbeautypoint.com/page/product_brands","https://koreanbeautypoint.com/shop/brands?brand=38","Snail Truecica Miracle Repair Starter Kit 4 Pcs","Rs 3,100","https://koreanbeautypoint.com/shop/sbm-snail-truecica-kit-snail-truecica-miracle-repair-starter-kit-4-pcs-5069","https://koreanbeautypoint.com/web/image/product.product/9010/image_1024/%5Bsbm%20snail%20truecica%20kit%5D%20Snail%20Truecica%20Miracle%20Repair%20Starter%20Kit%204%20Pcs?unique=affe57f"
"1784123886-157","https://koreanbeautypoint.com/page/product_brands","https://koreanbeautypoint.com/shop/brands?brand=38","Snail Truecica Miracle Repair Cream 60g","Rs 3,200","https://koreanbeautypoint.com/shop/sbm-snail-truecica-cream-snail-truecica-miracle-repair-cream-60g-5068","https://koreanbeautypoint.com/web/image/product.product/9009/image_1024/%5Bsbm%20snail%20truecica%20cream%5D%20Snail%20Truecica%20Miracle%20Repair%20Cream%2060g?unique=affe57f"
"1784123886-158","https://koreanbeautypoint.com/page/product_brands","https://koreanbeautypoint.com/shop/brands?brand=38","AHA, BHA, PHA 30 Days Miracle Serum Light 50ml","Rs 3,000","https://koreanbeautypoint.com/shop/sbm-miracle-serum-light-aha-bha-pha-30-days-miracle-serum-light-50ml-5062","https://koreanbeautypoint.com/web/image/product.product/9003/image_1024/%5Bsbm%20miracle%20serum%20light%5D%20AHA%2C%20BHA%2C%20PHA%2030%20Days%20Miracle%20Serum%20Light%2050ml?unique=affe57f"
"1784123886-159","https://koreanbeautypoint.com/page/product_brands","https://koreanbeautypoint.com/shop/brands?brand=38","AHA-BHA-PHA 30 Days Miracle Ac SOS Kit 4pcs","Rs 3,200","https://koreanbeautypoint.com/shop/sbm-miracle-kit-aha-bha-pha-30-days-miracle-ac-sos-kit-4pcs-5060","https://koreanbeautypoint.com/web/image/product.product/9001/image_1024/%5Bsbm%20miracle%20kit%5D%20AHA-BHA-PHA%2030%20Days%20Miracle%20Ac%20SOS%20Kit%204pcs?unique=00dd2c5"
"1784123886-160","https://koreanbeautypoint.com/page/product_brands","https://koreanbeautypoint.com/shop/brands?brand=38","AHA, BHA, PHA 30 Days Miracle Acne Clear Body Cleanser 400ml","Rs 3,600","https://koreanbeautypoint.com/shop/sbm-miracle-body-cleanser-aha-bha-pha-30-days-miracle-acne-clear-body-cleanser-400ml-5057","https://koreanbeautypoint.com/web/image/product.product/8998/image_1024/%5Bsbm%20miracle%20body%20cleanser%5D%20AHA%2C%20BHA%2C%20PHA%2030%20Days%20Miracle%20Acne%20Clear%20Body%20Cleanser%20400ml?unique=affe57f"
"1784123886-161","https://koreanbeautypoint.com/page/product_brands","https://koreanbeautypoint.com/shop/brands?brand=38","Micro Pin Spot Patch 9pcs","Rs 550","https://koreanbeautypoint.com/shop/sbm-micro-pin-spot-patch-micro-pin-spot-patch-9pcs-5056","https://koreanbeautypoint.com/web/image/product.product/8997/image_1024/%5Bsbm%20micro%20pin%20spot%20patch%5D%20Micro%20Pin%20Spot%20Patch%209pcs?unique=affe57f"
"1784123886-162","https://koreanbeautypoint.com/page/product_brands","https://koreanbeautypoint.com/shop/brands?brand=38","Galactomyces Glutathione Glow Milky Toner 200ml","Rs 3,300","https://koreanbeautypoint.com/shop/sbm-galacto-milky-toner-galactomyces-glutathione-glow-milky-toner-200ml-5053","https://koreanbeautypoint.com/web/image/product.product/8992/image_1024/%5Bsbm%20galacto%20milky%20toner%5D%20Galactomyces%20Glutathione%20Glow%20Milky%20Toner%20200ml?unique=affe57f"
"1784123886-163","https://koreanbeautypoint.com/page/product_brands","https://koreanbeautypoint.com/shop/brands?brand=38","AHA-BHA-PHA 30 Days Miracle Ac SOS Kit 4pcs","Rs 3,200","https://koreanbeautypoint.com/shop/sbm-miracle-kit-aha-bha-pha-30-days-miracle-ac-sos-kit-4pcs-5060","https://koreanbeautypoint.com/web/image/product.product/9001/image_1024/%5Bsbm%20miracle%20kit%5D%20AHA-BHA-PHA%2030%20Days%20Miracle%20Ac%20SOS%20Kit%204pcs?unique=00dd2c5"
"1784123886-164","https://koreanbeautypoint.com/page/product_brands","https://koreanbeautypoint.com/shop/brands?brand=38","AHA, BHA, PHA 30 Days Miracle Acne Clear Body Cleanser 400ml","Rs 3,600","https://koreanbeautypoint.com/shop/sbm-miracle-body-cleanser-aha-bha-pha-30-days-miracle-acne-clear-body-cleanser-400ml-5057","https://koreanbeautypoint.com/web/image/product.product/8998/image_1024/%5Bsbm%20miracle%20body%20cleanser%5D%20AHA%2C%20BHA%2C%20PHA%2030%20Days%20Miracle%20Acne%20Clear%20Body%20Cleanser%20400ml?unique=affe57f"
"1784123886-165","https://koreanbeautypoint.com/page/product_brands","https://koreanbeautypoint.com/shop/brands?brand=38","Micro Pin Spot Patch 9pcs","Rs 550","https://koreanbeautypoint.com/shop/sbm-micro-pin-spot-patch-micro-pin-spot-patch-9pcs-5056","https://koreanbeautypoint.com/web/image/product.product/8997/image_1024/%5Bsbm%20micro%20pin%20spot%20patch%5D%20Micro%20Pin%20Spot%20Patch%209pcs?unique=affe57f"
"1784123886-166","https://koreanbeautypoint.com/page/product_brands","https://koreanbeautypoint.com/shop/brands?brand=38","Galactomyces Glutathione Glow Milky Toner 200ml","Rs 3,300","https://koreanbeautypoint.com/shop/sbm-galacto-milky-toner-galactomyces-glutathione-glow-milky-toner-200ml-5053","https://koreanbeautypoint.com/web/image/product.product/8992/image_1024/%5Bsbm%20galacto%20milky%20toner%5D%20Galactomyces%20Glutathione%20Glow%20Milky%20Toner%20200ml?unique=affe57f"
"1784123895-167","https://koreanbeautypoint.com/page/product_brands","https://koreanbeautypoint.com/shop/brands?brand=7","All Day Tight Make Up Setting Fixer General Mist","Rs 1,600","https://koreanbeautypoint.com/shop/all-day-tight-make-up-setting-fixer-general-mist-4360","https://koreanbeautypoint.com/web/image/product.product/7961/image_1024/%5Bso%20natural%20spray%20mini%5D%20All%20Day%20Tight%20Make%20Up%20Setting%20Fixer%20General%20Mist%20%2835ml%29?unique=8188fb8"
"1784123904-168","https://koreanbeautypoint.com/page/product_brands","https://koreanbeautypoint.com/shop/brands?brand=130","Rice Mask Wash Off 100g","Rs 2,000","https://koreanbeautypoint.com/shop/skinfood-rice-wash-off-rice-mask-wash-off-100g-5138","https://koreanbeautypoint.com/web/image/product.product/9089/image_1024/%5Bskinfood%20rice%20wash%20off%5D%20Rice%20Mask%20Wash%20Off%20100g?unique=affe57f"
"1784123904-169","https://koreanbeautypoint.com/page/product_brands","https://koreanbeautypoint.com/shop/brands?brand=130","Egg White Pore Mask 120g","Rs 2,000","https://koreanbeautypoint.com/shop/skinfood-egg-wash-off-egg-white-pore-mask-120g-5137","https://koreanbeautypoint.com/web/image/product.product/9088/image_1024/%5Bskinfood%20egg%20wash%20off%5D%20Egg%20White%20Pore%20Mask%20120g?unique=affe57f"
"1784123904-170","https://koreanbeautypoint.com/page/product_brands","https://koreanbeautypoint.com/shop/brands?brand=130","Carrot Carotene Calming Water Pad 60 Sheets","Rs 3,800","https://koreanbeautypoint.com/shop/skinfood-carrot-carotene-pad-carrot-carotene-calming-water-pad-60-sheets-5136","https://koreanbeautypoint.com/web/image/product.product/9087/image_1024/%5Bskinfood%20carrot%20carotene%20pad%5D%20Carrot%20Carotene%20Calming%20Water%20Pad%2060%20Sheets?unique=affe57f"
"1784123904-171","https://koreanbeautypoint.com/page/product_brands","https://koreanbeautypoint.com/shop/brands?brand=130","Black Sugar Mask Wash Off 120g","Rs 1,800","https://koreanbeautypoint.com/shop/skinfood-blacksugar-wash-off-120g-black-sugar-mask-wash-off-120g-5135","https://koreanbeautypoint.com/web/image/product.product/9086/image_1024/%5Bskinfood%20blacksugar%20wash%20off%20120g%5D%20Black%20Sugar%20Mask%20Wash%20Off%20120g?unique=4149049"
"1784123904-172","https://koreanbeautypoint.com/page/product_brands","https://koreanbeautypoint.com/shop/brands?brand=130","Black Sugar Perfect Essential Scrub 2X 210g","Rs 2,000","https://koreanbeautypoint.com/shop/skinfood-black-sugar-scrub-black-sugar-perfect-essential-scrub-2x-210g-5134","https://koreanbeautypoint.com/web/image/product.product/9085/image_1024/%5Bskinfood%20black%20sugar%20scrub%5D%20Black%20Sugar%20Perfect%20Essential%20Scrub%202X%20210g?unique=affe57f"
"1784123904-173","https://koreanbeautypoint.com/page/product_brands","https://koreanbeautypoint.com/shop/brands?brand=130","Acorn Pore Peptide Daily Mask 30sheets","Rs 4,000","https://koreanbeautypoint.com/shop/skinfood-acorn-mask-box-acorn-pore-peptide-daily-mask-30sheets-5133","https://koreanbeautypoint.com/web/image/product.product/9084/image_1024/%5Bskinfood%20acorn%20mask%20box%5D%20Acorn%20Pore%20Peptide%20Daily%20Mask%2030sheets?unique=affe57f"
"1784123918-174","https://koreanbeautypoint.com/page/product_brands","https://koreanbeautypoint.com/shop/brands?brand=32","Madagascar Centella Hyalu-Cica Water-Fit Sun Serum","Rs 1,000","https://koreanbeautypoint.com/shop/madagascar-centella-hyalu-cica-water-fit-sun-serum-4827","https://koreanbeautypoint.com/web/image/product.product/8639/image_1024/%5Bskin1004%20hyalu%20cica%20spf%20jumbo%5D%20Madagascar%20Centella%20Hyalu-Cica%20Water-Fit%20Sun%20Serum%20%28100ml%29?unique=9349abc"
"1784123918-175","https://koreanbeautypoint.com/page/product_brands","https://koreanbeautypoint.com/shop/brands?brand=32","Madagascar Centella Toning Toner","Rs 1,000","https://koreanbeautypoint.com/shop/madagascar-centella-toning-toner-4832","https://koreanbeautypoint.com/web/image/product.product/10592/image_1024/%5Bskin1004%20centella%20toning%20toner%5D%20Madagascar%20Centella%20Toning%20Toner%20%28210ml%29?unique=8d5ce51"
"1784123918-176","https://koreanbeautypoint.com/page/product_brands","https://koreanbeautypoint.com/shop/brands?brand=32","Madagascar Centella Tone Brightening Capsule Ampoule","Rs 1,300","https://koreanbeautypoint.com/shop/madagascar-centella-tone-brightening-capsule-ampoule-4831","https://koreanbeautypoint.com/web/image/product.product/8650/image_1024/%5Bskin1004%20brightening%20amp%20100ml%5D%20Madagascar%20Centella%20Tone%20Brightening%20Capsule%20Ampoule%20%28100ml%29?unique=affe57f"
"1784123918-177","https://koreanbeautypoint.com/page/product_brands","https://koreanbeautypoint.com/shop/brands?brand=32","Madagascar Centella Tea-Trica Relief Ampoule","Rs 1,300","https://koreanbeautypoint.com/shop/madagascar-centella-tea-trica-relief-ampoule-4830","https://koreanbeautypoint.com/web/image/product.product/8648/image_1024/%5Bskin1004%20tea%20trica%20amp%20100ml%5D%20Madagascar%20Centella%20Tea-Trica%20Relief%20Ampoule%20%28100ml%29?unique=339e199"
"1784123918-178","https://koreanbeautypoint.com/page/product_brands","https://koreanbeautypoint.com/shop/brands?brand=32","Madagascar Centella Poremizing Fresh Ampoule","Rs 1,200","https://koreanbeautypoint.com/shop/madagascar-centella-poremizing-fresh-ampoule-4829","https://koreanbeautypoint.com/web/image/product.product/8645/image_1024/%5Bskin1004%20poremizing%20amp%20100ml%5D%20Madagascar%20Centella%20Poremizing%20Fresh%20Ampoule%20%28100ml%29?unique=ba82664"
"1784123918-179","https://koreanbeautypoint.com/page/product_brands","https://koreanbeautypoint.com/shop/brands?brand=32","Madagascar Centella Light Cleansing Oil","Rs 1,300","https://koreanbeautypoint.com/shop/madagascar-centella-light-cleansing-oil-4828","https://koreanbeautypoint.com/web/image/product.product/8643/image_1024/%5Bskin1004%20centella%20co%5D%20Madagascar%20Centella%20Light%20Cleansing%20Oil%20%28200ml%29?unique=affe57f"
"1784123918-180","https://koreanbeautypoint.com/page/product_brands","https://koreanbeautypoint.com/shop/brands?brand=32","Madagascar Centella Hyalu-Cica Silky-Fit Sun Stick","Rs 1,200","https://koreanbeautypoint.com/shop/madagascar-centella-hyalu-cica-silky-fit-sun-stick-4826","https://koreanbeautypoint.com/web/image/product.product/10591/image_1024/%5Bskin1004%20hyalu%20cica%20sunstick%207g%5D%20Madagascar%20Centella%20Hyalu-Cica%20Silky-Fit%20Sun%20Stick%20%287g%29?unique=433b209"
"1784123918-181","https://koreanbeautypoint.com/page/product_brands","https://koreanbeautypoint.com/shop/brands?brand=32","Madagascar Centella Hyalu-Cica Brightening Toner","Rs 1,000","https://koreanbeautypoint.com/shop/madagascar-centella-hyalu-cica-brightening-toner-4825","https://koreanbeautypoint.com/web/image/product.product/10588/image_1024/%5Bskin1004%20hyalu%20cica%20brightening%20toner%5D%20Madagascar%20Centella%20Hyalu-Cica%20Brightening%20Toner%20%28210ml%29?unique=20d33cd"
"1784123918-182","https://koreanbeautypoint.com/page/product_brands","https://koreanbeautypoint.com/shop/brands?brand=32","Madagascar Centella Asiatica Ampoule","Rs 1,300","https://koreanbeautypoint.com/shop/madagascar-centella-asiatica-ampoule-4824","https://koreanbeautypoint.com/web/image/product.product/8634/image_1024/%5Bskin1004%20centella%20amp%20100ml%5D%20Madagascar%20Centella%20Asiatica%20Ampoule%20%28100ml%29?unique=affe57f"
"1784123918-183","https://koreanbeautypoint.com/page/product_brands","https://koreanbeautypoint.com/shop/brands?brand=32","Madagascar Centella Ampoule Foam","Rs 800","https://koreanbeautypoint.com/shop/madagascar-centella-ampoule-foam-4823","https://koreanbeautypoint.com/web/image/product.product/8632/image_1024/%5Bskin1004%20centella%20foam%5D%20Madagascar%20Centella%20Ampoule%20Foam%20%28125ml%29?unique=affe57f"
"1784123918-184","https://koreanbeautypoint.com/page/product_brands","https://koreanbeautypoint.com/shop/brands?brand=32","Madagascar Centella Tone Brightening Boosting Toner 210ml","Rs 3,000","https://koreanbeautypoint.com/shop/skin1004-tone-boosting-toner-210ml-madagascar-centella-tone-brightening-boosting-toner-210ml-5132","https://koreanbeautypoint.com/web/image/product.product/9083/image_1024/%5Bskin1004%20tone%20boosting%20toner%20210ml%5D%20Madagascar%20Centella%20Tone%20Brightening%20Boosting%20Toner%20210ml?unique=affe57f"
"1784123918-185","https://koreanbeautypoint.com/page/product_brands","https://koreanbeautypoint.com/shop/brands?brand=32","Madagascar Centella Tea-Trica Spot Cream 20ml","Rs 2,000","https://koreanbeautypoint.com/shop/skin1004-tea-trica-spot-cream-madagascar-centella-tea-trica-spot-cream-20ml-5131","https://koreanbeautypoint.com/web/image/product.product/9082/image_1024/%5Bskin1004%20tea%20trica%20spot%20cream%5D%20Madagascar%20Centella%20Tea-Trica%20Spot%20Cream%2020ml?unique=affe57f"
"1784123918-186","https://koreanbeautypoint.com/page/product_brands","https://koreanbeautypoint.com/shop/brands?brand=32","Madagascar Centella Tea-Trica BHA Foam 125ml","Rs 2,000","https://koreanbeautypoint.com/shop/skin1004-tea-trica-foam-madagascar-centella-tea-trica-bha-foam-125ml-5129","https://koreanbeautypoint.com/web/image/product.product/9080/image_1024/%5Bskin1004%20tea%20trica%20foam%5D%20Madagascar%20Centella%20Tea-Trica%20BHA%20Foam%20125ml?unique=3814b2f"
"1784123918-187","https://koreanbeautypoint.com/page/product_brands","https://koreanbeautypoint.com/shop/brands?brand=32","Madagascar Centella Tea-Trica B5 Cream 75ml","Rs 2,800","https://koreanbeautypoint.com/shop/skin1004-tea-trica-cream-madagascar-centella-tea-trica-b5-cream-75ml-5128","https://koreanbeautypoint.com/web/image/product.product/9079/image_1024/%5Bskin1004%20tea%20trica%20cream%5D%20Madagascar%20Centella%20Tea-Trica%20B5%20Cream%2075ml?unique=affe57f"
"1784123918-188","https://koreanbeautypoint.com/page/product_brands","https://koreanbeautypoint.com/shop/brands?brand=32","Madagascar Centella Retinol 0.2 Boosting Shot Ampoule","Rs 2,600","https://koreanbeautypoint.com/shop/skin1004-retinol-shot-amp-madagascar-centella-retinol-02-boosting-shot-ampoule-5126","https://koreanbeautypoint.com/web/image/product.product/9077/image_1024/%5Bskin1004%20retinol%20shot%20amp%5D%20Madagascar%20Centella%20Retinol%200.2%20Boosting%20Shot%20Ampoule?unique=433b209"
"1784123918-189","https://koreanbeautypoint.com/page/product_brands","https://koreanbeautypoint.com/shop/brands?brand=32","Madagascar Centella Probio-Cica Essence Toner 210ml","Rs 3,000","https://koreanbeautypoint.com/shop/skin1004-probio-cica-toner-madagascar-centella-probio-cica-essence-toner-210ml-5125","https://koreanbeautypoint.com/web/image/product.product/9076/image_1024/%5Bskin1004%20probio%20cica%20toner%5D%20Madagascar%20Centella%20Probio-Cica%20Essence%20Toner%20210ml?unique=e83c9f4"
"1784123918-190","https://koreanbeautypoint.com/page/product_brands","https://koreanbeautypoint.com/shop/brands?brand=32","Madagascar Centella Probio-Cica Bakuchiol Eye Cream 20ml","Rs 2,600","https://koreanbeautypoint.com/shop/skin1004-probio-cica-eye-cream-madagascar-centella-probio-cica-bakuchiol-eye-cream-20ml-5124","https://koreanbeautypoint.com/web/image/product.product/9075/image_1024/%5Bskin1004%20probio%20cica%20eye%20cream%5D%20Madagascar%20Centella%20Probio-Cica%20Bakuchiol%20Eye%20Cream%2020ml?unique=339e199"
"1784123918-191","https://koreanbeautypoint.com/page/product_brands","https://koreanbeautypoint.com/shop/brands?brand=32","Madagascar Centella Poremizing Velvet Finish Sunscreen 50ml","Rs 3,200","https://koreanbeautypoint.com/shop/skin1004-poremizing-spf-madagascar-centella-poremizing-velvet-finish-sunscreen-50ml-5120","https://koreanbeautypoint.com/web/image/product.product/9071/image_1024/%5Bskin1004%20poremizing%20spf%5D%20Madagascar%20Centella%20Poremizing%20Velvet%20Finish%20Sunscreen%2050ml?unique=195a5a7"
"1784123918-192","https://koreanbeautypoint.com/page/product_brands","https://koreanbeautypoint.com/shop/brands?brand=32","Madagascar Centella Poremizing Light Gel Cream 75ml","Rs 2,800","https://koreanbeautypoint.com/shop/skin1004-poremizing-gel-cream-madagascar-centella-poremizing-light-gel-cream-75ml-5119","https://koreanbeautypoint.com/web/image/product.product/9070/image_1024/%5Bskin1004%20poremizing%20gel%20cream%5D%20Madagascar%20Centella%20Poremizing%20Light%20Gel%20Cream%2075ml?unique=7fd9ce0"
"1784123918-193","https://koreanbeautypoint.com/page/product_brands","https://koreanbeautypoint.com/shop/brands?brand=32","Madagascar Centella Poremizing Quick Clay Stick Mask 27g","Rs 2,200","https://koreanbeautypoint.com/shop/skin1004-poremizing-clay-stick-madagascar-centella-poremizing-quick-clay-stick-mask-27g-5117","https://koreanbeautypoint.com/web/image/product.product/9068/image_1024/%5Bskin1004%20poremizing%20clay%20stick%5D%20Madagascar%20Centella%20Poremizing%20Quick%20Clay%20Stick%20Mask%2027g?unique=339e199"
"1784123918-194","https://koreanbeautypoint.com/page/product_brands","https://koreanbeautypoint.com/shop/brands?brand=32","Madagascar Centella Probio-Cica Bakuchiol Eye Cream 20ml","Rs 2,600","https://koreanbeautypoint.com/shop/skin1004-probio-cica-eye-cream-madagascar-centella-probio-cica-bakuchiol-eye-cream-20ml-5124","https://koreanbeautypoint.com/web/image/product.product/9075/image_1024/%5Bskin1004%20probio%20cica%20eye%20cream%5D%20Madagascar%20Centella%20Probio-Cica%20Bakuchiol%20Eye%20Cream%2020ml?unique=339e199"
"1784123918-195","https://koreanbeautypoint.com/page/product_brands","https://koreanbeautypoint.com/shop/brands?brand=32","Madagascar Centella Poremizing Velvet Finish Sunscreen 50ml","Rs 3,200","https://koreanbeautypoint.com/shop/skin1004-poremizing-spf-madagascar-centella-poremizing-velvet-finish-sunscreen-50ml-5120","https://koreanbeautypoint.com/web/image/product.product/9071/image_1024/%5Bskin1004%20poremizing%20spf%5D%20Madagascar%20Centella%20Poremizing%20Velvet%20Finish%20Sunscreen%2050ml?unique=195a5a7"
"1784123918-196","https://koreanbeautypoint.com/page/product_brands","https://koreanbeautypoint.com/shop/brands?brand=32","Madagascar Centella Poremizing Light Gel Cream 75ml","Rs 2,800","https://koreanbeautypoint.com/shop/skin1004-poremizing-gel-cream-madagascar-centella-poremizing-light-gel-cream-75ml-5119","https://koreanbeautypoint.com/web/image/product.product/9070/image_1024/%5Bskin1004%20poremizing%20gel%20cream%5D%20Madagascar%20Centella%20Poremizing%20Light%20Gel%20Cream%2075ml?unique=7fd9ce0"
"1784123918-197","https://koreanbeautypoint.com/page/product_brands","https://koreanbeautypoint.com/shop/brands?brand=32","Madagascar Centella Poremizing Quick Clay Stick Mask 27g","Rs 2,200","https://koreanbeautypoint.com/shop/skin1004-poremizing-clay-stick-madagascar-centella-poremizing-quick-clay-stick-mask-27g-5117","https://koreanbeautypoint.com/web/image/product.product/9068/image_1024/%5Bskin1004%20poremizing%20clay%20stick%5D%20Madagascar%20Centella%20Poremizing%20Quick%20Clay%20Stick%20Mask%2027g?unique=339e199"
"1784123918-198","https://koreanbeautypoint.com/page/product_brands","https://koreanbeautypoint.com/shop/brands?brand=32","Madagascar Centella Matrixyl 10 Boosting Shot Ampoule","Rs 2,800","https://koreanbeautypoint.com/shop/skin1004-matrixyl-shot-amp-madagascar-centella-matrixyl-10-boosting-shot-ampoule-5115","https://koreanbeautypoint.com/web/image/product.product/9066/image_1024/%5Bskin1004%20matrixyl%20shot%20amp%5D%20Madagascar%20Centella%20Matrixyl%2010%20Boosting%20Shot%20Ampoule?unique=a6c3977"
"1784123918-199","https://koreanbeautypoint.com/page/product_brands","https://koreanbeautypoint.com/shop/brands?brand=32","Madagascar Centella Hyalu-Cica Gentle Cleansing Milk 200ml","Rs 2,500","https://koreanbeautypoint.com/shop/skin1004-hyalu-cica-cm-madagascar-centella-hyalu-cica-gentle-cleansing-milk-200ml-5112","https://koreanbeautypoint.com/web/image/product.product/9063/image_1024/%5Bskin1004%20hyalu%20cica%20cm%5D%20Madagascar%20Centella%20Hyalu-Cica%20Gentle%20Cleansing%20Milk%20200ml?unique=195a5a7"
"1784123918-200","https://koreanbeautypoint.com/page/product_brands","https://koreanbeautypoint.com/shop/brands?brand=32","Madagascar Centella Hyalu-Cica Blue Serum 50ml","Rs 3,300","https://koreanbeautypoint.com/shop/skin1004-hyalu-cica-blue-serum-madagascar-centella-hyalu-cica-blue-serum-50ml-5111","https://koreanbeautypoint.com/web/image/product.product/9062/image_1024/%5Bskin1004%20hyalu%20cica%20blue%20serum%5D%20Madagascar%20Centella%20Hyalu-Cica%20Blue%20Serum%2050ml?unique=6a2af75"
"1784123918-201","https://koreanbeautypoint.com/page/product_brands","https://koreanbeautypoint.com/shop/brands?brand=32","Madagascar Centella Soothing Cream 75ml","Rs 2,800","https://koreanbeautypoint.com/shop/skin1004-centella-soothing-cream-madagascar-centella-soothing-cream-75ml-5110","https://koreanbeautypoint.com/web/image/product.product/9061/image_1024/%5Bskin1004%20centella%20soothing%20cream%5D%20Madagascar%20Centella%20Soothing%20Cream%2075ml?unique=3f046f2"
"1784123918-202","https://koreanbeautypoint.com/page/product_brands","https://koreanbeautypoint.com/shop/brands?brand=32","Madagascar Centella Quick Calming Pad 70sheets","Rs 3,500","https://koreanbeautypoint.com/shop/skin1004-centella-pad-madagascar-centella-quick-calming-pad-70sheets-5109","https://koreanbeautypoint.com/web/image/product.product/9060/image_1024/%5Bskin1004%20centella%20pad%5D%20Madagascar%20Centella%20Quick%20Calming%20Pad%2070sheets?unique=c8027e5"
"1784123918-203","https://koreanbeautypoint.com/page/product_brands","https://koreanbeautypoint.com/shop/brands?brand=32","Madagascar Centella Watergel Sheet Ampoule Mask","Rs 320","https://koreanbeautypoint.com/shop/skin1004-centella-amp-sheetmask-madagascar-centella-watergel-sheet-ampoule-mask-5108","https://koreanbeautypoint.com/web/image/product.product/9059/image_1024/%5Bskin1004%20centella%20amp%20sheetmask%5D%20Madagascar%20Centella%20Watergel%20Sheet%20Ampoule%20Mask?unique=339e199"
"1784123918-204","https://koreanbeautypoint.com/page/product_brands","https://koreanbeautypoint.com/shop/brands?brand=32","Madagascar Centella Tone Brightening Glow Mask","Rs 320","https://koreanbeautypoint.com/shop/skin1004-brightening-sheetmask-madagascar-centella-tone-brightening-glow-mask-5105","https://koreanbeautypoint.com/web/image/product.product/9056/image_1024/%5Bskin1004%20brightening%20sheetmask%5D%20Madagascar%20Centella%20Tone%20Brightening%20Glow%20Mask?unique=6b8ff94"
"1784123918-205","https://koreanbeautypoint.com/page/product_brands","https://koreanbeautypoint.com/shop/brands?brand=32","Madagascar Centella Tone Brightening Cleansing Gel Foam 125ml","Rs 2,200","https://koreanbeautypoint.com/shop/skin1004-brightening-foam-madagascar-centella-tone-brightening-cleansing-gel-foam-125ml-5104","https://koreanbeautypoint.com/web/image/product.product/9055/image_1024/%5Bskin1004%20brightening%20foam%5D%20Madagascar%20Centella%20Tone%20Brightening%20Cleansing%20Gel%20Foam%20125ml?unique=086032c"
"1784123918-206","https://koreanbeautypoint.com/page/product_brands","https://koreanbeautypoint.com/shop/brands?brand=32","Madagascar Centella Tone Brightening Capsule Cream 75ml","Rs 2,800","https://koreanbeautypoint.com/shop/skin1004-brightening-cream-madagascar-centella-tone-brightening-capsule-cream-75ml-5103","https://koreanbeautypoint.com/web/image/product.product/9054/image_1024/%5Bskin1004%20brightening%20cream%5D%20Madagascar%20Centella%20Tone%20Brightening%20Capsule%20Cream%2075ml?unique=60c206e"
"1784123918-207","https://koreanbeautypoint.com/page/product_brands","https://koreanbeautypoint.com/shop/brands?brand=32","Madagascar Centella Probio-Cica Glow Sun Ampoule 50ml","Rs 2,600","https://koreanbeautypoint.com/shop/skin1004-probio-cica-spf-madagascar-centella-probio-cica-glow-sun-ampoule-50ml-7682","https://koreanbeautypoint.com/web/image/product.product/11700/image_1024/%5Bskin1004%20probio%20cica%20spf%5D%20Madagascar%20Centella%20Probio-Cica%20Glow%20Sun%20Ampoule%2050ml?unique=7dfc582"
"1784123918-208","https://koreanbeautypoint.com/page/product_brands","https://koreanbeautypoint.com/shop/brands?brand=32","Madagascar Centella Tea-Trica Mild Peeling Gel 125ml","Rs 3,000","https://koreanbeautypoint.com/shop/skin1004-tea-trica-peeling-gel-madagascar-centella-tea-trica-mild-peeling-gel-125ml-7623","https://koreanbeautypoint.com/web/image/product.product/11641/image_1024/%5Bskin1004%20tea%20trica%20peeling%20gel%5D%20Madagascar%20Centella%20Tea-Trica%20Mild%20Peeling%20Gel%20125ml?unique=a54b337"
"1784123918-209","https://koreanbeautypoint.com/page/product_brands","https://koreanbeautypoint.com/shop/brands?brand=32","Madagascar Centella Tea-Trica Relaxing Mask 24ml","Rs 320","https://koreanbeautypoint.com/shop/skin1004-tea-trica-sheetmask-madagascar-centella-tea-trica-relaxing-mask-24ml-7622","https://koreanbeautypoint.com/web/image/product.product/11640/image_1024/%5Bskin1004%20tea%20trica%20sheetmask%5D%20Madagascar%20Centella%20Tea-Trica%20Relaxing%20Mask%2024ml?unique=affe57f"
"1784123918-210","https://koreanbeautypoint.com/page/product_brands","https://koreanbeautypoint.com/shop/brands?brand=32","Madagascar Centella Probio-Cica Nourishing Mask 22ml","Rs 320","https://koreanbeautypoint.com/shop/skin1004-probio-cica-sheetmask-madagascar-centella-probio-cica-nourishing-mask-22ml-7621","https://koreanbeautypoint.com/web/image/product.product/11639/image_1024/%5Bskin1004%20probio%20cica%20sheetmask%5D%20Madagascar%20Centella%20Probio-Cica%20Nourishing%20Mask%2022ml?unique=ab9c9eb"
"1784123918-211","https://koreanbeautypoint.com/page/product_brands","https://koreanbeautypoint.com/shop/brands?brand=32","Madagascar Centella Poremizing Clarifying Mask 23ml","Rs 320","https://koreanbeautypoint.com/shop/skin1004-poremizing-sheetmask-madagascar-centella-poremizing-clarifying-mask-23ml-7620","https://koreanbeautypoint.com/web/image/product.product/11638/image_1024/%5Bskin1004%20poremizing%20sheetmask%5D%20Madagascar%20Centella%20Poremizing%20Clarifying%20Mask%2023ml?unique=affe57f"
"1784123918-212","https://koreanbeautypoint.com/page/product_brands","https://koreanbeautypoint.com/shop/brands?brand=32","Madagascar Centella Tone Brightening Dark Spot Ampoule Pad 60pads","Rs 3,200","https://koreanbeautypoint.com/shop/skin1004-tone-brightening-pad-madagascar-centella-tone-brightening-dark-spot-ampoule-pad-60pads-7619","https://koreanbeautypoint.com/web/image/product.product/11637/image_1024/%5Bskin1004%20tone%20brightening%20pad%5D%20Madagascar%20Centella%20Tone%20Brightening%20Dark%20Spot%20Ampoule%20Pad%2060pads?unique=75abda9"
"1784123918-213","https://koreanbeautypoint.com/page/product_brands","https://koreanbeautypoint.com/shop/brands?brand=32","Madagascar Centella Tea-Trica Purifying Toner 210ml","Rs 3,300","https://koreanbeautypoint.com/shop/skin1004-tea-trica-toner-210ml-madagascar-centella-tea-trica-purifying-toner-210ml-7618","https://koreanbeautypoint.com/web/image/product.product/11636/image_1024/%5Bskin1004%20tea%20trica%20toner%20210ml%5D%20Madagascar%20Centella%20Tea-Trica%20Purifying%20Toner%20210ml?unique=affe57f"
"1784123918-214","https://koreanbeautypoint.com/page/product_brands","https://koreanbeautypoint.com/shop/brands?brand=32","Madagascar Centella Hyalu-Cica Jelly-Fit Ampoule Pad 60pads","Rs 3,000","https://koreanbeautypoint.com/shop/skin1004-hyalu-cica-pad-madagascar-centella-hyalu-cica-jelly-fit-ampoule-pad-60pads-7617","https://koreanbeautypoint.com/web/image/product.product/11635/image_1024/%5Bskin1004%20hyalu%20cica%20pad%5D%20Madagascar%20Centella%20Hyalu-Cica%20Jelly-Fit%20Ampoule%20Pad%2060pads?unique=affe57f"
"1784123918-215","https://koreanbeautypoint.com/page/product_brands","https://koreanbeautypoint.com/shop/brands?brand=32","Madagascar Centella Hyalu-Cica Cloudy Mist 120ml","Rs 3,400","https://koreanbeautypoint.com/shop/skin1004-cloudy-mist-madagascar-centella-hyalu-cica-cloudy-mist-120ml-7616","https://koreanbeautypoint.com/web/image/product.product/11634/image_1024/%5Bskin1004%20cloudy%20Mist%5D%20Madagascar%20Centella%20Hyalu-Cica%20Cloudy%20Mist%20120ml?unique=0f3c063"
"1784123918-216","https://koreanbeautypoint.com/page/product_brands","https://koreanbeautypoint.com/shop/brands?brand=32","skin1004 poremizing toner 210ml","Rs 3,200","https://koreanbeautypoint.com/shop/skin1004-poremizing-toner-210ml-skin1004-poremizing-toner-210ml-7610","https://koreanbeautypoint.com/web/image/product.product/11628/image_1024/%5Bskin1004%20poremizing%20toner%20210ml%5D%20skin1004%20poremizing%20toner%20210ml?unique=433b209"
"1784123918-217","https://koreanbeautypoint.com/page/product_brands","https://koreanbeautypoint.com/shop/brands?brand=32","Madagascar Centella Tea-Trica Soothing Sun Milk 50ml","Rs 2,400","https://koreanbeautypoint.com/shop/skin1004-tea-trica-spf-madagascar-centella-tea-trica-soothing-sun-milk-50ml-5130","https://koreanbeautypoint.com/web/image/product.product/9081/image_1024/%5Bskin1004%20tea%20trica%20spf%5D%20Madagascar%20Centella%20Tea-Trica%20Soothing%20Sun%20Milk%2050ml?unique=affe57f"
"1784123918-218","https://koreanbeautypoint.com/page/product_brands","https://koreanbeautypoint.com/shop/brands?brand=32","Madagascar Centella Probio-Cica Enrich Cream 50ml","Rs 2,800","https://koreanbeautypoint.com/shop/skin1004-probio-cica-cream-madagascar-centella-probio-cica-enrich-cream-50ml-5123","https://koreanbeautypoint.com/web/image/product.product/9074/image_1024/%5Bskin1004%20probio%20cica%20cream%5D%20Madagascar%20Centella%20Probio-Cica%20Enrich%20Cream%2050ml?unique=affe57f"
"1784123918-219","https://koreanbeautypoint.com/page/product_brands","https://koreanbeautypoint.com/shop/brands?brand=32","Madagascar Centella Probio-Cica Intensive Ampoule 50ml","Rs 2,600","https://koreanbeautypoint.com/shop/skin1004-probio-cica-amp-50ml-madagascar-centella-probio-cica-intensive-ampoule-50ml-5122","https://koreanbeautypoint.com/web/image/product.product/9073/image_1024/%5Bskin1004%20probio%20cica%20amp%2050ml%5D%20Madagascar%20Centella%20Probio-Cica%20Intensive%20Ampoule%2050ml?unique=affe57f"
"1784123918-220","https://koreanbeautypoint.com/page/product_brands","https://koreanbeautypoint.com/shop/brands?brand=32","Madagascar Centella Poremizing Travel Kit","Rs 3,000","https://koreanbeautypoint.com/shop/skin1004-poremizing-travel-kit-madagascar-centella-poremizing-travel-kit-5121","https://koreanbeautypoint.com/web/image/product.product/9072/image_1024/%5Bskin1004%20poremizing%20travel%20kit%5D%20Madagascar%20Centella%20Poremizing%20Travel%20Kit?unique=4d5d9ce"
"1784123918-221","https://koreanbeautypoint.com/page/product_brands","https://koreanbeautypoint.com/shop/brands?brand=32","Madagascar Centella Poremizing Deep Cleansing Foam 125ml","Rs 2,000","https://koreanbeautypoint.com/shop/skin1004-poremizing-foam-madagascar-centella-poremizing-deep-cleansing-foam-125ml-5118","https://koreanbeautypoint.com/web/image/product.product/9069/image_1024/%5Bskin1004%20poremizing%20foam%5D%20Madagascar%20Centella%20Poremizing%20Deep%20Cleansing%20Foam%20125ml?unique=3969770"
"1784123918-222","https://koreanbeautypoint.com/page/product_brands","https://koreanbeautypoint.com/shop/brands?brand=32","Madagascar Centella Niacinamide 10 Boosting Shot Ampoule","Rs 2,500","https://koreanbeautypoint.com/shop/skin1004-niacin-shot-amp-madagascar-centella-niacinamide-10-boosting-shot-ampoule-5116","https://koreanbeautypoint.com/web/image/product.product/9067/image_1024/%5Bskin1004%20niacin%20shot%20amp%5D%20Madagascar%20Centella%20Niacinamide%2010%20Boosting%20Shot%20Ampoule?unique=affe57f"
"1784123918-223","https://koreanbeautypoint.com/page/product_brands","https://koreanbeautypoint.com/shop/brands?brand=32","Madagascar Centella Hyalu-Cica Travel Kit","Rs 3,300","https://koreanbeautypoint.com/shop/skin1004-hyalu-cica-travel-kit-madagascar-centella-hyalu-cica-travel-kit-5114","https://koreanbeautypoint.com/web/image/product.product/9065/image_1024/%5Bskin1004%20hyalu%20cica%20travel%20kit%5D%20Madagascar%20Centella%20Hyalu-Cica%20Travel%20Kit?unique=affe57f"
"1784123918-224","https://koreanbeautypoint.com/page/product_brands","https://koreanbeautypoint.com/shop/brands?brand=32","Madagascar Centella Hyalu-Cica Moisture Cream 75ml","Rs 3,000","https://koreanbeautypoint.com/shop/skin1004-hyalu-cica-cream-madagascar-centella-hyalu-cica-moisture-cream-75ml-5113","https://koreanbeautypoint.com/web/image/product.product/9064/image_1024/%5Bskin1004%20hyalu%20cica%20cream%5D%20Madagascar%20Centella%20Hyalu-Cica%20Moisture%20Cream%2075ml?unique=affe57f"
"1784123918-225","https://koreanbeautypoint.com/page/product_brands","https://koreanbeautypoint.com/shop/brands?brand=32","Madagascar Centella Air Fit Suncream Light 50ml","Rs 2,300","https://koreanbeautypoint.com/shop/skin1004-centella-air-fit-spf-madagascar-centella-air-fit-suncream-light-50ml-5107","https://koreanbeautypoint.com/web/image/product.product/9058/image_1024/%5Bskin1004%20centella%20air%20fit%20spf%5D%20Madagascar%20Centella%20Air%20Fit%20Suncream%20Light%2050ml?unique=433b209"
"1784123918-226","https://koreanbeautypoint.com/page/product_brands","https://koreanbeautypoint.com/shop/brands?brand=32","Madagascar Centella Tone Brightening Tone Up Sunscreen 50ml","Rs 2,300","https://koreanbeautypoint.com/shop/skin1004-brightening-toneup-spf-madagascar-centella-tone-brightening-tone-up-sunscreen-50ml-5106","https://koreanbeautypoint.com/web/image/product.product/9057/image_1024/%5Bskin1004%20brightening%20toneup%20spf%5D%20Madagascar%20Centella%20Tone%20Brightening%20Tone%20Up%20Sunscreen%2050ml?unique=4556e59"
"1784123929-227","https://koreanbeautypoint.com/page/product_brands","https://koreanbeautypoint.com/shop/brands?brand=129","Vitamin C Brightening Serum 30ml","Rs 3,300","https://koreanbeautypoint.com/shop/skinlab-vita-c-serum-vitamin-c-brightening-serum-30ml-5102","https://koreanbeautypoint.com/web/image/product.product/9053/image_1024/%5Bskin%26lab%20vita%20c%20serum%5D%20Vitamin%20C%20Brightening%20Serum%2030ml?unique=affe57f"
"1784123941-228","https://koreanbeautypoint.com/page/product_brands","https://koreanbeautypoint.com/shop/brands?brand=49","Fino Premium Touch Conditioner 550ml","Rs 2,500","https://koreanbeautypoint.com/shop/fino-conditioner-fino-premium-touch-conditioner-550ml-4624","https://koreanbeautypoint.com/web/image/product.product/8283/image_1024/%5Bfino%20conditioner%5D%20Fino%20Premium%20Touch%20Conditioner%20550ml?unique=2892a4b"
"1784123941-229","https://koreanbeautypoint.com/page/product_brands","https://koreanbeautypoint.com/shop/brands?brand=49","Fino Premium Touch Shampoo","Rs 2,500","https://koreanbeautypoint.com/shop/fino-shampoo-fino-premium-touch-shampoo-4627","https://koreanbeautypoint.com/web/image/product.product/8286/image_1024/%5Bfino%20shampoo%5D%20Fino%20Premium%20Touch%20Shampoo?unique=079a445"
"1784123941-230","https://koreanbeautypoint.com/page/product_brands","https://koreanbeautypoint.com/shop/brands?brand=49","Fino Premium Touch Hair Mask 230g","Rs 2,300","https://koreanbeautypoint.com/shop/fino-mask-fino-premium-touch-hair-mask-230g-4626","https://koreanbeautypoint.com/web/image/product.product/8285/image_1024/%5Bfino%20mask%5D%20Fino%20Premium%20Touch%20Hair%20Mask%20230g?unique=8595651"
"1784123941-231","https://koreanbeautypoint.com/page/product_brands","https://koreanbeautypoint.com/shop/brands?brand=49","Tsubaki Premium Volume & Repair Shampoo 450ml","Rs 2,300","https://koreanbeautypoint.com/shop/tsubaki-volume-repair-shampoo-tsubaki-premium-volume-repair-shampoo-450ml-5187","https://koreanbeautypoint.com/web/image/product.product/9155/image_1024/%5Btsubaki%20volume%20%26%20repair%20shampoo%5D%20Tsubaki%20Premium%20Volume%20%26%20Repair%20Shampoo%20450ml?unique=62770ec"
"1784123941-232","https://koreanbeautypoint.com/page/product_brands","https://koreanbeautypoint.com/shop/brands?brand=49","Tsubaki Premium Volume & Repair Conditioner 450ml","Rs 2,500","https://koreanbeautypoint.com/shop/tsubaki-volume-repair-conditioner-tsubaki-premium-volume-repair-conditioner-450ml-5185","https://koreanbeautypoint.com/web/image/product.product/9153/image_1024/%5Btsubaki%20volume%20%26%20repair%20conditioner%5D%20Tsubaki%20Premium%20Volume%20%26%20Repair%20Conditioner%20450ml?unique=ce158c8"
"1784123941-233","https://koreanbeautypoint.com/page/product_brands","https://koreanbeautypoint.com/shop/brands?brand=49","Tsubaki Premium EX Damage Care & Repair Shampoo & Conditioner Set","Rs 4,500","https://koreanbeautypoint.com/shop/tsubaki-repair-set-tsubaki-premium-ex-damage-care-repair-shampoo-conditioner-set-8747","https://koreanbeautypoint.com/web/image/product.product/15505/image_1024/%5Btsubaki%20repair%20set%5D%20Tsubaki%20Premium%20EX%20Damage%20Care%20%26%20Repair%20Shampoo%20%26%20Conditioner%20Set?unique=a96f120"
"1784123941-234","https://koreanbeautypoint.com/page/product_brands","https://koreanbeautypoint.com/shop/brands?brand=49","Anessa Perfect UV Sunscreen Skincare Milk NA Set SPF 50+ PA++++","Rs 6,000","https://koreanbeautypoint.com/shop/anessa-spf-50ml-anessa-perfect-uv-sunscreen-skincare-milk-na-set-spf-50-pa-8725","https://koreanbeautypoint.com/web/image/product.product/15483/image_1024/%5Banessa%20spf%2050ml%5D%20Anessa%20Perfect%20UV%20Sunscreen%20Skincare%20Milk%20NA%20Set%20SPF%2050%2B%20PA%2B%2B%2B%2B?unique=7887a41"
"1784123941-235","https://koreanbeautypoint.com/page/product_brands","https://koreanbeautypoint.com/shop/brands?brand=49","Fino Premium Touch Penetration Essence Hair Oil 70ml","Rs 2,300","https://koreanbeautypoint.com/shop/fino-hair-oil-fino-premium-touch-penetration-essence-hair-oil-70ml-4625","https://koreanbeautypoint.com/web/image/product.product/8284/image_1024/%5Bfino%20hair%20oil%5D%20Fino%20Premium%20Touch%20Penetration%20Essence%20Hair%20Oil%2070ml?unique=8595651"
"1784123941-236","https://koreanbeautypoint.com/page/product_brands","https://koreanbeautypoint.com/shop/brands?brand=49","Fino Premium Touch Hair Oil Serum Airy Smooth 70ml","Rs 2,550","https://koreanbeautypoint.com/shop/fino-airy-oil-fino-premium-touch-hair-oil-serum-airy-smooth-70ml-4623","https://koreanbeautypoint.com/web/image/product.product/8282/image_1024/%5Bfino%20airy%20oil%5D%20Fino%20Premium%20Touch%20Hair%20Oil%20Serum%20Airy%20Smooth%2070ml?unique=affe57f"
"1784123941-237","https://koreanbeautypoint.com/page/product_brands","https://koreanbeautypoint.com/shop/brands?brand=49","Anessa Perfect UV Sunscreen Skincare Milk SPF 50+ PA++++ 60ml","Rs 5,800","https://koreanbeautypoint.com/shop/anessa-spf-60ml-anessa-perfect-uv-sunscreen-skincare-milk-spf-50-pa-60ml-4361","https://koreanbeautypoint.com/web/image/product.product/7963/image_1024/%5Banessa%20spf%2060ml%5D%20Anessa%20Perfect%20UV%20Sunscreen%20Skincare%20Milk%20SPF%2050%2B%20PA%2B%2B%2B%2B%2060ml?unique=affe57f"
"1784123941-238","https://koreanbeautypoint.com/page/product_brands","https://koreanbeautypoint.com/shop/brands?brand=49","Urea Body Milk 150ml","Rs 2,400","https://koreanbeautypoint.com/shop/urea-body-milk-urea-body-milk-150ml-5197","https://koreanbeautypoint.com/web/image/product.product/9172/image_1024/%5Burea%20body%20milk%5D%20Urea%20Body%20Milk%20150ml?unique=affe57f"
"1784123941-239","https://koreanbeautypoint.com/page/product_brands","https://koreanbeautypoint.com/shop/brands?brand=49","Urea 10% Hand & Foot Cream 100g","Rs 1,200","https://koreanbeautypoint.com/shop/urea-body-cream-urea-10-hand-foot-cream-100g-5196","https://koreanbeautypoint.com/web/image/product.product/9171/image_1024/%5Burea%20body%20cream%5D%20Urea%2010%25%20Hand%20%26%20Foot%20Cream%20100g?unique=affe57f"
"1784123941-240","https://koreanbeautypoint.com/page/product_brands","https://koreanbeautypoint.com/shop/brands?brand=49","Tsubaki Premium Volume & Repair Shampoo & Conditioner Set 450ml","Rs 4,800","https://koreanbeautypoint.com/shop/tsubaki-volume-repair-set-tsubaki-premium-volume-repair-shampoo-conditioner-set-450ml-5186","https://koreanbeautypoint.com/web/image/product.product/9154/image_1024/%5Btsubaki%20volume%20%26%20repair%20set%5D%20Tsubaki%20Premium%20Volume%20%26%20Repair%20Shampoo%20%26%20Conditioner%20Set%20450ml?unique=affe57f"
"1784123941-241","https://koreanbeautypoint.com/page/product_brands","https://koreanbeautypoint.com/shop/brands?brand=49","Tsubaki Premium EX Damage Care & Repair Shampoo 450ml","Rs 2,600","https://koreanbeautypoint.com/shop/tsubaki-repair-shampoo-tsubaki-premium-ex-damage-care-repair-shampoo-450ml-5184","https://koreanbeautypoint.com/web/image/product.product/9152/image_1024/%5Btsubaki%20repair%20shampoo%5D%20Tsubaki%20Premium%20EX%20Damage%20Care%20%26%20Repair%20Shampoo%20450ml?unique=affe57f"
"1784123941-242","https://koreanbeautypoint.com/page/product_brands","https://koreanbeautypoint.com/shop/brands?brand=49","Tsubaki Premium EX Repair Hair Mask Refill","Rs 1,500","https://koreanbeautypoint.com/shop/tsubaki-premium-ex-repair-hair-mask-refill-5183","https://koreanbeautypoint.com/web/image/product.product/11729/image_1024/%5Btsubaki%20repair%20hair%20mask%20refill%5D%20Tsubaki%20Premium%20EX%20Repair%20Hair%20Mask%20Refill%20%28150g%29?unique=2f5e8eb"
"1784123941-243","https://koreanbeautypoint.com/page/product_brands","https://koreanbeautypoint.com/shop/brands?brand=49","Tsubaki Premium EX Repair Hair Mask 180g","Rs 2,500","https://koreanbeautypoint.com/shop/tsubaki-repair-mask-tsubaki-premium-ex-repair-hair-mask-180g-5182","https://koreanbeautypoint.com/web/image/product.product/9150/image_1024/%5Btsubaki%20repair%20mask%5D%20Tsubaki%20Premium%20EX%20Repair%20Hair%20Mask%20180g?unique=d3bd42a"
"1784123941-244","https://koreanbeautypoint.com/page/product_brands","https://koreanbeautypoint.com/shop/brands?brand=49","Tsubaki Shampoo Premium Moist & Repair Camellia Hair Shampoo 450ml","Rs 2,700","https://koreanbeautypoint.com/shop/tsubaki-moistrep-shampoo-tsubaki-shampoo-premium-moist-repair-camellia-hair-shampoo-450ml-5180","https://koreanbeautypoint.com/web/image/product.product/9148/image_1024/%5Btsubaki%20moist%26rep%20shampoo%5D%20Tsubaki%20Shampoo%20Premium%20Moist%20%26%20Repair%20Camellia%20Hair%20Shampoo%20450ml?unique=e14f7c8"
"1784123941-245","https://koreanbeautypoint.com/page/product_brands","https://koreanbeautypoint.com/shop/brands?brand=49","Tsubaki Premium Moist & Repair Shampoo & Conditioner Set 450ml","Rs 5,000","https://koreanbeautypoint.com/shop/tsubaki-moist-repair-set-tsubaki-premium-moist-repair-shampoo-conditioner-set-450ml-5179","https://koreanbeautypoint.com/web/image/product.product/9147/image_1024/%5Btsubaki%20moist%20%26%20repair%20set%5D%20Tsubaki%20Premium%20Moist%20%26%20Repair%20Shampoo%20%26%20Conditioner%20Set%20450ml?unique=affe57f"
"1784123941-246","https://koreanbeautypoint.com/page/product_brands","https://koreanbeautypoint.com/shop/brands?brand=49","Tsubaki Conditioner Premium Moist & Repair Camellia Hair Conditioner 450ml","Rs 2,000","https://koreanbeautypoint.com/shop/tsubaki-moist-repair-conditioner-tsubaki-conditioner-premium-moist-repair-camellia-hair-conditioner-450ml-5178","https://koreanbeautypoint.com/web/image/product.product/9146/image_1024/%5Btsubaki%20moist%20%26%20repair%20conditioner%5D%20Tsubaki%20Conditioner%20Premium%20Moist%20%26%20Repair%20Camellia%20Hair%20Conditioner%20450ml?unique=affe57f"
"1784123941-247","https://koreanbeautypoint.com/page/product_brands","https://koreanbeautypoint.com/shop/brands?brand=49","Tsubaki Premium Repair Mask Pink Camellia 180g","Rs 2,600","https://koreanbeautypoint.com/shop/tsubaki-camellia-mask-tsubaki-premium-repair-mask-pink-camellia-180g-5177","https://koreanbeautypoint.com/web/image/product.product/9145/image_1024/%5Btsubaki%20camellia%20mask%5D%20Tsubaki%20Premium%20Repair%20Mask%20Pink%20Camellia%20180g?unique=affe57f"
"1784123941-248","https://koreanbeautypoint.com/page/product_brands","https://koreanbeautypoint.com/shop/brands?brand=49","Tsubaki Shampoo Premium Moist & Repair Camellia Hair Shampoo 450ml","Rs 2,700","https://koreanbeautypoint.com/shop/tsubaki-moistrep-shampoo-tsubaki-shampoo-premium-moist-repair-camellia-hair-shampoo-450ml-5180","https://koreanbeautypoint.com/web/image/product.product/9148/image_1024/%5Btsubaki%20moist%26rep%20shampoo%5D%20Tsubaki%20Shampoo%20Premium%20Moist%20%26%20Repair%20Camellia%20Hair%20Shampoo%20450ml?unique=e14f7c8"
"1784123941-249","https://koreanbeautypoint.com/page/product_brands","https://koreanbeautypoint.com/shop/brands?brand=49","Tsubaki Premium Moist & Repair Shampoo & Conditioner Set 450ml","Rs 5,000","https://koreanbeautypoint.com/shop/tsubaki-moist-repair-set-tsubaki-premium-moist-repair-shampoo-conditioner-set-450ml-5179","https://koreanbeautypoint.com/web/image/product.product/9147/image_1024/%5Btsubaki%20moist%20%26%20repair%20set%5D%20Tsubaki%20Premium%20Moist%20%26%20Repair%20Shampoo%20%26%20Conditioner%20Set%20450ml?unique=affe57f"
"1784123941-250","https://koreanbeautypoint.com/page/product_brands","https://koreanbeautypoint.com/shop/brands?brand=49","Tsubaki Conditioner Premium Moist & Repair Camellia Hair Conditioner 450ml","Rs 2,000","https://koreanbeautypoint.com/shop/tsubaki-moist-repair-conditioner-tsubaki-conditioner-premium-moist-repair-camellia-hair-conditioner-450ml-5178","https://koreanbeautypoint.com/web/image/product.product/9146/image_1024/%5Btsubaki%20moist%20%26%20repair%20conditioner%5D%20Tsubaki%20Conditioner%20Premium%20Moist%20%26%20Repair%20Camellia%20Hair%20Conditioner%20450ml?unique=affe57f"
"1784123941-251","https://koreanbeautypoint.com/page/product_brands","https://koreanbeautypoint.com/shop/brands?brand=49","Tsubaki Premium Repair Mask Pink Camellia 180g","Rs 2,600","https://koreanbeautypoint.com/shop/tsubaki-camellia-mask-tsubaki-premium-repair-mask-pink-camellia-180g-5177","https://koreanbeautypoint.com/web/image/product.product/9145/image_1024/%5Btsubaki%20camellia%20mask%5D%20Tsubaki%20Premium%20Repair%20Mask%20Pink%20Camellia%20180g?unique=affe57f"
"1784123941-252","https://koreanbeautypoint.com/page/product_brands","https://koreanbeautypoint.com/shop/brands?brand=49","Pretty Face L Razor 6pcs","Rs 500","https://koreanbeautypoint.com/shop/shiseido-pretty-face-razor-pretty-face-l-razor-6pcs-5094","https://koreanbeautypoint.com/web/image/product.product/9038/image_1024/%5Bshiseido%20pretty%20face%20razor%5D%20Pretty%20Face%20L%20Razor%206pcs?unique=affe57f"
"1784123941-253","https://koreanbeautypoint.com/page/product_brands","https://koreanbeautypoint.com/shop/brands?brand=49","Prepare Face & Body Razor T Type 3pcs","Rs 560","https://koreanbeautypoint.com/shop/shiseido-prepare-razor-prepare-face-body-razor-t-type-3pcs-5093","https://koreanbeautypoint.com/web/image/product.product/9037/image_1024/%5Bshiseido%20prepare%20razor%5D%20Prepare%20Face%20%26%20Body%20Razor%20T%20Type%203pcs?unique=53fdcbb"
"1784123941-254","https://koreanbeautypoint.com/page/product_brands","https://koreanbeautypoint.com/shop/brands?brand=49","Point Razor","Rs 500","https://koreanbeautypoint.com/shop/shiseido-point-razor-point-razor-5092","https://koreanbeautypoint.com/web/image/product.product/9036/image_1024/%5Bshiseido%20point%20razor%5D%20Point%20Razor?unique=459c77d"
"1784123941-255","https://koreanbeautypoint.com/page/product_brands","https://koreanbeautypoint.com/shop/brands?brand=49","Fino Premium Touch Hair Oil Pink Ribbon 70ml","Rs 2,400","https://koreanbeautypoint.com/shop/fino-pink-ribbon-hair-oil-fino-premium-touch-hair-oil-pink-ribbon-70ml-7681","https://koreanbeautypoint.com/web/image/product.product/11699/image_1024/%5Bfino%20pink%20ribbon%20hair%20oil%5D%20Fino%20Premium%20Touch%20Hair%20Oil%20Pink%20Ribbon%2070ml?unique=0640462"
"1784123950-256","https://koreanbeautypoint.com/page/product_brands","https://koreanbeautypoint.com/shop/brands?brand=168","Repair Milky Urea Glow Bubble Serum","Rs 3,500","https://koreanbeautypoint.com/shop/shaishai-urea-serum-repair-milky-urea-glow-bubble-serum-8724","https://koreanbeautypoint.com/web/image/product.product/15482/image_1024/%5Bshaishai%20urea%20serum%5D%20Repair%20Milky%20Urea%20Glow%20Bubble%20Serum?unique=52f75a0"
"1784123958-257","https://koreanbeautypoint.com/page/product_brands","https://koreanbeautypoint.com/shop/brands?brand=127","Scalpy Hair Serum 20ml","Rs 3,800","https://koreanbeautypoint.com/shop/seapuri-scalpy-hair-serum-scalpy-hair-serum-20ml-5074","https://koreanbeautypoint.com/web/image/product.product/9015/image_1024/%5Bseapuri%20scalpy%20hair%20serum%5D%20Scalpy%20Hair%20Serum%2020ml?unique=affe57f"
"1784123969-258","https://koreanbeautypoint.com/page/product_brands","https://koreanbeautypoint.com/shop/brands?brand=126","Enjoy Super Mild Sun Essence 50ml","Rs 1,500","https://koreanbeautypoint.com/shop/scinic-mild-spf-enjoy-super-mild-sun-essence-50ml-5073","https://koreanbeautypoint.com/web/image/product.product/9014/image_1024/%5Bscinic%20mild%20spf%5D%20Enjoy%20Super%20Mild%20Sun%20Essence%2050ml?unique=affe57f"
"1784123978-259","https://koreanbeautypoint.com/page/product_brands","https://koreanbeautypoint.com/shop/brands?brand=164","Colored Bear Butterfly Star Acne Patch 48pcs","Rs 1,000","https://koreanbeautypoint.com/shop/sadoer-colored-acne-patch-colored-bear-butterfly-star-acne-patch-48pcs-7680","https://koreanbeautypoint.com/web/image/product.product/11698/image_1024/%5Bsadoer%20colored%20acne%20patch%5D%20Colored%20Bear%20Butterfly%20Star%20Acne%20Patch%2048pcs?unique=bac3cbf"
"1784123990-260","https://koreanbeautypoint.com/page/product_brands","https://koreanbeautypoint.com/shop/brands?brand=8","Aqua Squalane Moisturizing Cream","Rs 3,000","https://koreanbeautypoint.com/shop/aqua-squalane-moisturizing-cream-4405","https://koreanbeautypoint.com/web/image/product.product/8007/image_1024/%5Bsnature%20squalane%20cream%5D%20Aqua%20Squalane%20Moisturizing%20Cream%20%2860ml%29?unique=2c13fae"
"1784123999-261","https://koreanbeautypoint.com/page/product_brands","https://koreanbeautypoint.com/shop/brands?brand=124","Hair Strengthen & Volume Shampoo 550ml","Rs 4,000","https://koreanbeautypoint.com/shop/ryo-strengthen-volume-shampoo-hair-strengthen-volume-shampoo-550ml-5047","https://koreanbeautypoint.com/web/image/product.product/8973/image_1024/%5Bryo%20strengthen%20%26%20volume%20shampoo%5D%20Hair%20Strengthen%20%26%20Volume%20Shampoo%20550ml?unique=affe57f"
"1784123999-262","https://koreanbeautypoint.com/page/product_brands","https://koreanbeautypoint.com/shop/brands?brand=124","Super Revital Total Care Shampoo 400ml","Rs 3,600","https://koreanbeautypoint.com/shop/ryo-revital-shampoo-super-revital-total-care-shampoo-400ml-5046","https://koreanbeautypoint.com/web/image/product.product/8972/image_1024/%5Bryo%20revital%20shampoo%5D%20Super%20Revital%20Total%20Care%20Shampoo%20400ml?unique=affe57f"
"1784123999-263","https://koreanbeautypoint.com/page/product_brands","https://koreanbeautypoint.com/shop/brands?brand=124","Super Revital Total Care Conditioner 400ml","Rs 3,600","https://koreanbeautypoint.com/shop/ryo-revital-conditioner-super-revital-total-care-conditioner-400ml-5045","https://koreanbeautypoint.com/web/image/product.product/8971/image_1024/%5Bryo%20revital%20conditioner%5D%20Super%20Revital%20Total%20Care%20Conditioner%20400ml?unique=affe57f"
"1784123999-264","https://koreanbeautypoint.com/page/product_brands","https://koreanbeautypoint.com/shop/brands?brand=124","Hair Loss Expert Care 9EX Shampoo For Oily Scalp 400ml","Rs 4,000","https://koreanbeautypoint.com/shop/ryo-oily-scalp-shampoo-hair-loss-expert-care-9ex-shampoo-for-oily-scalp-400ml-5044","https://koreanbeautypoint.com/web/image/product.product/8970/image_1024/%5Bryo%20oily%20scalp%20shampoo%5D%20Hair%20Loss%20Expert%20Care%209EX%20Shampoo%20For%20Oily%20Scalp%20400ml?unique=affe57f"
"1784124008-265","https://koreanbeautypoint.com/page/product_brands","https://koreanbeautypoint.com/shop/brands?brand=163","Calming Sensitive Lotus Cream 60ml","Rs 2,500","https://koreanbeautypoint.com/shop/rovectin-lotus-cream-calming-sensitive-lotus-cream-60ml-7693","https://koreanbeautypoint.com/web/image/product.product/11711/image_1024/%5Brovectin%20lotus%20cream%5D%20Calming%20Sensitive%20Lotus%20Cream%2060ml?unique=be59c06"
"1784124008-266","https://koreanbeautypoint.com/page/product_brands","https://koreanbeautypoint.com/shop/brands?brand=163","Aqua Hydration Hyaluronic Essence Mini 100ml","Rs 3,000","https://koreanbeautypoint.com/shop/rovectin-hyaluronic-essence-mini-aqua-hydration-hyaluronic-essence-mini-100ml-7679","https://koreanbeautypoint.com/web/image/product.product/11697/image_1024/%5Brovectin%20hyaluronic%20essence%20mini%5D%20Aqua%20Hydration%20Hyaluronic%20Essence%20Mini%20100ml?unique=95b1cdc"
"1784124017-267","https://koreanbeautypoint.com/page/product_brands","https://koreanbeautypoint.com/shop/brands?brand=123","1025 Dokdo Cream 80ml","Rs 3,800","https://koreanbeautypoint.com/shop/roundlab-dokdo-cream-1025-dokdo-cream-80ml-5042","https://koreanbeautypoint.com/web/image/product.product/8968/image_1024/%5Broundlab%20dokdo%20cream%5D%201025%20Dokdo%20Cream%2080ml?unique=167d666"
"1784124017-268","https://koreanbeautypoint.com/page/product_brands","https://koreanbeautypoint.com/shop/brands?brand=123","Birch Juice Moisturizing Tone Up Sunscreen 50ml","Rs 2,800","https://koreanbeautypoint.com/shop/roundlab-birch-toneup-spf-birch-juice-moisturizing-tone-up-sunscreen-50ml-5039","https://koreanbeautypoint.com/web/image/product.product/8965/image_1024/%5Broundlab%20birch%20toneup%20spf%5D%20Birch%20Juice%20Moisturizing%20Tone%20Up%20Sunscreen%2050ml?unique=a038375"
"1784124017-269","https://koreanbeautypoint.com/page/product_brands","https://koreanbeautypoint.com/shop/brands?brand=123","Birch Juice Moisturizing Sunstick 19g","Rs 2,600","https://koreanbeautypoint.com/shop/roundlab-birch-sunstick-birch-juice-moisturizing-sunstick-19g-5038","https://koreanbeautypoint.com/web/image/product.product/8964/image_1024/%5Broundlab%20birch%20sunstick%5D%20Birch%20Juice%20Moisturizing%20Sunstick%2019g?unique=320408b"
"1784124017-270","https://koreanbeautypoint.com/page/product_brands","https://koreanbeautypoint.com/shop/brands?brand=123","Birch Juice Moisturizing Sunscreen SPF50+ PA++++ 50ml","Rs 2,800","https://koreanbeautypoint.com/shop/roundlab-birch-spf-birch-juice-moisturizing-sunscreen-spf50-pa-50ml-5037","https://koreanbeautypoint.com/web/image/product.product/8963/image_1024/%5Broundlab%20birch%20spf%5D%20Birch%20Juice%20Moisturizing%20Sunscreen%20SPF50%2B%20PA%2B%2B%2B%2B%2050ml?unique=339e199"
"1784124017-271","https://koreanbeautypoint.com/page/product_brands","https://koreanbeautypoint.com/shop/brands?brand=123","Birch Juice Moisturizing Cleanser 150ml","Rs 2,000","https://koreanbeautypoint.com/shop/roundlab-birch-cleanser-birch-juice-moisturizing-cleanser-150ml-5035","https://koreanbeautypoint.com/web/image/product.product/8961/image_1024/%5Broundlab%20birch%20cleanser%5D%20Birch%20Juice%20Moisturizing%20Cleanser%20150ml?unique=5c3b895"
"1784124017-272","https://koreanbeautypoint.com/page/product_brands","https://koreanbeautypoint.com/shop/brands?brand=123","Stick Pouch Kit","Rs 1,000","https://koreanbeautypoint.com/shop/roundlab-stick-kit-stick-pouch-kit-8758","https://koreanbeautypoint.com/web/image/product.product/15516/image_1024/%5Broundlab%20stick%20kit%5D%20Stick%20Pouch%20Kit?unique=55d672c"
"1784124017-273","https://koreanbeautypoint.com/page/product_brands","https://koreanbeautypoint.com/shop/brands?brand=123","1025 Dokdo Toner 200ml","Rs 3,500","https://koreanbeautypoint.com/shop/roundlab-dokdo-toner-1025-dokdo-toner-200ml-5043","https://koreanbeautypoint.com/web/image/product.product/8969/image_1024/%5Broundlab%20dokdo%20toner%5D%201025%20Dokdo%20Toner%20200ml?unique=d339db4"
"1784124017-274","https://koreanbeautypoint.com/page/product_brands","https://koreanbeautypoint.com/shop/brands?brand=123","1025 Dokdo Cleansing Oil 200ml","Rs 3,300","https://koreanbeautypoint.com/shop/roundlab-dokdo-co-1025-dokdo-cleansing-oil-200ml-5041","https://koreanbeautypoint.com/web/image/product.product/8967/image_1024/%5Broundlab%20dokdo%20co%5D%201025%20Dokdo%20Cleansing%20Oil%20200ml?unique=affe57f"
"1784124017-275","https://koreanbeautypoint.com/page/product_brands","https://koreanbeautypoint.com/shop/brands?brand=123","1025 Dokdo Cleanser 150ml","Rs 2,000","https://koreanbeautypoint.com/shop/roundlab-dokdo-cleanser-1025-dokdo-cleanser-150ml-5040","https://koreanbeautypoint.com/web/image/product.product/8966/image_1024/%5Broundlab%20dokdo%20cleanser%5D%201025%20Dokdo%20Cleanser%20150ml?unique=cde15c9"
"1784124017-276","https://koreanbeautypoint.com/page/product_brands","https://koreanbeautypoint.com/shop/brands?brand=123","Birch Juice Hand Cream 30ml","Rs 1,000","https://koreanbeautypoint.com/shop/roundlab-birch-hand-cream-birch-juice-hand-cream-30ml-5036","https://koreanbeautypoint.com/web/image/product.product/8962/image_1024/%5Broundlab%20birch%20hand%20cream%5D%20Birch%20Juice%20Hand%20Cream%2030ml?unique=affe57f"
"1784124026-277","https://koreanbeautypoint.com/page/product_brands","https://koreanbeautypoint.com/shop/brands?brand=10","Better Than Palette The Secret Garden","Rs 3,500","https://koreanbeautypoint.com/shop/better-than-palette-the-secret-garden-4453","https://koreanbeautypoint.com/web/image/product.product/8060/image_1024/%5Bromand%20better%20than%20eyes%2000%5D%20Better%20Than%20Palette%20The%20Secret%20Garden%20%28Light%20and%20Glitter%20Garden%29?unique=52f75a0"
"1784124026-278","https://koreanbeautypoint.com/page/product_brands","https://koreanbeautypoint.com/shop/brands?brand=10","Better Than Eyes 3 Types","Rs 1,800","https://koreanbeautypoint.com/shop/better-than-eyes-3-types-4452","https://koreanbeautypoint.com/web/image/product.product/8057/image_1024/%5Bromand%20better%20than%20eyes%2001%5D%20Better%20Than%20Eyes%203%20Types%20%28Dry%20Mango%20Tulip%29?unique=75230b7"
"1784124026-279","https://koreanbeautypoint.com/page/product_brands","https://koreanbeautypoint.com/shop/brands?brand=10","Lip Mate Pencil Be Oveeer Shade Edition","Rs 1,200","https://koreanbeautypoint.com/shop/lip-mate-pencil-be-oveeer-shade-edition-4802","https://koreanbeautypoint.com/web/image/product.product/8575/image_1024/%5Bromand%20lip%20mate%2002%5D%20Lip%20Mate%20Pencil%20Be%20Oveeer%20Shade%20Edition%20%28Dovey%20Pink%29?unique=4aab13d"
"1784124026-280","https://koreanbeautypoint.com/page/product_brands","https://koreanbeautypoint.com/shop/brands?brand=10","Juicy Lasting Tint Original Series","Rs 1,800","https://koreanbeautypoint.com/shop/juicy-lasting-tint-original-series-4771","https://koreanbeautypoint.com/web/image/product.product/8523/image_1024/%5Bromand%2019%20almond%20rose%5D%20Juicy%20Lasting%20Tint%20Original%20Series%20%28Almond%20Rose%29?unique=9fd2ac1"
"1784124026-281","https://koreanbeautypoint.com/page/product_brands","https://koreanbeautypoint.com/shop/brands?brand=10","Han All Fix Mascara 4 Types","Rs 1,800","https://koreanbeautypoint.com/shop/han-all-fix-mascara-4-types-4683","https://koreanbeautypoint.com/web/image/product.product/8387/image_1024/%5Bromand%20mascara%20L01%5D%20Han%20All%20Fix%20Mascara%204%20Types%20%28Long%20Black%29?unique=479aff2"
"1784124026-282","https://koreanbeautypoint.com/page/product_brands","https://koreanbeautypoint.com/shop/brands?brand=10","Glasting Water Tint Sunset Edition","Rs 1,800","https://koreanbeautypoint.com/shop/glasting-water-tint-sunset-edition-4655","https://koreanbeautypoint.com/web/image/product.product/8342/image_1024/%5Bromand%2014%20mauve%20moon%5D%20Glasting%20Water%20Tint%20Sunset%20Edition%20%28Mauve%20Moon%29?unique=60c206e"
"1784124026-283","https://koreanbeautypoint.com/page/product_brands","https://koreanbeautypoint.com/shop/brands?brand=10","Glasting Water Tint","Rs 1,800","https://koreanbeautypoint.com/shop/glasting-water-tint-4654","https://koreanbeautypoint.com/web/image/product.product/8337/image_1024/%5Bromand%2003%20brick%20river%5D%20Glasting%20Water%20Tint%20%28Brick%20River%29?unique=52f75a0"
"1784124026-284","https://koreanbeautypoint.com/page/product_brands","https://koreanbeautypoint.com/shop/brands?brand=10","Glasting Water Gloss","Rs 1,800","https://koreanbeautypoint.com/shop/glasting-water-gloss-4653","https://koreanbeautypoint.com/web/image/product.product/8335/image_1024/%5Bromand%2000%20meteor%20track%5D%20Glasting%20Water%20Gloss%20%28Meteor%20Track%29?unique=67cb696"
"1784124026-285","https://koreanbeautypoint.com/page/product_brands","https://koreanbeautypoint.com/shop/brands?brand=10","Glasting Melting Balm","Rs 1,800","https://koreanbeautypoint.com/shop/glasting-melting-balm-4652","https://koreanbeautypoint.com/web/image/product.product/8328/image_1024/%5Bromand%20balm%2001%20coco%20nude%5D%20Glasting%20Melting%20Balm%20%28Coco%20Nude%29?unique=d01d6a0"
"1784124026-286","https://koreanbeautypoint.com/page/product_brands","https://koreanbeautypoint.com/shop/brands?brand=10","Han All Brow Fixer","Rs 1,500","https://koreanbeautypoint.com/shop/romand-han-all-brow-fixer-han-all-brow-fixer-5033","https://koreanbeautypoint.com/web/image/product.product/8958/image_1024/%5Bromand%20han%20all%20brow%20fixer%5D%20Han%20All%20Brow%20Fixer?unique=f3bb48e"
"1784124026-287","https://koreanbeautypoint.com/page/product_brands","https://koreanbeautypoint.com/shop/brands?brand=10","Romand – Twinkle Pen Liner","Rs 1,300","https://koreanbeautypoint.com/shop/romand-twinkle-pen-liner-5032","https://koreanbeautypoint.com/web/image/product.product/8953/image_1024/%5Bromand%20twinkle%20pen%2002%5D%20Romand%20%E2%80%93%20Twinkle%20Pen%20Liner%20%28Golden%20Wave%29?unique=affe57f"
"1784124026-288","https://koreanbeautypoint.com/page/product_brands","https://koreanbeautypoint.com/shop/brands?brand=10","Volume Hack Trio","Rs 3,000","https://koreanbeautypoint.com/shop/volume-hack-trio-8746","https://koreanbeautypoint.com/web/image/product.product/15534/image_1024/%5Bromand%20sweet%20fig%20set%5D%20Volume%20Hack%20Trio%20%28Sweet%20Fig%29?unique=55d672c"
"1784124026-289","https://koreanbeautypoint.com/page/product_brands","https://koreanbeautypoint.com/shop/brands?brand=10","Dewyful Water Tint Muteral Nude Series","Rs 1,800","https://koreanbeautypoint.com/shop/dewyful-water-tint-muteral-nude-series-4573","https://koreanbeautypoint.com/web/image/product.product/8219/image_1024/%5Bromand%2012%20canyon%5D%20Dewyful%20Water%20Tint%20Muteral%20Nude%20Series%20%28Canyon%29?unique=f917555"
"1784124026-290","https://koreanbeautypoint.com/page/product_brands","https://koreanbeautypoint.com/shop/brands?brand=10","Better Than Shape 2 Types","Rs 1,300","https://koreanbeautypoint.com/shop/romand-better-than-shape-01-better-than-shape-2-types-4454","https://koreanbeautypoint.com/web/image/product.product/8064/image_1024/%5Bromand%20better%20than%20shape%2001%5D%20Better%20Than%20Shape%202%20Types?unique=cdcdd5e"
"1784124026-291","https://koreanbeautypoint.com/page/product_brands","https://koreanbeautypoint.com/shop/brands?brand=10","Better Than Contour","Rs 1,500","https://koreanbeautypoint.com/shop/better-than-contour-4451","https://koreanbeautypoint.com/web/image/product.product/8055/image_1024/%5Bromand%20better%20than%20contour%2002%5D%20Better%20Than%20Contour%20%28Gray%20Cool%29?unique=c8ae353"
"1784124026-292","https://koreanbeautypoint.com/page/product_brands","https://koreanbeautypoint.com/shop/brands?brand=10","Better Than Cheek Inapsquare Edition","Rs 1,500","https://koreanbeautypoint.com/shop/romand-better-than-cheek-b03-better-than-cheek-inapsquare-edition-4450","https://koreanbeautypoint.com/web/image/product.product/8054/image_1024/%5Bromand%20better%20than%20cheek%20B03%5D%20Better%20Than%20Cheek%20Inapsquare%20Edition?unique=affe57f"
"1784124026-293","https://koreanbeautypoint.com/page/product_brands","https://koreanbeautypoint.com/shop/brands?brand=10","Juicy Lasting Tint Milk Grocery","Rs 1,800","https://koreanbeautypoint.com/shop/juicy-lasting-tint-milk-grocery-4770","https://koreanbeautypoint.com/web/image/product.product/8521/image_1024/%5Bromand%2028%20bare%20fig%5D%20Juicy%20Lasting%20Tint%20Milk%20Grocery%20%28Bare%20Fig%29?unique=56c6ae4"
"1784124026-294","https://koreanbeautypoint.com/page/product_brands","https://koreanbeautypoint.com/shop/brands?brand=10","Juicy Lasting Tint","Rs 1,800","https://koreanbeautypoint.com/shop/juicy-lasting-tint-4769","https://koreanbeautypoint.com/web/image/product.product/8518/image_1024/%5Bromand%2032%20bare%20berry%20smoothie%5D%20Juicy%20Lasting%20Tint%20%28Bare%20Berry%20Smoothie%29?unique=0384700"
"1784124026-295","https://koreanbeautypoint.com/page/product_brands","https://koreanbeautypoint.com/shop/brands?brand=10","Glasting Color Gloss Spring Fever Edition","Rs 1,800","https://koreanbeautypoint.com/shop/glasting-color-gloss-spring-fever-edition-4651","https://koreanbeautypoint.com/web/image/product.product/8326/image_1024/%5Bromand%2008%20cherry%20up%5D%20Glasting%20Color%20Gloss%20Spring%20Fever%20Edition%20%28Cherry%20Up%29?unique=26764c9"
"1784124026-296","https://koreanbeautypoint.com/page/product_brands","https://koreanbeautypoint.com/shop/brands?brand=10","Zero Matte Lipstick 13 Red Carpet","Rs 2,000","https://koreanbeautypoint.com/shop/romand-matte-lipstick-13-zero-matte-lipstick-13-red-carpet-7678","https://koreanbeautypoint.com/web/image/product.product/11696/image_1024/%5Bromand%20matte%20lipstick%2013%5D%20Zero%20Matte%20Lipstick%2013%20Red%20Carpet?unique=b6afda4"
"1784124026-297","https://koreanbeautypoint.com/page/product_brands","https://koreanbeautypoint.com/shop/brands?brand=10","Juicy Lasting Tint Milk Grocery","Rs 1,800","https://koreanbeautypoint.com/shop/juicy-lasting-tint-milk-grocery-4770","https://koreanbeautypoint.com/web/image/product.product/8521/image_1024/%5Bromand%2028%20bare%20fig%5D%20Juicy%20Lasting%20Tint%20Milk%20Grocery%20%28Bare%20Fig%29?unique=56c6ae4"
"1784124026-298","https://koreanbeautypoint.com/page/product_brands","https://koreanbeautypoint.com/shop/brands?brand=10","Juicy Lasting Tint","Rs 1,800","https://koreanbeautypoint.com/shop/juicy-lasting-tint-4769","https://koreanbeautypoint.com/web/image/product.product/8518/image_1024/%5Bromand%2032%20bare%20berry%20smoothie%5D%20Juicy%20Lasting%20Tint%20%28Bare%20Berry%20Smoothie%29?unique=0384700"
"1784124026-299","https://koreanbeautypoint.com/page/product_brands","https://koreanbeautypoint.com/shop/brands?brand=10","Glasting Color Gloss Spring Fever Edition","Rs 1,800","https://koreanbeautypoint.com/shop/glasting-color-gloss-spring-fever-edition-4651","https://koreanbeautypoint.com/web/image/product.product/8326/image_1024/%5Bromand%2008%20cherry%20up%5D%20Glasting%20Color%20Gloss%20Spring%20Fever%20Edition%20%28Cherry%20Up%29?unique=26764c9"
"1784124026-300","https://koreanbeautypoint.com/page/product_brands","https://koreanbeautypoint.com/shop/brands?brand=10","Zero Matte Lipstick 13 Red Carpet","Rs 2,000","https://koreanbeautypoint.com/shop/romand-matte-lipstick-13-zero-matte-lipstick-13-red-carpet-7678","https://koreanbeautypoint.com/web/image/product.product/11696/image_1024/%5Bromand%20matte%20lipstick%2013%5D%20Zero%20Matte%20Lipstick%2013%20Red%20Carpet?unique=b6afda4"
"1784124035-301","https://koreanbeautypoint.com/page/product_brands","https://koreanbeautypoint.com/shop/brands?brand=4","Hada Labo Gokujyun Premium Lotion 170ml","Rs 2,800","https://koreanbeautypoint.com/shop/hada-labo-gokujyun-lotion-hada-labo-gokujyun-premium-lotion-170ml-4669","https://koreanbeautypoint.com/web/image/product.product/8371/image_1024/%5Bhada%20labo%20gokujyun%20lotion%5D%20Hada%20Labo%20Gokujyun%20Premium%20Lotion%20170ml?unique=97282d4"
"1784124035-302","https://koreanbeautypoint.com/page/product_brands","https://koreanbeautypoint.com/shop/brands?brand=4","Skin Aqua Uv Super Moisture Gel","Rs 2,400","https://koreanbeautypoint.com/shop/skin-aqua-uv-super-moisture-gel-5101","https://koreanbeautypoint.com/web/image/product.product/9049/image_1024/%5Bskin%20aqua%20gel%20spf%20110g%5D%20Skin%20Aqua%20Uv%20Super%20Moisture%20Gel%20%28110g%29?unique=affe57f"
"1784124035-303","https://koreanbeautypoint.com/page/product_brands","https://koreanbeautypoint.com/shop/brands?brand=4","Skin Aqua UV Super Moisture Essence SPF 50+ PA++++ 80g","Rs 2,400","https://koreanbeautypoint.com/shop/skin-aqua-essence-spf-80g-skin-aqua-uv-super-moisture-essence-spf-50-pa-80g-5098","https://koreanbeautypoint.com/web/image/product.product/9046/image_1024/%5Bskin%20aqua%20essence%20spf%2080g%5D%20Skin%20Aqua%20UV%20Super%20Moisture%20Essence%20SPF%2050%2B%20PA%2B%2B%2B%2B%2080g?unique=affe57f"
"1784124035-304","https://koreanbeautypoint.com/page/product_brands","https://koreanbeautypoint.com/shop/brands?brand=4","Pair Acne Cream","Rs 1,200","https://koreanbeautypoint.com/shop/pair-acne-cream-4975","https://koreanbeautypoint.com/web/image/product.product/8874/image_1024/%5Bpair%20acne%20cream%2014g%5D%20Pair%20Acne%20Cream%20%2814g%29?unique=7fe8cc6"
"1784124035-305","https://koreanbeautypoint.com/page/product_brands","https://koreanbeautypoint.com/shop/brands?brand=4","Acne-Pimple Medication","Rs 1,800","https://koreanbeautypoint.com/shop/acne-pimple-medication-4354","https://koreanbeautypoint.com/web/image/product.product/7942/image_1024/%5Boxy%2010%5D%20Acne-Pimple%20Medication%20%28Oxy%2010%29?unique=affe57f"
"1784124035-306","https://koreanbeautypoint.com/page/product_brands","https://koreanbeautypoint.com/shop/brands?brand=4","Hada Labo Shirojyun Premium Whitening Lotion Light Refill","Rs 2,000","https://koreanbeautypoint.com/shop/hada-labo-shirojyun-premium-whitening-lotion-light-refill-4672","https://koreanbeautypoint.com/web/image/product.product/8375/image_1024/%5Bhada%20labo%20whitening%20light%20refill%5D%20Hada%20Labo%20Shirojyun%20Premium%20Whitening%20Lotion%20Light%20Refill%20%28Light%29?unique=affe57f"
"1784124035-307","https://koreanbeautypoint.com/page/product_brands","https://koreanbeautypoint.com/shop/brands?brand=4","Hada Labo Shirojyun Premium Whitening Lotion 2 Types","Rs 2,800","https://koreanbeautypoint.com/shop/hada-labo-shirojyun-premium-whitening-lotion-2-types-4671","https://koreanbeautypoint.com/web/image/product.product/8373/image_1024/%5Bhada%20labo%20whitening%20light%5D%20Hada%20Labo%20Shirojyun%20Premium%20Whitening%20Lotion%202%20Types%20%28Light%29?unique=affe57f"
"1784124035-308","https://koreanbeautypoint.com/page/product_brands","https://koreanbeautypoint.com/shop/brands?brand=4","Hada Labo Gokujyun Premium Hyaluron Lotion Refill 170ml","Rs 2,000","https://koreanbeautypoint.com/shop/hada-labo-gokujyun-lotion-refill-hada-labo-gokujyun-premium-hyaluron-lotion-refill-170ml-4670","https://koreanbeautypoint.com/web/image/product.product/8372/image_1024/%5Bhada%20labo%20gokujyun%20lotion%20refill%5D%20Hada%20Labo%20Gokujyun%20Premium%20Hyaluron%20Lotion%20Refill%20170ml?unique=affe57f"
"1784124035-309","https://koreanbeautypoint.com/page/product_brands","https://koreanbeautypoint.com/shop/brands?brand=4","Hada Labo Gokujyun Premium Emulsion 140ml","Rs 2,800","https://koreanbeautypoint.com/shop/hada-labo-gokujyun-emulsion-hada-labo-gokujyun-premium-emulsion-140ml-4668","https://koreanbeautypoint.com/web/image/product.product/8370/image_1024/%5Bhada%20labo%20gokujyun%20emulsion%5D%20Hada%20Labo%20Gokujyun%20Premium%20Emulsion%20140ml?unique=affe57f"
"1784124035-310","https://koreanbeautypoint.com/page/product_brands","https://koreanbeautypoint.com/shop/brands?brand=4","Skin Aqua Super Moisture UV Mist 60ml","Rs 2,200","https://koreanbeautypoint.com/shop/skin-aqua-uv-mist-skin-aqua-super-moisture-uv-mist-60ml-5100","https://koreanbeautypoint.com/web/image/product.product/9048/image_1024/%5Bskin%20aqua%20uv%20mist%5D%20Skin%20Aqua%20Super%20Moisture%20UV%20Mist%2060ml?unique=affe57f"
"1784124035-311","https://koreanbeautypoint.com/page/product_brands","https://koreanbeautypoint.com/shop/brands?brand=4","Skin Aqua Super Moisture Essence Gold Sunscreen 50++++ 80g","Rs 2,200","https://koreanbeautypoint.com/shop/skin-aqua-gold-spf-80g-skin-aqua-super-moisture-essence-gold-sunscreen-50-80g-5099","https://koreanbeautypoint.com/web/image/product.product/9047/image_1024/%5Bskin%20aqua%20gold%20spf%2080g%5D%20Skin%20Aqua%20Super%20Moisture%20Essence%20Gold%20Sunscreen%2050%2B%2B%2B%2B%2080g?unique=affe57f"
"1784124046-312","https://koreanbeautypoint.com/page/product_brands","https://koreanbeautypoint.com/shop/brands?brand=122","Der. Concentrate Ceramide Plus 30ml","Rs 3,300","https://koreanbeautypoint.com/shop/rnw-ceramide-serum-der-concentrate-ceramide-plus-30ml-5031","https://koreanbeautypoint.com/web/image/product.product/8952/image_1024/%5Brnw%20ceramide%20serum%5D%20Der.%20Concentrate%20Ceramide%20Plus%2030ml?unique=affe57f"
"1784124046-313","https://koreanbeautypoint.com/page/product_brands","https://koreanbeautypoint.com/shop/brands?brand=122","Der. Special Ceramide Mist 100ml","Rs 3,400","https://koreanbeautypoint.com/shop/rnw-ceramide-mist-der-special-ceramide-mist-100ml-5030","https://koreanbeautypoint.com/web/image/product.product/8951/image_1024/%5Brnw%20ceramide%20mist%5D%20Der.%20Special%20Ceramide%20Mist%20100ml?unique=affe57f"
"1784124046-314","https://koreanbeautypoint.com/page/product_brands","https://koreanbeautypoint.com/shop/brands?brand=122","Der. Blanc Shining Arbutin Cream 50g","Rs 4,000","https://koreanbeautypoint.com/shop/rnw-arbutin-cream-der-blanc-shining-arbutin-cream-50g-5029","https://koreanbeautypoint.com/web/image/product.product/8950/image_1024/%5Brnw%20arbutin%20cream%5D%20Der.%20Blanc%20Shining%20Arbutin%20Cream%2050g?unique=affe57f"
"1784124046-315","https://koreanbeautypoint.com/page/product_brands","https://koreanbeautypoint.com/shop/brands?brand=122","Der. Concentrate Adenosine Plus 30ml","Rs 3,600","https://koreanbeautypoint.com/shop/rnw-adenosine-plus-der-concentrate-adenosine-plus-30ml-5028","https://koreanbeautypoint.com/web/image/product.product/8949/image_1024/%5Brnw%20adenosine%20plus%5D%20Der.%20Concentrate%20Adenosine%20Plus%2030ml?unique=affe57f"
"1784124054-316","https://koreanbeautypoint.com/page/product_brands","https://koreanbeautypoint.com/shop/brands?brand=154","Healer Turnover Ampoule 10ml","Rs 2,000","https://koreanbeautypoint.com/shop/rejuran-turnover-ampoule-healer-turnover-ampoule-10ml-7635","https://koreanbeautypoint.com/web/image/product.product/11653/image_1024/%5Brejuran%20turnover%20ampoule%5D%20Healer%20Turnover%20Ampoule%2010ml?unique=1b5a661"
"1784124054-317","https://koreanbeautypoint.com/page/product_brands","https://koreanbeautypoint.com/shop/brands?brand=154","Healer dual effect ampoule 30ml","Rs 5,000","https://koreanbeautypoint.com/shop/rejuran-dual-effect-ampoule-healer-dual-effect-ampoule-30ml-7632","https://koreanbeautypoint.com/web/image/product.product/11650/image_1024/%5Brejuran%20dual%20effect%20ampoule%5D%20Healer%20dual%20effect%20ampoule%2030ml?unique=195a5a7"
"1784124054-318","https://koreanbeautypoint.com/page/product_brands","https://koreanbeautypoint.com/shop/brands?brand=154","Healer Turnover Mask 40ml","Rs 500","https://koreanbeautypoint.com/shop/rejuran-turnover-sheetmask-healer-turnover-mask-40ml-7631","https://koreanbeautypoint.com/web/image/product.product/11649/image_1024/%5Brejuran%20turnover%20sheetmask%5D%20Healer%20Turnover%20Mask%2040ml?unique=affe57f"
"1784124054-319","https://koreanbeautypoint.com/page/product_brands","https://koreanbeautypoint.com/shop/brands?brand=154","Healer Nutritive Cream 50ml","Rs 5,000","https://koreanbeautypoint.com/shop/rejuran-nutritive-cream-healer-nutritive-cream-50ml-7630","https://koreanbeautypoint.com/web/image/product.product/11648/image_1024/%5Brejuran%20nutritive%20cream%5D%20Healer%20Nutritive%20Cream%2050ml?unique=cb36fc5"
"1784124066-320","https://koreanbeautypoint.com/page/product_brands","https://koreanbeautypoint.com/shop/brands?brand=121","Advanced PDRN Repair Cream 20ml","Rs 3,500","https://koreanbeautypoint.com/shop/rejuall-pdrn-cream-advanced-pdrn-repair-cream-20ml-5022","https://koreanbeautypoint.com/web/image/product.product/8937/image_1024/%5Brejuall%20PDRN%20cream%5D%20Advanced%20PDRN%20Repair%20Cream%2020ml?unique=48a77af"
"1784124075-321","https://koreanbeautypoint.com/page/product_brands","https://koreanbeautypoint.com/shop/brands?brand=120","Reusable Cup Case","Rs 1,500","https://koreanbeautypoint.com/shop/rael-cup-case-reusable-cup-case-5017","https://koreanbeautypoint.com/web/image/product.product/8927/image_1024/%5Brael%20cup%20case%5D%20Reusable%20Cup%20Case?unique=affe57f"
"1784124075-322","https://koreanbeautypoint.com/page/product_brands","https://koreanbeautypoint.com/shop/brands?brand=120","Reusable Menstrual Cup -Size 1","Rs 1,500","https://koreanbeautypoint.com/shop/rael-cup-size-1-reusable-menstrual-cup-size-1-5018","https://koreanbeautypoint.com/web/image/product.product/8928/image_1024/%5Brael%20cup%20size%201%5D%20Reusable%20Menstrual%20Cup%20-Size%201?unique=affe57f"
"1784124090-323","https://koreanbeautypoint.com/page/product_brands","https://koreanbeautypoint.com/shop/brands?brand=119","Essence Toner 100ml","Rs 2,600","https://koreanbeautypoint.com/shop/pyungkang-essence-toner-essence-toner-100ml-5016","https://koreanbeautypoint.com/web/image/product.product/8926/image_1024/%5Bpyungkang%20essence%20toner%5D%20Essence%20Toner%20100ml?unique=40de6ad"
"1784124090-324","https://koreanbeautypoint.com/page/product_brands","https://koreanbeautypoint.com/shop/brands?brand=119","1/3 Cotton Pad 160ea","Rs 550","https://koreanbeautypoint.com/shop/pyungkang-cotton-pad-13-cotton-pad-160ea-5015","https://koreanbeautypoint.com/web/image/product.product/8925/image_1024/%5Bpyungkang%20cotton%20pad%5D%201-3%20Cotton%20Pad%20160ea?unique=c5f1752"
"1784124104-325","https://koreanbeautypoint.com/page/product_brands","https://koreanbeautypoint.com/shop/brands?brand=184","TXA 6 Niacinamide 10 Retinal Serum 30ml","Rs 3,300","https://koreanbeautypoint.com/shop/purito-txa-retinol-serum-txa-6-niacinamide-10-retinal-serum-30ml-5011","https://koreanbeautypoint.com/web/image/product.product/8921/image_1024/%5Bpurito%20TXA%20retinol%20serum%5D%20TXA%206%20Niacinamide%2010%20Retinal%20Serum%2030ml?unique=a038375"
"1784124104-326","https://koreanbeautypoint.com/page/product_brands","https://koreanbeautypoint.com/shop/brands?brand=184","Mighty Bamboo Panthenol Cream 100ml","Rs 3,100","https://koreanbeautypoint.com/shop/purito-bamboo-cream-mighty-bamboo-panthenol-cream-100ml-4991","https://koreanbeautypoint.com/web/image/product.product/8901/image_1024/%5Bpurito%20bamboo%20cream%5D%20Mighty%20Bamboo%20Panthenol%20Cream%20100ml?unique=339e199"
"1784124104-327","https://koreanbeautypoint.com/page/product_brands","https://koreanbeautypoint.com/shop/brands?brand=184","Oat-In Calming Gel Cream","Rs 2,800","https://koreanbeautypoint.com/shop/oat-in-calming-gel-cream-5003","https://koreanbeautypoint.com/web/image/product.product/8913/image_1024/%5Bpurito%20oat%20gel%20cream%5D%20Oat-In%20Calming%20Gel%20Cream%20%28100ml%29?unique=3f3a594"
"1784124104-328","https://koreanbeautypoint.com/page/product_brands","https://koreanbeautypoint.com/shop/brands?brand=184","Cica Clearing Bb Cream","Rs 2,300","https://koreanbeautypoint.com/shop/cica-clearing-bb-cream-4501","https://koreanbeautypoint.com/web/image/product.product/8121/image_1024/%5Bpurito%20bb%20cream%2029%5D%20Cica%20Clearing%20Bb%20Cream%20%28Caramel%20Beige%29?unique=d9057e6"
"1784124104-329","https://koreanbeautypoint.com/page/product_brands","https://koreanbeautypoint.com/shop/brands?brand=184","Centella Unscented Serum","Rs 1,700","https://koreanbeautypoint.com/shop/centella-unscented-serum-4497","https://koreanbeautypoint.com/web/image/product.product/8112/image_1024/%5Bpurito%20unscented%20serum%5D%20Centella%20Unscented%20Serum%20%2860ml%29?unique=e00008a"
"1784124104-330","https://koreanbeautypoint.com/page/product_brands","https://koreanbeautypoint.com/shop/brands?brand=184","Sun Day Adventure Sunscreen 50ml","Rs 2,650","https://koreanbeautypoint.com/shop/purito-sunday-spf-sun-day-adventure-sunscreen-50ml-5010","https://koreanbeautypoint.com/web/image/product.product/8920/image_1024/%5Bpurito%20sunday%20spf%5D%20Sun%20Day%20Adventure%20Sunscreen%2050ml?unique=d9057e6"
"1784124104-331","https://koreanbeautypoint.com/page/product_brands","https://koreanbeautypoint.com/shop/brands?brand=184","Daily Soft Touch Sunscreen Stick 20g","Rs 2,600","https://koreanbeautypoint.com/shop/purito-soft-touch-sunstick-daily-soft-touch-sunscreen-stick-20g-5008","https://koreanbeautypoint.com/web/image/product.product/8918/image_1024/%5Bpurito%20soft%20touch%20sunstick%5D%20Daily%20Soft%20Touch%20Sunscreen%20Stick%2020g?unique=52f75a0"
"1784124104-332","https://koreanbeautypoint.com/page/product_brands","https://koreanbeautypoint.com/shop/brands?brand=184","Daily Soft Touch Sunscreen 60ml","Rs 2,690","https://koreanbeautypoint.com/shop/purito-soft-touch-spf-daily-soft-touch-sunscreen-60ml-5006","https://koreanbeautypoint.com/web/image/product.product/8916/image_1024/%5Bpurito%20soft%20touch%20spf%5D%20Daily%20Soft%20Touch%20Sunscreen%2060ml?unique=320408b"
"1784124104-333","https://koreanbeautypoint.com/page/product_brands","https://koreanbeautypoint.com/shop/brands?brand=184","Pure Vitamin C Serum 60ml","Rs 3,100","https://koreanbeautypoint.com/shop/purito-pure-vita-c-serum-pure-vitamin-c-serum-60ml-5005","https://koreanbeautypoint.com/web/image/product.product/8915/image_1024/%5Bpurito%20pure%20vita%20c%20serum%5D%20Pure%20Vitamin%20C%20Serum%2060ml?unique=057645f"
"1784124104-334","https://koreanbeautypoint.com/page/product_brands","https://koreanbeautypoint.com/shop/brands?brand=184","Oat PDRN Gentle Refining Toner 200ml","Rs 3,300","https://koreanbeautypoint.com/shop/purito-oat-pdrn-toner-oat-pdrn-gentle-refining-toner-200ml-5004","https://koreanbeautypoint.com/web/image/product.product/8914/image_1024/%5Bpurito%20oat%20PDRN%20toner%5D%20Oat%20PDRN%20Gentle%20Refining%20Toner%20200ml?unique=f5acfed"
"1784124104-335","https://koreanbeautypoint.com/page/product_brands","https://koreanbeautypoint.com/shop/brands?brand=184","Oat In Gentle Exfoliating Cleanser 150ml","Rs 2,700","https://koreanbeautypoint.com/shop/purito-oat-cleanser-oat-in-gentle-exfoliating-cleanser-150ml-5002","https://koreanbeautypoint.com/web/image/product.product/8912/image_1024/%5Bpurito%20oat%20cleanser%5D%20Oat%20In%20Gentle%20Exfoliating%20Cleanser%20150ml?unique=433b209"
"1784124104-336","https://koreanbeautypoint.com/page/product_brands","https://koreanbeautypoint.com/shop/brands?brand=184","Galacto Niacin 97 Power Essence 60ml","Rs 3,000","https://koreanbeautypoint.com/shop/purito-galacto-niacin-essence-galacto-niacin-97-power-essence-60ml-4997","https://koreanbeautypoint.com/web/image/product.product/8907/image_1024/%5Bpurito%20galacto%20niacin%20essence%5D%20Galacto%20Niacin%2097%20Power%20Essence%2060ml?unique=d9057e6"
"1784124104-337","https://koreanbeautypoint.com/page/product_brands","https://koreanbeautypoint.com/shop/brands?brand=184","Luminous Ceramide Moisturizer 100ml","Rs 3,300","https://koreanbeautypoint.com/shop/purito-ceramide-cream-luminous-ceramide-moisturizer-100ml-4994","https://koreanbeautypoint.com/web/image/product.product/8904/image_1024/%5Bpurito%20ceramide%20cream%5D%20Luminous%20Ceramide%20Moisturizer%20100ml?unique=d9057e6"
"1784124104-338","https://koreanbeautypoint.com/page/product_brands","https://koreanbeautypoint.com/shop/brands?brand=184","Mighty Bamboo Panthenol Serum - 30ml","Rs 3,000","https://koreanbeautypoint.com/shop/purito-bamboo-serum-mighty-bamboo-panthenol-serum-30ml-4993","https://koreanbeautypoint.com/web/image/product.product/8903/image_1024/%5Bpurito%20bamboo%20serum%5D%20Mighty%20Bamboo%20Panthenol%20Serum%20-%2030ml?unique=20d33cd"
"1784124104-339","https://koreanbeautypoint.com/page/product_brands","https://koreanbeautypoint.com/shop/brands?brand=184","Azelaic Acid 10 Kojic Teatree Serum 30ml","Rs 3,300","https://koreanbeautypoint.com/shop/purito-az-kojic-serum-azelaic-acid-10-kojic-teatree-serum-30ml-4989","https://koreanbeautypoint.com/web/image/product.product/8899/image_1024/%5Bpurito%20az%20kojic%20serum%5D%20Azelaic%20Acid%2010%20Kojic%20Teatree%20Serum%2030ml?unique=433b209"
"1784124104-340","https://koreanbeautypoint.com/page/product_brands","https://koreanbeautypoint.com/shop/brands?brand=184","Centella Unscented Toner 200ml","Rs 3,300","https://koreanbeautypoint.com/shop/purito-unscented-toner-centella-unscented-toner-200ml-5014","https://koreanbeautypoint.com/web/image/product.product/8924/image_1024/%5Bpurito%20unscented%20toner%5D%20Centella%20Unscented%20Toner%20200ml?unique=362f7a4"
"1784124104-341","https://koreanbeautypoint.com/page/product_brands","https://koreanbeautypoint.com/shop/brands?brand=184","Wonder Releaf Centella Cream Unscented 50ml","Rs 2,600","https://koreanbeautypoint.com/shop/purito-unscented-cream-wonder-releaf-centella-cream-unscented-50ml-5012","https://koreanbeautypoint.com/web/image/product.product/8922/image_1024/%5Bpurito%20unscented%20cream%5D%20Wonder%20Releaf%20Centella%20Cream%20Unscented%2050ml?unique=d9057e6"
"1784124104-342","https://koreanbeautypoint.com/page/product_brands","https://koreanbeautypoint.com/shop/brands?brand=184","From Green Deep Foaming Cleanser 150ml","Rs 1,800","https://koreanbeautypoint.com/shop/purito-green-foam-from-green-deep-foaming-cleanser-150ml-5001","https://koreanbeautypoint.com/web/image/product.product/8911/image_1024/%5Bpurito%20green%20foam%5D%20From%20Green%20Deep%20Foaming%20Cleanser%20150ml?unique=d9057e6"
"1784124104-343","https://koreanbeautypoint.com/page/product_brands","https://koreanbeautypoint.com/shop/brands?brand=184","From Green Cleansing Oil Refill Only 200ml","Rs 2,300","https://koreanbeautypoint.com/shop/purito-green-co-refill-from-green-cleansing-oil-refill-only-200ml-5000","https://koreanbeautypoint.com/web/image/product.product/8910/image_1024/%5Bpurito%20green%20co%20refill%5D%20From%20Green%20Cleansing%20Oil%20Refill%20Only%20200ml?unique=d9057e6"
"1784124104-344","https://koreanbeautypoint.com/page/product_brands","https://koreanbeautypoint.com/shop/brands?brand=184","From Green Cleansing Oil 200ml","Rs 2,600","https://koreanbeautypoint.com/shop/purito-green-co-from-green-cleansing-oil-200ml-4999","https://koreanbeautypoint.com/web/image/product.product/8909/image_1024/%5Bpurito%20green%20co%5D%20From%20Green%20Cleansing%20Oil%20200ml?unique=d9057e6"
"1784124104-345","https://koreanbeautypoint.com/page/product_brands","https://koreanbeautypoint.com/shop/brands?brand=184","Wonder Releaf Centella Cream Unscented 50ml","Rs 2,600","https://koreanbeautypoint.com/shop/purito-unscented-cream-wonder-releaf-centella-cream-unscented-50ml-5012","https://koreanbeautypoint.com/web/image/product.product/8922/image_1024/%5Bpurito%20unscented%20cream%5D%20Wonder%20Releaf%20Centella%20Cream%20Unscented%2050ml?unique=d9057e6"
"1784124104-346","https://koreanbeautypoint.com/page/product_brands","https://koreanbeautypoint.com/shop/brands?brand=184","From Green Deep Foaming Cleanser 150ml","Rs 1,800","https://koreanbeautypoint.com/shop/purito-green-foam-from-green-deep-foaming-cleanser-150ml-5001","https://koreanbeautypoint.com/web/image/product.product/8911/image_1024/%5Bpurito%20green%20foam%5D%20From%20Green%20Deep%20Foaming%20Cleanser%20150ml?unique=d9057e6"
"1784124104-347","https://koreanbeautypoint.com/page/product_brands","https://koreanbeautypoint.com/shop/brands?brand=184","From Green Cleansing Oil Refill Only 200ml","Rs 2,300","https://koreanbeautypoint.com/shop/purito-green-co-refill-from-green-cleansing-oil-refill-only-200ml-5000","https://koreanbeautypoint.com/web/image/product.product/8910/image_1024/%5Bpurito%20green%20co%20refill%5D%20From%20Green%20Cleansing%20Oil%20Refill%20Only%20200ml?unique=d9057e6"
"1784124104-348","https://koreanbeautypoint.com/page/product_brands","https://koreanbeautypoint.com/shop/brands?brand=184","From Green Cleansing Oil 200ml","Rs 2,600","https://koreanbeautypoint.com/shop/purito-green-co-from-green-cleansing-oil-200ml-4999","https://koreanbeautypoint.com/web/image/product.product/8909/image_1024/%5Bpurito%20green%20co%5D%20From%20Green%20Cleansing%20Oil%20200ml?unique=d9057e6"
"1784124104-349","https://koreanbeautypoint.com/page/product_brands","https://koreanbeautypoint.com/shop/brands?brand=184","Daily Go-To Sunscreen SPF50+/PA++++ 60ml","Rs 2,700","https://koreanbeautypoint.com/shop/purito-go-to-spf-daily-go-to-sunscreen-spf50pa-60ml-4998","https://koreanbeautypoint.com/web/image/product.product/8908/image_1024/%5Bpurito%20go%20to%20spf%5D%20Daily%20Go-To%20Sunscreen%20SPF50%2B-PA%2B%2B%2B%2B%2060ml?unique=d9057e6"
"1784124104-350","https://koreanbeautypoint.com/page/product_brands","https://koreanbeautypoint.com/shop/brands?brand=184","Hydro Wave Deep Sea Cream 50ml","Rs 2,800","https://koreanbeautypoint.com/shop/purito-deep-sea-cream-hydro-wave-deep-sea-cream-50ml-4996","https://koreanbeautypoint.com/web/image/product.product/8906/image_1024/%5Bpurito%20deep%20sea%20cream%5D%20Hydro%20Wave%20Deep%20Sea%20Cream%2050ml?unique=d9057e6"
"1784124104-351","https://koreanbeautypoint.com/page/product_brands","https://koreanbeautypoint.com/shop/brands?brand=184","Wonder Releaf Centella Daily Sun Lotion 60ml","Rs 2,600","https://koreanbeautypoint.com/shop/purito-daily-sun-lotion-wonder-releaf-centella-daily-sun-lotion-60ml-4995","https://koreanbeautypoint.com/web/image/product.product/8905/image_1024/%5Bpurito%20daily%20sun%20lotion%5D%20Wonder%20Releaf%20Centella%20Daily%20Sun%20Lotion%2060ml?unique=d9057e6"
"1784124104-352","https://koreanbeautypoint.com/page/product_brands","https://koreanbeautypoint.com/shop/brands?brand=184","Mighty Bamboo Panthenol Cleanser 150ml","Rs 2,190","https://koreanbeautypoint.com/shop/purito-bamboo-cleanser-mighty-bamboo-panthenol-cleanser-150ml-4990","https://koreanbeautypoint.com/web/image/product.product/8900/image_1024/%5Bpurito%20bamboo%20cleanser%5D%20Mighty%20Bamboo%20Panthenol%20Cleanser%20150ml?unique=433b209"
"1784124113-353","https://koreanbeautypoint.com/page/product_brands","https://koreanbeautypoint.com/shop/brands?brand=118","Dry Essence Hand Pack 1 Pair","Rs 500","https://koreanbeautypoint.com/shop/petitfee-hand-pack-dry-essence-hand-pack-1-pair-4984","https://koreanbeautypoint.com/web/image/product.product/8886/image_1024/%5Bpetitfee%20hand%20pack%5D%20Dry%20Essence%20Hand%20Pack%201%20Pair?unique=affe57f"
"1784124113-354","https://koreanbeautypoint.com/page/product_brands","https://koreanbeautypoint.com/shop/brands?brand=118","Dry Essence Foot Pack 1pair - 1 Pack","Rs 500","https://koreanbeautypoint.com/shop/petitfee-foot-pack-dry-essence-foot-pack-1pair-1-pack-4983","https://koreanbeautypoint.com/web/image/product.product/8885/image_1024/%5Bpetitfee%20foot%20pack%5D%20Dry%20Essence%20Foot%20Pack%201pair%20-%201%20Pack?unique=affe57f"
"1784124122-355","https://koreanbeautypoint.com/page/product_brands","https://koreanbeautypoint.com/shop/brands?brand=117","Baby Collagen Glow Mask 70ml","Rs 5,000","https://koreanbeautypoint.com/shop/pestlo-collagen-wrap-baby-collagen-glow-mask-70ml-4982","https://koreanbeautypoint.com/web/image/product.product/8884/image_1024/%5Bpestlo%20collagen%20wrap%5D%20Baby%20Collagen%20Glow%20Mask%2070ml?unique=affe57f"
"1784124130-356","https://koreanbeautypoint.com/page/product_brands","https://koreanbeautypoint.com/shop/brands?brand=28","Ink Velvet","Rs 1,500","https://koreanbeautypoint.com/shop/ink-velvet-4729","https://koreanbeautypoint.com/web/image/product.product/8472/image_1024/%5Bperipera%20ink%20velvet%20no.15%5D%20Ink%20Velvet%20%28Beauty%20peak%20rose%29?unique=e11cfa4"
"1784124130-357","https://koreanbeautypoint.com/page/product_brands","https://koreanbeautypoint.com/shop/brands?brand=28","Ink V Shading","Rs 2,000","https://koreanbeautypoint.com/shop/ink-v-shading-4728","https://koreanbeautypoint.com/web/image/product.product/8470/image_1024/%5Bperipera%20v%20shading%2002%5D%20Ink%20V%20Shading%20%28Deep%20Brown%29?unique=affe57f"
"1784124146-358","https://koreanbeautypoint.com/page/product_brands","https://koreanbeautypoint.com/shop/brands?brand=162","Cicamanu Serum Cushion 25N ratan","Rs 3,600","https://koreanbeautypoint.com/shop/parnell-cicamanu-cushion-25n-cicamanu-serum-cushion-25n-ratan-7677","https://koreanbeautypoint.com/web/image/product.product/11695/image_1024/%5Bparnell%20cicamanu%20cushion%2025n%5D%20Cicamanu%20Serum%20Cushion%2025N%20ratan?unique=2498971"
"1784124154-359","https://koreanbeautypoint.com/page/product_brands","https://koreanbeautypoint.com/shop/brands?brand=115","Holy Basil Bubble Deep Mask","Rs 3,000","https://koreanbeautypoint.com/shop/pcalm-basil-bubble-mask-holy-basil-bubble-deep-mask-4976","https://koreanbeautypoint.com/web/image/product.product/8876/image_1024/%5Bpcalm%20basil%20bubble%20mask%5D%20Holy%20Basil%20Bubble%20Deep%20Mask?unique=f9fde92"
"1784124154-360","https://koreanbeautypoint.com/page/product_brands","https://koreanbeautypoint.com/shop/brands?brand=115","Cato Cream 80ml","Rs 2,750","https://koreanbeautypoint.com/shop/pcalm-cato-cream-cato-cream-80ml-7676","https://koreanbeautypoint.com/web/image/product.product/11694/image_1024/%5Bpcalm%20cato%20cream%5D%20Cato%20Cream%2080ml?unique=e0013c5"
"1784124154-361","https://koreanbeautypoint.com/page/product_brands","https://koreanbeautypoint.com/shop/brands?brand=115","Light Active Cream 40g","Rs 2,000","https://koreanbeautypoint.com/shop/pcalm-light-active-cream-light-active-cream-40g-4977","https://koreanbeautypoint.com/web/image/product.product/8877/image_1024/%5Bpcalm%20light%20active%20cream%5D%20Light%20Active%20Cream%2040g?unique=affe57f"
"1784124165-362","https://koreanbeautypoint.com/page/product_brands","https://koreanbeautypoint.com/shop/brands?brand=114","Camellia Oil 40ml","Rs 2,600","https://koreanbeautypoint.com/shop/oshima-camellia-oil-camellia-oil-40ml-4974","https://koreanbeautypoint.com/web/image/product.product/8873/image_1024/%5Boshima%20camellia%20oil%5D%20Camellia%20Oil%2040ml?unique=affe57f"
"1784124176-363","https://koreanbeautypoint.com/page/product_brands","https://koreanbeautypoint.com/shop/brands?brand=113","Mugwort Collagen Pore Serum 30ml","Rs 3,000","https://koreanbeautypoint.com/shop/orien-mugwort-pore-serum-mugwort-collagen-pore-serum-30ml-4972","https://koreanbeautypoint.com/web/image/product.product/8871/image_1024/%5Borien%20mugwort%20pore%20serum%5D%20Mugwort%20Collagen%20Pore%20Serum%2030ml?unique=ab82411"
"1784124176-364","https://koreanbeautypoint.com/page/product_brands","https://koreanbeautypoint.com/shop/brands?brand=113","Mugwort Soothe In Toner 160ml","Rs 3,300","https://koreanbeautypoint.com/shop/orien-mugwort-toner-mugwort-soothe-in-toner-160ml-4973","https://koreanbeautypoint.com/web/image/product.product/8872/image_1024/%5Borien%20mugwort%20toner%5D%20Mugwort%20Soothe%20In%20Toner%20160ml?unique=8bdfa6f"
"1784124185-365","https://koreanbeautypoint.com/page/product_brands","https://koreanbeautypoint.com/shop/brands?brand=111","Water Glow Derma Sun Cream 50ml","Rs 3,000","https://koreanbeautypoint.com/shop/ootd-derma-spf-water-glow-derma-sun-cream-50ml-4967","https://koreanbeautypoint.com/web/image/product.product/8866/image_1024/%5Bootd%20derma%20spf%5D%20Water%20Glow%20Derma%20Sun%20Cream%2050ml?unique=affe57f"
"1784124185-366","https://koreanbeautypoint.com/page/product_brands","https://koreanbeautypoint.com/shop/brands?brand=111","Water Glow Tone-Up Sun Cream 50ml","Rs 3,000","https://koreanbeautypoint.com/shop/ootd-toneup-spf-water-glow-tone-up-sun-cream-50ml-4969","https://koreanbeautypoint.com/web/image/product.product/8868/image_1024/%5Bootd%20toneup%20spf%5D%20Water%20Glow%20Tone-Up%20Sun%20Cream%2050ml?unique=affe57f"
"1784124185-367","https://koreanbeautypoint.com/page/product_brands","https://koreanbeautypoint.com/shop/brands?brand=111","Star Spot Patch 80 Patches","Rs 1,300","https://koreanbeautypoint.com/shop/ootd-star-patch-star-spot-patch-80-patches-4968","https://koreanbeautypoint.com/web/image/product.product/8867/image_1024/%5Bootd%20star%20patch%5D%20Star%20Spot%20Patch%2080%20Patches?unique=6c7f3b8"
"1784124193-368","https://koreanbeautypoint.com/page/product_brands","https://koreanbeautypoint.com/shop/brands?brand=110","Skin Barrier Calming Lotion 220ml","Rs 3,150","https://koreanbeautypoint.com/shop/ongredients-barrier-calming-lotion-skin-barrier-calming-lotion-220ml-4964","https://koreanbeautypoint.com/web/image/product.product/8863/image_1024/%5Bongredients%20barrier%20calming%20lotion%5D%20Skin%20Barrier%20Calming%20Lotion%20220ml?unique=195a5a7"
"1784124193-369","https://koreanbeautypoint.com/page/product_brands","https://koreanbeautypoint.com/shop/brands?brand=110","Skin Barrier Calming Lotion EX","Rs 2,000","https://koreanbeautypoint.com/shop/ongredients-lotion-80ml-skin-barrier-calming-lotion-ex-8730","https://koreanbeautypoint.com/web/image/product.product/15488/image_1024/%5Bongredients%20lotion%2080ml%5D%20Skin%20Barrier%20Calming%20Lotion%20EX?unique=55d672c"
"1784124193-370","https://koreanbeautypoint.com/page/product_brands","https://koreanbeautypoint.com/shop/brands?brand=110","Slow Aging Cream 50ml","Rs 2,600","https://koreanbeautypoint.com/shop/ongredients-slow-aging-cream-slow-aging-cream-50ml-4966","https://koreanbeautypoint.com/web/image/product.product/8865/image_1024/%5Bongredients%20slow%20aging%20cream%5D%20Slow%20Aging%20Cream%2050ml?unique=affe57f"
"1784124193-371","https://koreanbeautypoint.com/page/product_brands","https://koreanbeautypoint.com/shop/brands?brand=110","Cera Calming Serum 50ml","Rs 2,600","https://koreanbeautypoint.com/shop/ongredients-cera-serum-cera-calming-serum-50ml-4965","https://koreanbeautypoint.com/web/image/product.product/8864/image_1024/%5Bongredients%20cera%20serum%5D%20Cera%20Calming%20Serum%2050ml?unique=affe57f"
"1784124204-372","https://koreanbeautypoint.com/page/product_brands","https://koreanbeautypoint.com/shop/brands?brand=55","Glutathione White Film 320mg X 30 Films","Rs 4,000","https://koreanbeautypoint.com/shop/bb-lab-glutathione-film-glutathione-white-film-320mg-x-30-films-4447","https://koreanbeautypoint.com/web/image/product.product/8051/image_1024/%5Bbb%20lab%20glutathione%20film%5D%20Glutathione%20White%20Film%20320mg%20X%2030%20Films?unique=affe57f"
"1784124204-373","https://koreanbeautypoint.com/page/product_brands","https://koreanbeautypoint.com/shop/brands?brand=55","BB Lab The Collagen Double Care 30 Sticks","Rs 4,500","https://koreanbeautypoint.com/shop/bb-lab-collagen-double-care-bb-lab-the-collagen-double-care-30-sticks-4444","https://koreanbeautypoint.com/web/image/product.product/8048/image_1024/%5Bbb%20lab%20collagen%20double%20care%5D%20BB%20Lab%20The%20Collagen%20Double%20Care%2030%20Sticks?unique=affe57f"
"1784124204-374","https://koreanbeautypoint.com/page/product_brands","https://koreanbeautypoint.com/shop/brands?brand=55","BB Lab Goodnight Low Molecular Collagen 30 Sticks","Rs 4,200","https://koreanbeautypoint.com/shop/bb-lab-collagen-stick-bb-lab-goodnight-low-molecular-collagen-30-sticks-4446","https://koreanbeautypoint.com/web/image/product.product/8050/image_1024/%5Bbb%20lab%20collagen%20stick%5D%20BB%20Lab%20Goodnight%20Low%20Molecular%20Collagen%2030%20Sticks?unique=1fef153"
"1784124204-375","https://koreanbeautypoint.com/page/product_brands","https://koreanbeautypoint.com/shop/brands?brand=55","BB Lab Low Molecular Collagen Glutathione White 2g Sticks","Rs 4,000","https://koreanbeautypoint.com/shop/bb-lab-collagen-glutathione-stick-bb-lab-low-molecular-collagen-glutathione-white-2g-sticks-4445","https://koreanbeautypoint.com/web/image/product.product/8049/image_1024/%5Bbb%20lab%20collagen%20glutathione%20stick%5D%20BB%20Lab%20Low%20Molecular%20Collagen%20Glutathione%20White%202g%20Sticks?unique=affe57f"
"1784124216-376","https://koreanbeautypoint.com/page/product_brands","https://koreanbeautypoint.com/shop/brands?brand=109","No.9 NAD Bio Lifting-sil Full Face Mask","Rs 800","https://koreanbeautypoint.com/shop/no9-nad-bio-mask-no9-nad-bio-lifting-sil-full-face-mask-4957","https://koreanbeautypoint.com/web/image/product.product/8847/image_1024/%5Bno.9%20NAD%20bio%20mask%5D%20No.9%20NAD%20Bio%20Lifting-sil%20Full%20Face%20Mask?unique=f896885"
"1784124216-377","https://koreanbeautypoint.com/page/product_brands","https://koreanbeautypoint.com/shop/brands?brand=109","No.5 Vitamin Boosting Essence Toner 200ml","Rs 3,500","https://koreanbeautypoint.com/shop/no5-vita-boosting-toner-no5-vitamin-boosting-essence-toner-200ml-4954","https://koreanbeautypoint.com/web/image/product.product/8844/image_1024/%5Bno.5%20vita%20boosting%20toner%5D%20No.5%20Vitamin%20Boosting%20Essence%20Toner%20200ml?unique=8f8778c"
"1784124216-378","https://koreanbeautypoint.com/page/product_brands","https://koreanbeautypoint.com/shop/brands?brand=109","No.5+ Vitamin Glutathione Dark Spot Laser Cream 50ml","Rs 4,500","https://koreanbeautypoint.com/shop/no5-glutathione-laser-cream-no5-vitamin-glutathione-dark-spot-laser-cream-50ml-4952","https://koreanbeautypoint.com/web/image/product.product/8842/image_1024/%5Bno.5%20glutathione%20laser%20cream%5D%20No.5%2B%20Vitamin%20Glutathione%20Dark%20Spot%20Laser%20Cream%2050ml?unique=f5acfed"
"1784124216-379","https://koreanbeautypoint.com/page/product_brands","https://koreanbeautypoint.com/shop/brands?brand=109","No.5 Vitamin Concentrated Serum 30ml","Rs 3,600","https://koreanbeautypoint.com/shop/no5-concentrated-serum-no5-vitamin-concentrated-serum-30ml-4951","https://koreanbeautypoint.com/web/image/product.product/8841/image_1024/%5Bno.5%20concentrated%20serum%5D%20No.5%20Vitamin%20Concentrated%20Serum%2030ml?unique=2df287d"
"1784124216-380","https://koreanbeautypoint.com/page/product_brands","https://koreanbeautypoint.com/shop/brands?brand=109","No.5 Vitamin-Niacinamide Concentrated Pad 70 Pads","Rs 4,000","https://koreanbeautypoint.com/shop/no5-concentrated-pad-no5-vitamin-niacinamide-concentrated-pad-70-pads-4950","https://koreanbeautypoint.com/web/image/product.product/8840/image_1024/%5Bno.5%20concentrated%20pad%5D%20No.5%20Vitamin-Niacinamide%20Concentrated%20Pad%2070%20Pads?unique=e443f8c"
"1784124216-381","https://koreanbeautypoint.com/page/product_brands","https://koreanbeautypoint.com/shop/brands?brand=109","No.5 Glutathione TXA Advanced Dark Spot Ampoule Concentrate 10.7g","Rs 4,000","https://koreanbeautypoint.com/shop/no5-ampoule-concentrate-no5-glutathione-txa-advanced-dark-spot-ampoule-concentrate-107g-4949","https://koreanbeautypoint.com/web/image/product.product/8839/image_1024/%5Bno.5%20ampoule%20concentrate%5D%20No.5%20Glutathione%20TXA%20Advanced%20Dark%20Spot%20Ampoule%20Concentrate%2010.7g?unique=433b209"
"1784124216-382","https://koreanbeautypoint.com/page/product_brands","https://koreanbeautypoint.com/shop/brands?brand=109","No.3 Skin Softening Serum 50ml","Rs 3,300","https://koreanbeautypoint.com/shop/no3-softening-serum-no3-skin-softening-serum-50ml-4947","https://koreanbeautypoint.com/web/image/product.product/8837/image_1024/%5Bno.3%20softening%20serum%5D%20No.3%20Skin%20Softening%20Serum%2050ml?unique=affe57f"
"1784124216-383","https://koreanbeautypoint.com/page/product_brands","https://koreanbeautypoint.com/shop/brands?brand=109","No.3 Blue Bio-Retinol Pore Refining Serum 30ml","Rs 4,200","https://koreanbeautypoint.com/shop/no3-blue-retinol-serum-no3-blue-bio-retinol-pore-refining-serum-30ml-4945","https://koreanbeautypoint.com/web/image/product.product/8835/image_1024/%5Bno.3%20blue%20retinol%20serum%5D%20No.3%20Blue%20Bio-Retinol%20Pore%20Refining%20Serum%2030ml?unique=20d33cd"
"1784124216-384","https://koreanbeautypoint.com/page/product_brands","https://koreanbeautypoint.com/shop/brands?brand=109","No.2 Rose PDRN Collagen Plumping Serum 30ml","Rs 3,800","https://koreanbeautypoint.com/shop/no2-rose-pdrn-serum-no2-rose-pdrn-collagen-plumping-serum-30ml-4944","https://koreanbeautypoint.com/web/image/product.product/8834/image_1024/%5Bno.2%20rose%20PDRN%20serum%5D%20No.2%20Rose%20PDRN%20Collagen%20Plumping%20Serum%2030ml?unique=affe57f"
"1784124216-385","https://koreanbeautypoint.com/page/product_brands","https://koreanbeautypoint.com/shop/brands?brand=109","No.1 Pantothenic B5 Active Soothing Serum 50ml","Rs 3,300","https://koreanbeautypoint.com/shop/no1-pantothenic-serum-no1-pantothenic-b5-active-soothing-serum-50ml-4941","https://koreanbeautypoint.com/web/image/product.product/8831/image_1024/%5Bno.1%20pantothenic%20serum%5D%20No.1%20Pantothenic%20B5%20Active%20Soothing%20Serum%2050ml?unique=f5acfed"
"1784124216-386","https://koreanbeautypoint.com/page/product_brands","https://koreanbeautypoint.com/shop/brands?brand=109","No.1 Pantothenic B5 Hyaluronic Active Clear Mask","Rs 400","https://koreanbeautypoint.com/shop/no1-pantothenic-mask-no1-pantothenic-b5-hyaluronic-active-clear-mask-4940","https://koreanbeautypoint.com/web/image/product.product/8830/image_1024/%5Bno.1%20pantothenic%20mask%5D%20No.1%20Pantothenic%20B5%20Hyaluronic%20Active%20Clear%20Mask?unique=f896885"
"1784124216-387","https://koreanbeautypoint.com/page/product_brands","https://koreanbeautypoint.com/shop/brands?brand=109","No.1 Pantothenic B5 Active Soothing Cream 80ml","Rs 3,300","https://koreanbeautypoint.com/shop/no1-pantothenic-cream-no1-pantothenic-b5-active-soothing-cream-80ml-4939","https://koreanbeautypoint.com/web/image/product.product/8829/image_1024/%5Bno.1%20pantothenic%20cream%5D%20No.1%20Pantothenic%20B5%20Active%20Soothing%20Cream%2080ml?unique=195a5a7"
"1784124216-388","https://koreanbeautypoint.com/page/product_brands","https://koreanbeautypoint.com/shop/brands?brand=109","No.1 Pure-Full Calming Herb Toner 300ml","Rs 3,300","https://koreanbeautypoint.com/shop/no1-herb-toner-no1-pure-full-calming-herb-toner-300ml-4938","https://koreanbeautypoint.com/web/image/product.product/8828/image_1024/%5Bno.1%20herb%20toner%5D%20No.1%20Pure-Full%20Calming%20Herb%20Toner%20300ml?unique=8f8778c"
"1784124216-389","https://koreanbeautypoint.com/page/product_brands","https://koreanbeautypoint.com/shop/brands?brand=109","No.1 Clear Filter Sun Essence 50ml","Rs 2,800","https://koreanbeautypoint.com/shop/no1-clear-filter-spf-no1-clear-filter-sun-essence-50ml-4937","https://koreanbeautypoint.com/web/image/product.product/8827/image_1024/%5Bno.1%20clear%20filter%20spf%5D%20No.1%20Clear%20Filter%20Sun%20Essence%2050ml?unique=f896885"
"1784124216-390","https://koreanbeautypoint.com/page/product_brands","https://koreanbeautypoint.com/shop/brands?brand=109","No. 3 Tingle-Pore Softening Sheet Mask 27ml","Rs 320","https://koreanbeautypoint.com/shop/no3-tingle-pore-sheetmask-no-3-tingle-pore-softening-sheet-mask-27ml-7699","https://koreanbeautypoint.com/web/image/product.product/11717/image_1024/%5Bno.3%20tingle%20pore%20sheetmask%5D%20No.%203%20Tingle-Pore%20Softening%20Sheet%20Mask%2027ml?unique=433b209"
"1784124216-391","https://koreanbeautypoint.com/page/product_brands","https://koreanbeautypoint.com/shop/brands?brand=109","No.5+ Glutathione Vitamin Concentrated Mask 25ml","Rs 350","https://koreanbeautypoint.com/shop/no5-glutathione-sheetmask-no5-glutathione-vitamin-concentrated-mask-25ml-7698","https://koreanbeautypoint.com/web/image/product.product/11716/image_1024/%5Bno.5%20glutathione%20sheetmask%5D%20No.5%2B%20Glutathione%20Vitamin%20Concentrated%20Mask%2025ml?unique=320408b"
"1784124216-392","https://koreanbeautypoint.com/page/product_brands","https://koreanbeautypoint.com/shop/brands?brand=109","No.9 NAD+ Collagen Under Eye Patches","Rs 2,000","https://koreanbeautypoint.com/shop/no9-nad-eye-patches-no9-nad-collagen-under-eye-patches-7628","https://koreanbeautypoint.com/web/image/product.product/11646/image_1024/%5Bno.9%20NAD%20eye%20patches%5D%20No.9%20NAD%2B%20Collagen%20Under%20Eye%20Patches?unique=ae084d6"
"1784124216-393","https://koreanbeautypoint.com/page/product_brands","https://koreanbeautypoint.com/shop/brands?brand=109","No.9 NAD+ Retinol Volumetox Eye Cream 10ml","Rs 2,600","https://koreanbeautypoint.com/shop/no9-nad-retinol-eyecream-no9-nad-retinol-volumetox-eye-cream-10ml-7700","https://koreanbeautypoint.com/web/image/product.product/11718/image_1024/%5Bno.9%20NAD%20retinol%20eyecream%5D%20No.9%20NAD%2B%20Retinol%20Volumetox%20Eye%20Cream%2010ml?unique=f8b18a3"
"1784124216-394","https://koreanbeautypoint.com/page/product_brands","https://koreanbeautypoint.com/shop/brands?brand=109","No.9 NAD Bio Lifting Essence 50ml","Rs 4,500","https://koreanbeautypoint.com/shop/no9-nad-bio-essence-no9-nad-bio-lifting-essence-50ml-4956","https://koreanbeautypoint.com/web/image/product.product/8846/image_1024/%5Bno.9%20NAD%20bio%20essence%5D%20No.9%20NAD%20Bio%20Lifting%20Essence%2050ml?unique=affe57f"
"1784124216-395","https://koreanbeautypoint.com/page/product_brands","https://koreanbeautypoint.com/shop/brands?brand=109","No.6 Deep Sleep Mask Serum 50ml","Rs 4,200","https://koreanbeautypoint.com/shop/no6-deep-sleep-serum-no6-deep-sleep-mask-serum-50ml-4955","https://koreanbeautypoint.com/web/image/product.product/8845/image_1024/%5Bno.6%20deep%20sleep%20serum%5D%20No.6%20Deep%20Sleep%20Mask%20Serum%2050ml?unique=affe57f"
"1784124216-396","https://koreanbeautypoint.com/page/product_brands","https://koreanbeautypoint.com/shop/brands?brand=109","No.9 NAD+ Collagen Under Eye Patches","Rs 2,000","https://koreanbeautypoint.com/shop/no9-nad-eye-patches-no9-nad-collagen-under-eye-patches-7628","https://koreanbeautypoint.com/web/image/product.product/11646/image_1024/%5Bno.9%20NAD%20eye%20patches%5D%20No.9%20NAD%2B%20Collagen%20Under%20Eye%20Patches?unique=ae084d6"
"1784124216-397","https://koreanbeautypoint.com/page/product_brands","https://koreanbeautypoint.com/shop/brands?brand=109","No.9 NAD+ Retinol Volumetox Eye Cream 10ml","Rs 2,600","https://koreanbeautypoint.com/shop/no9-nad-retinol-eyecream-no9-nad-retinol-volumetox-eye-cream-10ml-7700","https://koreanbeautypoint.com/web/image/product.product/11718/image_1024/%5Bno.9%20NAD%20retinol%20eyecream%5D%20No.9%20NAD%2B%20Retinol%20Volumetox%20Eye%20Cream%2010ml?unique=f8b18a3"
"1784124216-398","https://koreanbeautypoint.com/page/product_brands","https://koreanbeautypoint.com/shop/brands?brand=109","No.9 NAD Bio Lifting Essence 50ml","Rs 4,500","https://koreanbeautypoint.com/shop/no9-nad-bio-essence-no9-nad-bio-lifting-essence-50ml-4956","https://koreanbeautypoint.com/web/image/product.product/8846/image_1024/%5Bno.9%20NAD%20bio%20essence%5D%20No.9%20NAD%20Bio%20Lifting%20Essence%2050ml?unique=affe57f"
"1784124216-399","https://koreanbeautypoint.com/page/product_brands","https://koreanbeautypoint.com/shop/brands?brand=109","No.6 Deep Sleep Mask Serum 50ml","Rs 4,200","https://koreanbeautypoint.com/shop/no6-deep-sleep-serum-no6-deep-sleep-mask-serum-50ml-4955","https://koreanbeautypoint.com/web/image/product.product/8845/image_1024/%5Bno.6%20deep%20sleep%20serum%5D%20No.6%20Deep%20Sleep%20Mask%20Serum%2050ml?unique=affe57f"
"1784124216-400","https://koreanbeautypoint.com/page/product_brands","https://koreanbeautypoint.com/shop/brands?brand=109","No.5 Goodbye Blemish Serum 50ml","Rs 4,200","https://koreanbeautypoint.com/shop/no5-goodbye-blemish-serum-no5-goodbye-blemish-serum-50ml-4953","https://koreanbeautypoint.com/web/image/product.product/8843/image_1024/%5Bno.5%20goodbye%20blemish%20serum%5D%20No.5%20Goodbye%20Blemish%20Serum%2050ml?unique=affe57f"
"1784124216-401","https://koreanbeautypoint.com/page/product_brands","https://koreanbeautypoint.com/shop/brands?brand=109","No.3 Porcelain Base-Skip Tone Up Beige 50ml","Rs 2,800","https://koreanbeautypoint.com/shop/no3-toneup-spf-no3-porcelain-base-skip-tone-up-beige-50ml-4948","https://koreanbeautypoint.com/web/image/product.product/8838/image_1024/%5Bno.3%20toneup%20spf%5D%20No.3%20Porcelain%20Base-Skip%20Tone%20Up%20Beige%2050ml?unique=affe57f"
"1784124216-402","https://koreanbeautypoint.com/page/product_brands","https://koreanbeautypoint.com/shop/brands?brand=109","No.3 Super Glowing Essence Toner 200ml","Rs 3,500","https://koreanbeautypoint.com/shop/no3-glowing-toner-no3-super-glowing-essence-toner-200ml-4946","https://koreanbeautypoint.com/web/image/product.product/8836/image_1024/%5Bno.3%20glowing%20toner%5D%20No.3%20Super%20Glowing%20Essence%20Toner%20200ml?unique=f5acfed"
"1784124216-403","https://koreanbeautypoint.com/page/product_brands","https://koreanbeautypoint.com/shop/brands?brand=109","No.2 Rose PDRN Collagen 2X Plumping Serum 30ml","Rs 3,600","https://koreanbeautypoint.com/shop/no2-rose-pdrn-2x-serum-no2-rose-pdrn-collagen-2x-plumping-serum-30ml-4943","https://koreanbeautypoint.com/web/image/product.product/8833/image_1024/%5Bno.2%20rose%20PDRN%202X%20serum%5D%20No.2%20Rose%20PDRN%20Collagen%202X%20Plumping%20Serum%2030ml?unique=affe57f"
"1784124216-404","https://koreanbeautypoint.com/page/product_brands","https://koreanbeautypoint.com/shop/brands?brand=109","No.1 Pure Glass Clean Tone Up 50ml","Rs 2,800","https://koreanbeautypoint.com/shop/no1-toneup-spf-no1-pure-glass-clean-tone-up-50ml-4942","https://koreanbeautypoint.com/web/image/product.product/8832/image_1024/%5Bno.1%20toneup%20spf%5D%20No.1%20Pure%20Glass%20Clean%20Tone%20Up%2050ml?unique=affe57f"
"1784124216-405","https://koreanbeautypoint.com/page/product_brands","https://koreanbeautypoint.com/shop/brands?brand=109","No.9 NAD+ PDRN Glow Boosting Toner 150ml","Rs 3,500","https://koreanbeautypoint.com/shop/no9-nad-glow-toner-no9-nad-pdrn-glow-boosting-toner-150ml-7697","https://koreanbeautypoint.com/web/image/product.product/11715/image_1024/%5Bno.9%20NAD%20glow%20toner%5D%20No.9%20NAD%2B%20PDRN%20Glow%20Boosting%20Toner%20150ml?unique=b0fbfea"
"1784124225-406","https://koreanbeautypoint.com/page/product_brands","https://koreanbeautypoint.com/shop/brands?brand=108","UV Super Water Gel SPF50 Pump Refill 125g","Rs 2,000","https://koreanbeautypoint.com/shop/nivea-gel-spf-refill-uv-super-water-gel-spf50-pump-refill-125g-4936","https://koreanbeautypoint.com/web/image/product.product/8826/image_1024/%5Bnivea%20gel%20spf%20refill%5D%20UV%20Super%20Water%20Gel%20SPF50%20Pump%20Refill%20125g?unique=affe57f"
"1784124225-407","https://koreanbeautypoint.com/page/product_brands","https://koreanbeautypoint.com/shop/brands?brand=108","UV Super Water Gel SPF 50 PA+++ 140g","Rs 2,500","https://koreanbeautypoint.com/shop/nivea-gel-spf-uv-super-water-gel-spf-50-pa-140g-4935","https://koreanbeautypoint.com/web/image/product.product/8825/image_1024/%5Bnivea%20gel%20spf%5D%20UV%20Super%20Water%20Gel%20SPF%2050%20PA%2B%2B%2B%20140g?unique=affe57f"
"1784124238-408","https://koreanbeautypoint.com/page/product_brands","https://koreanbeautypoint.com/shop/brands?brand=107","B-Boost 1% Kojic Acid Serum 30ml","Rs 3,000","https://koreanbeautypoint.com/shop/nineless-kojic-serum-b-boost-1-kojic-acid-serum-30ml-4932","https://koreanbeautypoint.com/web/image/product.product/8822/image_1024/%5Bnineless%20kojic%20serum%5D%20B-Boost%201%25%20Kojic%20Acid%20Serum%2030ml?unique=67cb696"
"1784124238-409","https://koreanbeautypoint.com/page/product_brands","https://koreanbeautypoint.com/shop/brands?brand=107","A-Control 10% Azelaic Acid Serum 30ml","Rs 2,800","https://koreanbeautypoint.com/shop/nineless-az-serum-a-control-10-azelaic-acid-serum-30ml-4931","https://koreanbeautypoint.com/web/image/product.product/8821/image_1024/%5Bnineless%20az%20serum%5D%20A-Control%2010%25%20Azelaic%20Acid%20Serum%2030ml?unique=2c13fae"
"1784124238-410","https://koreanbeautypoint.com/page/product_brands","https://koreanbeautypoint.com/shop/brands?brand=107","A-Control Azelaic Acid Cream 50ml","Rs 2,800","https://koreanbeautypoint.com/shop/nineless-az-cream-a-control-azelaic-acid-cream-50ml-4930","https://koreanbeautypoint.com/web/image/product.product/8820/image_1024/%5Bnineless%20az%20cream%5D%20A-Control%20Azelaic%20Acid%20Cream%2050ml?unique=affe57f"
"1784124238-411","https://koreanbeautypoint.com/page/product_brands","https://koreanbeautypoint.com/shop/brands?brand=107","Mela-Pro 5% Tranexamic Acid Serum 30ml","Rs 2,600","https://koreanbeautypoint.com/shop/nineless-mela-pro-txa-serum-mela-pro-5-tranexamic-acid-serum-30ml-4934","https://koreanbeautypoint.com/web/image/product.product/8824/image_1024/%5Bnineless%20mela%20pro%20TXA%20serum%5D%20Mela-Pro%205%25%20Tranexamic%20Acid%20Serum%2030ml?unique=91b1f9f"
"1784124238-412","https://koreanbeautypoint.com/page/product_brands","https://koreanbeautypoint.com/shop/brands?brand=107","B-Boost 1% Kojic Acid Toner 200ml","Rs 3,500","https://koreanbeautypoint.com/shop/nineless-kojic-toner-b-boost-1-kojic-acid-toner-200ml-4933","https://koreanbeautypoint.com/web/image/product.product/8823/image_1024/%5Bnineless%20kojic%20toner%5D%20B-Boost%201%25%20Kojic%20Acid%20Toner%20200ml?unique=affe57f"
"1784124247-413","https://koreanbeautypoint.com/page/product_brands","https://koreanbeautypoint.com/shop/brands?brand=173","Salmon PDRN Peptide Serum","Rs 3,300","https://koreanbeautypoint.com/shop/nida-pdrn-serum-salmon-pdrn-peptide-serum-8750","https://koreanbeautypoint.com/web/image/product.product/15508/image_1024/%5Bnida%20PDRN%20serum%5D%20Salmon%20PDRN%20Peptide%20Serum?unique=60c206e"
"1784124247-414","https://koreanbeautypoint.com/page/product_brands","https://koreanbeautypoint.com/shop/brands?brand=173","Peptide Propolis Renewal Serum [50ml]","Rs 3,300","https://koreanbeautypoint.com/shop/nida-propolis-serum-peptide-propolis-renewal-serum-50ml-8749","https://koreanbeautypoint.com/web/image/product.product/15507/image_1024/%5Bnida%20propolis%20serum%5D%20Peptide%20Propolis%20Renewal%20Serum%20%5B50ml%5D?unique=55d672c"
"1784124247-415","https://koreanbeautypoint.com/page/product_brands","https://koreanbeautypoint.com/shop/brands?brand=173","Youthful Formula Ultimate Moisturizing Cream","Rs 3,500","https://koreanbeautypoint.com/shop/nida-youthful-cream-youthful-formula-ultimate-moisturizing-cream-8744","https://koreanbeautypoint.com/web/image/product.product/15502/image_1024/%5Bnida%20youthful%20cream%5D%20Youthful%20Formula%20Ultimate%20Moisturizing%20Cream?unique=55d672c"
"1784124256-416","https://koreanbeautypoint.com/page/product_brands","https://koreanbeautypoint.com/shop/brands?brand=106","Dermalogy Real Vitamin C Serum Mini 10g","Rs 1,000","https://koreanbeautypoint.com/shop/neogen-vita-c-serum-mini-dermalogy-real-vitamin-c-serum-mini-10g-4928","https://koreanbeautypoint.com/web/image/product.product/8817/image_1024/%5Bneogen%20vita%20c%20serum%20mini%5D%20Dermalogy%20Real%20Vitamin%20C%20Serum%20Mini%2010g?unique=9606aab"
"1784124256-417","https://koreanbeautypoint.com/page/product_brands","https://koreanbeautypoint.com/shop/brands?brand=106","Dermalogy Day-Light Protection Airy Sunscreen 50ml","Rs 3,600","https://koreanbeautypoint.com/shop/neogen-daylight-airy-spf-dermalogy-day-light-protection-airy-sunscreen-50ml-4926","https://koreanbeautypoint.com/web/image/product.product/8815/image_1024/%5Bneogen%20daylight%20airy%20spf%5D%20Dermalogy%20Day-Light%20Protection%20Airy%20Sunscreen%2050ml?unique=affe57f"
"1784124256-418","https://koreanbeautypoint.com/page/product_brands","https://koreanbeautypoint.com/shop/brands?brand=106","Dermalogy Real Flower Cleansing Water Calendula 300ml","Rs 2,600","https://koreanbeautypoint.com/shop/neogen-calendula-cw-dermalogy-real-flower-cleansing-water-calendula-300ml-4925","https://koreanbeautypoint.com/web/image/product.product/8814/image_1024/%5Bneogen%20calendula%20cw%5D%20Dermalogy%20Real%20Flower%20Cleansing%20Water%20Calendula%20300ml?unique=affe57f"
"1784124256-419","https://koreanbeautypoint.com/page/product_brands","https://koreanbeautypoint.com/shop/brands?brand=106","Dermalogy All Day Locking Fixer 80ml","Rs 2,500","https://koreanbeautypoint.com/shop/neogen-locking-fixer-dermalogy-all-day-locking-fixer-80ml-4927","https://koreanbeautypoint.com/web/image/product.product/8816/image_1024/%5Bneogen%20locking%20fixer%5D%20Dermalogy%20All%20Day%20Locking%20Fixer%2080ml?unique=affe57f"
"1784124256-420","https://koreanbeautypoint.com/page/product_brands","https://koreanbeautypoint.com/shop/brands?brand=106","Dermalogy Real Bakuchiol Firming Serum 30ml","Rs 3,400","https://koreanbeautypoint.com/shop/neogen-bakuchiol-serum-dermalogy-real-bakuchiol-firming-serum-30ml-4924","https://koreanbeautypoint.com/web/image/product.product/8813/image_1024/%5Bneogen%20bakuchiol%20serum%5D%20Dermalogy%20Real%20Bakuchiol%20Firming%20Serum%2030ml?unique=affe57f"
"1784124267-421","https://koreanbeautypoint.com/page/product_brands","https://koreanbeautypoint.com/shop/brands?brand=105","White Snow Fermented Underarm Whitening Cream With Green Tea 50ml","Rs 3,000","https://koreanbeautypoint.com/shop/nella-underarm-cream-white-snow-fermented-underarm-whitening-cream-with-green-tea-50ml-4923","https://koreanbeautypoint.com/web/image/product.product/8812/image_1024/%5Bnella%20underarm%20cream%5D%20White%20Snow%20Fermented%20Underarm%20Whitening%20Cream%20With%20Green%20Tea%2050ml?unique=affe57f"
"1784124276-422","https://koreanbeautypoint.com/page/product_brands","https://koreanbeautypoint.com/shop/brands?brand=104","Daily Toner Pad 60 Pads","Rs 4,000","https://koreanbeautypoint.com/shop/needly-daily-tonerpad-daily-toner-pad-60-pads-4922","https://koreanbeautypoint.com/web/image/product.product/8811/image_1024/%5Bneedly%20daily%20tonerpad%5D%20Daily%20Toner%20Pad%2060%20Pads?unique=affe57f"
"1784124286-423","https://koreanbeautypoint.com/page/product_brands","https://koreanbeautypoint.com/shop/brands?brand=26","Hatomugi Skin Conditioner","Rs 1,200","https://koreanbeautypoint.com/shop/hatomugi-skin-conditioner-4684","https://koreanbeautypoint.com/web/image/product.product/8389/image_1024/%5Bhatomugi%20spray%20mini%5D%20Hatomugi%20Skin%20Conditioner%20%2845ml%29?unique=affe57f"
"1784124295-424","https://koreanbeautypoint.com/page/product_brands","https://koreanbeautypoint.com/shop/brands?brand=18","Daily Basic Palette","Rs 1,200","https://koreanbeautypoint.com/shop/daily-basic-palette-4558","https://koreanbeautypoint.com/web/image/product.product/8198/image_1024/%5Bnr%20daily%20eyeshadow%2007%5D%20Daily%20Basic%20Palette%20%28Burgandy%29?unique=0d59f2f"
"1784124295-425","https://koreanbeautypoint.com/page/product_brands","https://koreanbeautypoint.com/shop/brands?brand=18","Light on Velvet Tint","Rs 1,200","https://koreanbeautypoint.com/shop/nr-velvet-tint-04-light-on-velvet-tint-4801","https://koreanbeautypoint.com/web/image/product.product/8574/image_1024/%5Bnr%20velvet%20tint%2004%5D%20Light%20on%20Velvet%20Tint?unique=affe57f"
"1784124295-426","https://koreanbeautypoint.com/page/product_brands","https://koreanbeautypoint.com/shop/brands?brand=18","Black Bean Anti Invigorating Hair Loss Treatment 200ml","Rs 1,900","https://koreanbeautypoint.com/shop/nr-black-bean-treatment-black-bean-anti-invigorating-hair-loss-treatment-200ml-4961","https://koreanbeautypoint.com/web/image/product.product/8858/image_1024/%5Bnr%20black%20bean%20treatment%5D%20Black%20Bean%20Anti%20Invigorating%20Hair%20Loss%20Treatment%20200ml?unique=affe57f"
"1784124295-427","https://koreanbeautypoint.com/page/product_brands","https://koreanbeautypoint.com/shop/brands?brand=18","Argan Essential Deep Care Hair Pack 200ml","Rs 2,000","https://koreanbeautypoint.com/shop/nr-argan-hair-pack-mini-argan-essential-deep-care-hair-pack-200ml-4960","https://koreanbeautypoint.com/web/image/product.product/8857/image_1024/%5Bnr%20argan%20hair%20pack%20mini%5D%20Argan%20Essential%20Deep%20Care%20Hair%20Pack%20200ml?unique=affe57f"
"1784124295-428","https://koreanbeautypoint.com/page/product_brands","https://koreanbeautypoint.com/shop/brands?brand=18","Soothing & Moisture Aloe Vera 92% Soothing Gel 300ml","Rs 2,000","https://koreanbeautypoint.com/shop/nr-aloe-vera-gel-soothing-moisture-aloe-vera-92-soothing-gel-300ml-4959","https://koreanbeautypoint.com/web/image/product.product/8856/image_1024/%5Bnr%20aloe%20vera%20gel%5D%20Soothing%20%26%20Moisture%20Aloe%20Vera%2092%25%20Soothing%20Gel%20300ml?unique=affe57f"
"1784124304-429","https://koreanbeautypoint.com/page/product_brands","https://koreanbeautypoint.com/shop/brands?brand=103","Conscious Fit Cushion Foundation - 5 Colors -21N Cosmic Vanilla 12g","Rs 3,400","https://koreanbeautypoint.com/shop/moonshot-cushion-21n-conscious-fit-cushion-foundation-5-colors-21n-cosmic-vanilla-12g-4920","https://koreanbeautypoint.com/web/image/product.product/8808/image_1024/%5Bmoonshot%20cushion%2021N%5D%20Conscious%20Fit%20Cushion%20Foundation%20-%205%20Colors%20-21N%20Cosmic%20Vanilla%2012g?unique=affe57f"
"1784124313-430","https://koreanbeautypoint.com/page/product_brands","https://koreanbeautypoint.com/shop/brands?brand=102","Bean Essence","Rs 3,000","https://koreanbeautypoint.com/shop/bean-essence-4911","https://koreanbeautypoint.com/web/image/product.product/10580/image_1024/%5Bbean%20essence%20mini%5D%20Bean%20Essence%20%2830ml%29?unique=e00008a"
"1784124313-431","https://koreanbeautypoint.com/page/product_brands","https://koreanbeautypoint.com/shop/brands?brand=102","Panax Ginseng Root Essence 100ml","Rs 3,300","https://koreanbeautypoint.com/shop/mixsoon-panax-essence-panax-ginseng-root-essence-100ml-4913","https://koreanbeautypoint.com/web/image/product.product/8785/image_1024/%5Bmixsoon%20panax%20essence%5D%20Panax%20Ginseng%20Root%20Essence%20100ml?unique=affe57f"
"1784124313-432","https://koreanbeautypoint.com/page/product_brands","https://koreanbeautypoint.com/shop/brands?brand=102","Bean Eye Cream 20ml","Rs 2,600","https://koreanbeautypoint.com/shop/mixsoon-bean-eye-cream-bean-eye-cream-20ml-4912","https://koreanbeautypoint.com/web/image/product.product/8784/image_1024/%5Bmixsoon%20bean%20eye%20cream%5D%20Bean%20Eye%20Cream%2020ml?unique=affe57f"
"1784124329-433","https://koreanbeautypoint.com/page/product_brands","https://koreanbeautypoint.com/shop/brands?brand=6","Airy Fit Sheet Mask","Rs 300","https://koreanbeautypoint.com/shop/airy-fit-sheet-mask-4359","https://koreanbeautypoint.com/web/image/product.product/7950/image_1024/%5Bmissha%20aloe%20sheetmask%5D%20Airy%20Fit%20Sheet%20Mask%20%28Aloe%29?unique=affe57f"
"1784124329-434","https://koreanbeautypoint.com/page/product_brands","https://koreanbeautypoint.com/shop/brands?brand=6","Around Safe Block Soft Finish Sun Milk SPF50+ PA+++","Rs 2,800","https://koreanbeautypoint.com/shop/missha-soft-finish-spf-around-safe-block-soft-finish-sun-milk-spf50-pa-4909","https://koreanbeautypoint.com/web/image/product.product/8781/image_1024/%5Bmissha%20soft%20finish%20spf%5D%20Around%20Safe%20Block%20Soft%20Finish%20Sun%20Milk%20SPF50%2B%20PA%2B%2B%2B?unique=b5f7288"
"1784124329-435","https://koreanbeautypoint.com/page/product_brands","https://koreanbeautypoint.com/shop/brands?brand=6","Super Aqua Ultra Hyalron Peeling Gel 100ml","Rs 1,700","https://koreanbeautypoint.com/shop/missha-hyalron-peeling-gel-super-aqua-ultra-hyalron-peeling-gel-100ml-4906","https://koreanbeautypoint.com/web/image/product.product/8778/image_1024/%5Bmissha%20hyalron%20peeling%20gel%5D%20Super%20Aqua%20Ultra%20Hyalron%20Peeling%20Gel%20100ml?unique=affe57f"
"1784124329-436","https://koreanbeautypoint.com/page/product_brands","https://koreanbeautypoint.com/shop/brands?brand=6","Super Aqua Ultra Hyalon Foaming Cleanser 200ml","Rs 1,800","https://koreanbeautypoint.com/shop/missha-hyalon-foam-super-aqua-ultra-hyalon-foaming-cleanser-200ml-4905","https://koreanbeautypoint.com/web/image/product.product/8777/image_1024/%5Bmissha%20hyalon%20foam%5D%20Super%20Aqua%20Ultra%20Hyalon%20Foaming%20Cleanser%20200ml?unique=affe57f"
"1784124329-437","https://koreanbeautypoint.com/page/product_brands","https://koreanbeautypoint.com/shop/brands?brand=6","Time Revolution Artemisia Treatment Essence Mist Type 120ml","Rs 4,700","https://koreanbeautypoint.com/shop/missha-artemisia-essence-mist-time-revolution-artemisia-treatment-essence-mist-type-120ml-4904","https://koreanbeautypoint.com/web/image/product.product/8776/image_1024/%5Bmissha%20artemisia%20essence%20mist%5D%20Time%20Revolution%20Artemisia%20Treatment%20Essence%20Mist%20Type%20120ml?unique=affe57f"
"1784124329-438","https://koreanbeautypoint.com/page/product_brands","https://koreanbeautypoint.com/shop/brands?brand=6","All Around Safe Block Aqua Sun Gel SPF50+ PA++++ 50ml","Rs 2,000","https://koreanbeautypoint.com/shop/missha-aqua-spf-all-around-safe-block-aqua-sun-gel-spf50-pa-50ml-4902","https://koreanbeautypoint.com/web/image/product.product/8774/image_1024/%5Bmissha%20aqua%20spf%5D%20All%20Around%20Safe%20Block%20Aqua%20Sun%20Gel%20SPF50%2B%20PA%2B%2B%2B%2B%2050ml?unique=52f75a0"
"1784124329-439","https://koreanbeautypoint.com/page/product_brands","https://koreanbeautypoint.com/shop/brands?brand=6","Magic Cushion Moist Up","Rs 1,800","https://koreanbeautypoint.com/shop/magic-cushion-moist-up-4834","https://koreanbeautypoint.com/web/image/product.product/8656/image_1024/%5Bmissha%20moist%20up%2021%5D%20Magic%20Cushion%20Moist%20Up%20%28Light%20Beige%29?unique=a20917c"
"1784124329-440","https://koreanbeautypoint.com/page/product_brands","https://koreanbeautypoint.com/shop/brands?brand=6","Magic Cushion Cover Lasting","Rs 2,000","https://koreanbeautypoint.com/shop/magic-cushion-cover-lasting-4833","https://koreanbeautypoint.com/web/image/product.product/8654/image_1024/%5Bmissha%20cover%20lasting%2021%5D%20Magic%20Cushion%20Cover%20Lasting%20%28Light%20Beige%29?unique=affe57f"
"1784124329-441","https://koreanbeautypoint.com/page/product_brands","https://koreanbeautypoint.com/shop/brands?brand=6","M Perfect Cover Bb Cream Spf42 Pa+++","Rs 2,100","https://koreanbeautypoint.com/shop/m-perfect-cover-bb-cream-spf42-pa-4809","https://koreanbeautypoint.com/web/image/product.product/8612/image_1024/%5Bmissha%20bb%20cream%2013%5D%20M%20Perfect%20Cover%20Bb%20Cream%20Spf42%20Pa%2B%2B%2B%20%28Bright%20Beige%29?unique=d1b1b02"
"1784124329-442","https://koreanbeautypoint.com/page/product_brands","https://koreanbeautypoint.com/shop/brands?brand=6","Pure Source Pocket Pack","Rs 320","https://koreanbeautypoint.com/shop/pure-source-pocket-pack-4988","https://koreanbeautypoint.com/web/image/product.product/8898/image_1024/%5Bmissha%20pearl%20pack%5D%20Pure%20Source%20Pocket%20Pack%20%28Pearl%29?unique=affe57f"
"1784124329-443","https://koreanbeautypoint.com/page/product_brands","https://koreanbeautypoint.com/shop/brands?brand=6","Pro-Touch Powder Pact SPF25 PA++","Rs 1,600","https://koreanbeautypoint.com/shop/pro-touch-powder-pact-spf25-pa-4987","https://koreanbeautypoint.com/web/image/product.product/8897/image_1024/%5Bmissha%20pro%20powder%20pact%2023%5D%20Pro-Touch%20Powder%20Pact%20SPF25%20PA%2B%2B%20%28%2323%29?unique=a371929"
"1784124329-444","https://koreanbeautypoint.com/page/product_brands","https://koreanbeautypoint.com/shop/brands?brand=6","Perfect Cover Serum B.B Cream","Rs 2,500","https://koreanbeautypoint.com/shop/perfect-cover-serum-bb-cream-4979","https://koreanbeautypoint.com/web/image/product.product/8880/image_1024/%5Bmissha%20serum%20bb%20cream%2027%5D%20Perfect%20Cover%20Serum%20B.B%20Cream%20%28Honey%20Beige%29?unique=affe57f"
"1784124329-445","https://koreanbeautypoint.com/page/product_brands","https://koreanbeautypoint.com/shop/brands?brand=6","Time Revolution The First Treatment Essence 5X 150ml","Rs 4,900","https://koreanbeautypoint.com/shop/missha-the-first-essence-time-revolution-the-first-treatment-essence-5x-150ml-4910","https://koreanbeautypoint.com/web/image/product.product/8782/image_1024/%5Bmissha%20the%20first%20essence%5D%20Time%20Revolution%20The%20First%20Treatment%20Essence%205X%20150ml?unique=affe57f"
"1784124329-446","https://koreanbeautypoint.com/page/product_brands","https://koreanbeautypoint.com/shop/brands?brand=6","Time Revolution Retinol 500 Shot Wrapping Mask 80g","Rs 4,500","https://koreanbeautypoint.com/shop/missha-retinol-500-wrap-time-revolution-retinol-500-shot-wrapping-mask-80g-4908","https://koreanbeautypoint.com/web/image/product.product/8780/image_1024/%5Bmissha%20retinol%20500%20wrap%5D%20Time%20Revolution%20Retinol%20500%20Shot%20Wrapping%20Mask%2080g?unique=affe57f"
"1784124329-447","https://koreanbeautypoint.com/page/product_brands","https://koreanbeautypoint.com/shop/brands?brand=6","Time Revolution Night Repair Ampoule 5X– 50ml","Rs 4,900","https://koreanbeautypoint.com/shop/missha-night-repair-ampoule-time-revolution-night-repair-ampoule-5x-50ml-4907","https://koreanbeautypoint.com/web/image/product.product/8779/image_1024/%5Bmissha%20night%20repair%20ampoule%5D%20Time%20Revolution%20Night%20Repair%20Ampoule%205X%E2%80%93%2050ml?unique=affe57f"
"1784124329-448","https://koreanbeautypoint.com/page/product_brands","https://koreanbeautypoint.com/shop/brands?brand=6","Time Revolution Artemisia Treatment Essence 150ml","Rs 4,700","https://koreanbeautypoint.com/shop/missha-artemisia-essence-time-revolution-artemisia-treatment-essence-150ml-4903","https://koreanbeautypoint.com/web/image/product.product/8775/image_1024/%5Bmissha%20artemisia%20essence%5D%20Time%20Revolution%20Artemisia%20Treatment%20Essence%20150ml?unique=affe57f"
"1784124337-449","https://koreanbeautypoint.com/page/product_brands","https://koreanbeautypoint.com/shop/brands?brand=116","Perfect Styling Serum Special Set [3 pcs]","Rs 4,650","https://koreanbeautypoint.com/shop/missencene-curl-perfect-serum-set-perfect-styling-serum-special-set-3-pcs-7675","https://koreanbeautypoint.com/web/image/product.product/11693/image_1024/%5Bmissencene%20curl%20perfect%20serum%20set%5D%20Perfect%20Styling%20Serum%20Special%20Set%20%5B3%20pcs%5D?unique=6dabe3e"
"1784124337-450","https://koreanbeautypoint.com/page/product_brands","https://koreanbeautypoint.com/shop/brands?brand=116","Miseenscene Perfect Serum Special Set Crayon Shin-Chan Edition","Rs 4,000","https://koreanbeautypoint.com/shop/perfect-hair-serum-shinchan-miseenscene-perfect-serum-special-set-crayon-shin-chan-edition-4981","https://koreanbeautypoint.com/web/image/product.product/8883/image_1024/%5Bperfect%20hair%20serum%20shinchan%5D%20Miseenscene%20Perfect%20Serum%20Special%20Set%20Crayon%20Shin-Chan%20Edition?unique=affe57f"
"1784124337-451","https://koreanbeautypoint.com/page/product_brands","https://koreanbeautypoint.com/shop/brands?brand=116","Perfect Serum Original 80ml","Rs 2,000","https://koreanbeautypoint.com/shop/perfect-hair-serum-perfect-serum-original-80ml-4980","https://koreanbeautypoint.com/web/image/product.product/8882/image_1024/%5Bperfect%20hair%20serum%5D%20Perfect%20Serum%20Original%2080ml?unique=affe57f"
"1784124346-452","https://koreanbeautypoint.com/page/product_brands","https://koreanbeautypoint.com/shop/brands?brand=1","30 Seconds Quick Bubble Mask","Rs 2,700","https://koreanbeautypoint.com/shop/30-seconds-quick-bubble-mask-4339","https://koreanbeautypoint.com/web/image/product.product/7917/image_1024/%5Bmenokin%20bright%20bubble%20mask%5D%2030%20Seconds%20Quick%20Bubble%20Mask%20%28Bright%29?unique=f9fde92"
"1784124356-453","https://koreanbeautypoint.com/page/product_brands","https://koreanbeautypoint.com/shop/brands?brand=161","Tranexamic Acid Skin Booster Cream","Rs 3,300","https://koreanbeautypoint.com/shop/meditherapy-txa-cream-tranexamic-acid-skin-booster-cream-8743","https://koreanbeautypoint.com/web/image/product.product/15501/image_1024/%5Bmeditherapy%20TXA%20cream%5D%20Tranexamic%20Acid%20Skin%20Booster%20Cream?unique=55d672c"
"1784124356-454","https://koreanbeautypoint.com/page/product_brands","https://koreanbeautypoint.com/shop/brands?brand=161","Vitamin Skin Booster Bubble Serum","Rs 3,300","https://koreanbeautypoint.com/shop/meditherapy-vita-bubble-serum-vitamin-skin-booster-bubble-serum-8742","https://koreanbeautypoint.com/web/image/product.product/15500/image_1024/%5Bmeditherapy%20vita%20bubble%20serum%5D%20Vitamin%20Skin%20Booster%20Bubble%20Serum?unique=55d672c"
"1784124356-455","https://koreanbeautypoint.com/page/product_brands","https://koreanbeautypoint.com/shop/brands?brand=161","Retinal Skin Booster Serum 150ml","Rs 3,300","https://koreanbeautypoint.com/shop/meditherapy-retinal-booster-retinal-skin-booster-serum-150ml-7674","https://koreanbeautypoint.com/web/image/product.product/11692/image_1024/%5Bmeditherapy%20retinal%20booster%5D%20Retinal%20Skin%20Booster%20Serum%20150ml?unique=41a9d7f"
"1784124373-456","https://koreanbeautypoint.com/page/product_brands","https://koreanbeautypoint.com/shop/brands?brand=101","Zero Pore Serum 2.0 37ml","Rs 3,000","https://koreanbeautypoint.com/shop/medicube-zero-pore-serum-20-zero-pore-serum-20-37ml-4897","https://koreanbeautypoint.com/web/image/product.product/8767/image_1024/%5Bmedicube%20zero%20pore%20serum%202.0%5D%20Zero%20Pore%20Serum%202.0%2037ml?unique=affe57f"
"1784124373-457","https://koreanbeautypoint.com/page/product_brands","https://koreanbeautypoint.com/shop/brands?brand=101","Deep Vita C Pad 70 Pads","Rs 3,800","https://koreanbeautypoint.com/shop/medicube-vita-c-pad-deep-vita-c-pad-70-pads-4891","https://koreanbeautypoint.com/web/image/product.product/8761/image_1024/%5Bmedicube%20vita%20c%20pad%5D%20Deep%20Vita%20C%20Pad%2070%20Pads?unique=52f75a0"
"1784124373-458","https://koreanbeautypoint.com/page/product_brands","https://koreanbeautypoint.com/shop/brands?brand=101","Triple Collagen Serum 55ml","Rs 4,200","https://koreanbeautypoint.com/shop/medicube-triple-collagen-serum-triple-collagen-serum-55ml-4887","https://koreanbeautypoint.com/web/image/product.product/8757/image_1024/%5Bmedicube%20triple%20collagen%20serum%5D%20Triple%20Collagen%20Serum%2055ml?unique=7fd9ce0"
"1784124373-459","https://koreanbeautypoint.com/page/product_brands","https://koreanbeautypoint.com/shop/brands?brand=101","Hypochlorous Acid Daily Facial Spray Mini 50ml","Rs 1,600","https://koreanbeautypoint.com/shop/medicube-relief-spray-mini-hypochlorous-acid-daily-facial-spray-mini-50ml-4885","https://koreanbeautypoint.com/web/image/product.product/8755/image_1024/%5Bmedicube%20relief%20spray%20mini%5D%20Hypochlorous%20Acid%20Daily%20Facial%20Spray%20Mini%2050ml?unique=552997a"
"1784124373-460","https://koreanbeautypoint.com/page/product_brands","https://koreanbeautypoint.com/shop/brands?brand=101","Red Clear Cica Body Mist 200ml","Rs 3,200","https://koreanbeautypoint.com/shop/medicube-red-body-mist-red-clear-cica-body-mist-200ml-4884","https://koreanbeautypoint.com/web/image/product.product/8754/image_1024/%5Bmedicube%20red%20body%20mist%5D%20Red%20Clear%20Cica%20Body%20Mist%20200ml?unique=affe57f"
"1784124373-461","https://koreanbeautypoint.com/page/product_brands","https://koreanbeautypoint.com/shop/brands?brand=101","Zero Pore Cooling Mask","Rs 350","https://koreanbeautypoint.com/shop/medicube-pore-cooling-sheetmask-zero-pore-cooling-mask-4883","https://koreanbeautypoint.com/web/image/product.product/8753/image_1024/%5Bmedicube%20pore%20cooling%20sheetmask%5D%20Zero%20Pore%20Cooling%20Mask?unique=1fa3a8f"
"1784124373-462","https://koreanbeautypoint.com/page/product_brands","https://koreanbeautypoint.com/shop/brands?brand=101","PDRN Pink Peptide Serum 30ml","Rs 3,300","https://koreanbeautypoint.com/shop/medicube-pdrn-peptide-serum-pdrn-pink-peptide-serum-30ml-4880","https://koreanbeautypoint.com/web/image/product.product/8750/image_1024/%5Bmedicube%20PDRN%20peptide%20serum%5D%20PDRN%20Pink%20Peptide%20Serum%2030ml?unique=433b209"
"1784124373-463","https://koreanbeautypoint.com/page/product_brands","https://koreanbeautypoint.com/shop/brands?brand=101","PDRN Pink One Day Serum Set","Rs 1,500","https://koreanbeautypoint.com/shop/medicube-pdrn-one-day-serum-set-pdrn-pink-one-day-serum-set-4879","https://koreanbeautypoint.com/web/image/product.product/8749/image_1024/%5Bmedicube%20PDRN%20one%20day%20serum%20set%5D%20PDRN%20Pink%20One%20Day%20Serum%20Set?unique=eef4579"
"1784124373-464","https://koreanbeautypoint.com/page/product_brands","https://koreanbeautypoint.com/shop/brands?brand=101","PDRN Pink Niacinamide Milky Toner 150ml","Rs 3,500","https://koreanbeautypoint.com/shop/medicube-pdrn-milky-toner-pdrn-pink-niacinamide-milky-toner-150ml-4877","https://koreanbeautypoint.com/web/image/product.product/8747/image_1024/%5Bmedicube%20PDRN%20milky%20toner%5D%20PDRN%20Pink%20Niacinamide%20Milky%20Toner%20150ml?unique=433b209"
"1784124373-465","https://koreanbeautypoint.com/page/product_brands","https://koreanbeautypoint.com/shop/brands?brand=101","PDRN Lip Sleeping Mask 10g","Rs 1,800","https://koreanbeautypoint.com/shop/medicube-pdrn-lip-mask-pdrn-lip-sleeping-mask-10g-4876","https://koreanbeautypoint.com/web/image/product.product/8746/image_1024/%5Bmedicube%20PDRN%20lip%20mask%5D%20PDRN%20Lip%20Sleeping%20Mask%2010g?unique=55b9647"
"1784124373-466","https://koreanbeautypoint.com/page/product_brands","https://koreanbeautypoint.com/shop/brands?brand=101","PDRN Pink Cica Soothing Toner 250ml","Rs 3,500","https://koreanbeautypoint.com/shop/medicube-pdrn-cica-toner-pdrn-pink-cica-soothing-toner-250ml-4874","https://koreanbeautypoint.com/web/image/product.product/8744/image_1024/%5Bmedicube%20PDRN%20cica%20toner%5D%20PDRN%20Pink%20Cica%20Soothing%20Toner%20250ml?unique=3209ec7"
"1784124373-467","https://koreanbeautypoint.com/page/product_brands","https://koreanbeautypoint.com/shop/brands?brand=101","PDRN Pink Collagen Capsule Cream","Rs 3,800","https://koreanbeautypoint.com/shop/medicube-pdrn-capsule-cream-pdrn-pink-collagen-capsule-cream-4873","https://koreanbeautypoint.com/web/image/product.product/8743/image_1024/%5Bmedicube%20PDRN%20capsule%20cream%5D%20PDRN%20Pink%20Collagen%20Capsule%20Cream?unique=82752cd"
"1784124373-468","https://koreanbeautypoint.com/page/product_brands","https://koreanbeautypoint.com/shop/brands?brand=101","PDRN Pink Caffeine Night Wrapping Mask 75ml","Rs 4,000","https://koreanbeautypoint.com/shop/medicube-pdrn-caffeine-wrap-pdrn-pink-caffeine-night-wrapping-mask-75ml-4872","https://koreanbeautypoint.com/web/image/product.product/8742/image_1024/%5Bmedicube%20PDRN%20caffeine%20wrap%5D%20PDRN%20Pink%20Caffeine%20Night%20Wrapping%20Mask%2075ml?unique=e3aeb91"
"1784124373-469","https://koreanbeautypoint.com/page/product_brands","https://koreanbeautypoint.com/shop/brands?brand=101","One Day Exosome Shot Pore Ampoule 2000 30ml","Rs 3,300","https://koreanbeautypoint.com/shop/medicube-one-day-exo-shot-one-day-exosome-shot-pore-ampoule-2000-30ml-4870","https://koreanbeautypoint.com/web/image/product.product/8740/image_1024/%5Bmedicube%20one%20day%20exo%20shot%5D%20One%20Day%20Exosome%20Shot%20Pore%20Ampoule%202000%2030ml?unique=23a9869"
"1784124373-470","https://koreanbeautypoint.com/page/product_brands","https://koreanbeautypoint.com/shop/brands?brand=101","Kojic Acid Turmeric Night Wrapping Mask 75ml","Rs 4,000","https://koreanbeautypoint.com/shop/medicube-kojic-wrap-kojic-acid-turmeric-night-wrapping-mask-75ml-4869","https://koreanbeautypoint.com/web/image/product.product/8739/image_1024/%5Bmedicube%20kojic%20wrap%5D%20Kojic%20Acid%20Turmeric%20Night%20Wrapping%20Mask%2075ml?unique=264f69e"
"1784124373-471","https://koreanbeautypoint.com/page/product_brands","https://koreanbeautypoint.com/shop/brands?brand=101","Jelly Brush","Rs 900","https://koreanbeautypoint.com/shop/medicube-jelly-brush-jelly-brush-4867","https://koreanbeautypoint.com/web/image/product.product/8737/image_1024/%5Bmedicube%20jelly%20brush%5D%20Jelly%20Brush?unique=affe57f"
"1784124373-472","https://koreanbeautypoint.com/page/product_brands","https://koreanbeautypoint.com/shop/brands?brand=101","Hyaluronic Multi Peptide Serum 30ml","Rs 3,300","https://koreanbeautypoint.com/shop/medicube-ha-peptide-serum-hyaluronic-multi-peptide-serum-30ml-4866","https://koreanbeautypoint.com/web/image/product.product/8736/image_1024/%5Bmedicube%20ha%20peptide%20serum%5D%20Hyaluronic%20Multi%20Peptide%20Serum%2030ml?unique=0fae49a"
"1784124373-473","https://koreanbeautypoint.com/page/product_brands","https://koreanbeautypoint.com/shop/brands?brand=101","Deep Vita C Glutathione Brightening Mask","Rs 350","https://koreanbeautypoint.com/shop/medicube-glutathione-sheetmask-deep-vita-c-glutathione-brightening-mask-4865","https://koreanbeautypoint.com/web/image/product.product/8735/image_1024/%5Bmedicube%20glutathione%20sheetmask%5D%20Deep%20Vita%20C%20Glutathione%20Brightening%20Mask?unique=433b209"
"1784124373-474","https://koreanbeautypoint.com/page/product_brands","https://koreanbeautypoint.com/shop/brands?brand=101","Age-R Glutathione Glow Serum 30ml","Rs 3,300","https://koreanbeautypoint.com/shop/medicube-glutathione-serum-age-r-glutathione-glow-serum-30ml-4864","https://koreanbeautypoint.com/web/image/product.product/8734/image_1024/%5Bmedicube%20glutathione%20serum%5D%20Age-R%20Glutathione%20Glow%20Serum%2030ml?unique=52f75a0"
"1784124373-475","https://koreanbeautypoint.com/page/product_brands","https://koreanbeautypoint.com/shop/brands?brand=101","Exosome Cica Ampoule 30ml","Rs 3,200","https://koreanbeautypoint.com/shop/medicube-exo-cica-serum-exosome-cica-ampoule-30ml-4862","https://koreanbeautypoint.com/web/image/product.product/8732/image_1024/%5Bmedicube%20exo%20cica%20serum%5D%20Exosome%20Cica%20Ampoule%2030ml?unique=433b209"
"1784124373-476","https://koreanbeautypoint.com/page/product_brands","https://koreanbeautypoint.com/shop/brands?brand=101","Hyaluronic Multi Peptide Serum 30ml","Rs 3,300","https://koreanbeautypoint.com/shop/medicube-ha-peptide-serum-hyaluronic-multi-peptide-serum-30ml-4866","https://koreanbeautypoint.com/web/image/product.product/8736/image_1024/%5Bmedicube%20ha%20peptide%20serum%5D%20Hyaluronic%20Multi%20Peptide%20Serum%2030ml?unique=0fae49a"
"1784124373-477","https://koreanbeautypoint.com/page/product_brands","https://koreanbeautypoint.com/shop/brands?brand=101","Deep Vita C Glutathione Brightening Mask","Rs 350","https://koreanbeautypoint.com/shop/medicube-glutathione-sheetmask-deep-vita-c-glutathione-brightening-mask-4865","https://koreanbeautypoint.com/web/image/product.product/8735/image_1024/%5Bmedicube%20glutathione%20sheetmask%5D%20Deep%20Vita%20C%20Glutathione%20Brightening%20Mask?unique=433b209"
"1784124373-478","https://koreanbeautypoint.com/page/product_brands","https://koreanbeautypoint.com/shop/brands?brand=101","Age-R Glutathione Glow Serum 30ml","Rs 3,300","https://koreanbeautypoint.com/shop/medicube-glutathione-serum-age-r-glutathione-glow-serum-30ml-4864","https://koreanbeautypoint.com/web/image/product.product/8734/image_1024/%5Bmedicube%20glutathione%20serum%5D%20Age-R%20Glutathione%20Glow%20Serum%2030ml?unique=52f75a0"
"1784124373-479","https://koreanbeautypoint.com/page/product_brands","https://koreanbeautypoint.com/shop/brands?brand=101","Exosome Cica Ampoule 30ml","Rs 3,200","https://koreanbeautypoint.com/shop/medicube-exo-cica-serum-exosome-cica-ampoule-30ml-4862","https://koreanbeautypoint.com/web/image/product.product/8732/image_1024/%5Bmedicube%20exo%20cica%20serum%5D%20Exosome%20Cica%20Ampoule%2030ml?unique=433b209"
"1784124373-480","https://koreanbeautypoint.com/page/product_brands","https://koreanbeautypoint.com/shop/brands?brand=101","Collagen Night Wrapping Mask 75ml","Rs 4,000","https://koreanbeautypoint.com/shop/medicube-collagen-wrap-collagen-night-wrapping-mask-75ml-4861","https://koreanbeautypoint.com/web/image/product.product/8731/image_1024/%5Bmedicube%20collagen%20wrap%5D%20Collagen%20Night%20Wrapping%20Mask%2075ml?unique=78bce67"
"1784124373-481","https://koreanbeautypoint.com/page/product_brands","https://koreanbeautypoint.com/shop/brands?brand=101","Triple Collagen Toner 4.0 140ml","Rs 3,500","https://koreanbeautypoint.com/shop/medicube-collagen-toner-triple-collagen-toner-40-140ml-4860","https://koreanbeautypoint.com/web/image/product.product/8730/image_1024/%5Bmedicube%20collagen%20toner%5D%20Triple%20Collagen%20Toner%204.0%20140ml?unique=eef4579"
"1784124373-482","https://koreanbeautypoint.com/page/product_brands","https://koreanbeautypoint.com/shop/brands?brand=101","Collagen Firming Sun Cream 50ml","Rs 3,000","https://koreanbeautypoint.com/shop/medicube-collagen-spf-collagen-firming-sun-cream-50ml-4859","https://koreanbeautypoint.com/web/image/product.product/8729/image_1024/%5Bmedicube%20collagen%20spf%5D%20Collagen%20Firming%20Sun%20Cream%2050ml?unique=52f75a0"
"1784124373-483","https://koreanbeautypoint.com/page/product_brands","https://koreanbeautypoint.com/shop/brands?brand=101","Collagen Lifting Mask","Rs 350","https://koreanbeautypoint.com/shop/medicube-collagen-sheetmask-collagen-lifting-mask-4858","https://koreanbeautypoint.com/web/image/product.product/8728/image_1024/%5Bmedicube%20collagen%20sheetmask%5D%20Collagen%20Lifting%20Mask?unique=1fa3a8f"
"1784124373-484","https://koreanbeautypoint.com/page/product_brands","https://koreanbeautypoint.com/shop/brands?brand=101","Collagen Jelly Cream 110ml","Rs 4,000","https://koreanbeautypoint.com/shop/medicube-collagen-jelly-cream-collagen-jelly-cream-110ml-4857","https://koreanbeautypoint.com/web/image/product.product/8727/image_1024/%5Bmedicube%20collagen%20jelly%20cream%5D%20Collagen%20Jelly%20Cream%20110ml?unique=1d94d6f"
"1784124373-485","https://koreanbeautypoint.com/page/product_brands","https://koreanbeautypoint.com/shop/brands?brand=101","Red Acne Body Peeling Shot 110g","Rs 3,000","https://koreanbeautypoint.com/shop/medicube-body-peeling-red-acne-body-peeling-shot-110g-4853","https://koreanbeautypoint.com/web/image/product.product/8723/image_1024/%5Bmedicube%20body%20peeling%5D%20Red%20Acne%20Body%20Peeling%20Shot%20110g?unique=06b3471"
"1784124373-486","https://koreanbeautypoint.com/page/product_brands","https://koreanbeautypoint.com/shop/brands?brand=101","Azelaic Acid Niacinamide Deep Clean Foam Cleanser 120g","Rs 3,000","https://koreanbeautypoint.com/shop/medicube-azelaic-foam-azelaic-acid-niacinamide-deep-clean-foam-cleanser-120g-4852","https://koreanbeautypoint.com/web/image/product.product/8722/image_1024/%5Bmedicube%20azelaic%20foam%5D%20Azelaic%20Acid%20Niacinamide%20Deep%20Clean%20Foam%20Cleanser%20120g?unique=6d2d985"
"1784124373-487","https://koreanbeautypoint.com/page/product_brands","https://koreanbeautypoint.com/shop/brands?brand=101","Azelaic Acid Exosome Shot 2000 30ml","Rs 3,500","https://koreanbeautypoint.com/shop/medicube-az-exo-shot-azelaic-acid-exosome-shot-2000-30ml-4851","https://koreanbeautypoint.com/web/image/product.product/8721/image_1024/%5Bmedicube%20az%20exo%20shot%5D%20Azelaic%20Acid%20Exosome%20Shot%202000%2030ml?unique=affe57f"
"1784124373-488","https://koreanbeautypoint.com/page/product_brands","https://koreanbeautypoint.com/shop/brands?brand=101","Azelaic Acid 16 BB Calming Serum 30ml","Rs 3,300","https://koreanbeautypoint.com/shop/medicube-az-16-serum-azelaic-acid-16-bb-calming-serum-30ml-4850","https://koreanbeautypoint.com/web/image/product.product/8720/image_1024/%5Bmedicube%20az%2016%20serum%5D%20Azelaic%20Acid%2016%20BB%20Calming%20Serum%2030ml?unique=9606aab"
"1784124373-489","https://koreanbeautypoint.com/page/product_brands","https://koreanbeautypoint.com/shop/brands?brand=101","Age-R Vita C Pro Ampoule 20ml","Rs 3,600","https://koreanbeautypoint.com/shop/medicube-age-r-vita-c-amp-age-r-vita-c-pro-ampoule-20ml-4849","https://koreanbeautypoint.com/web/image/product.product/8719/image_1024/%5Bmedicube%20age-r%20vita%20c%20amp%5D%20Age-R%20Vita%20C%20Pro%20Ampoule%2020ml?unique=feda26c"
"1784124373-490","https://koreanbeautypoint.com/page/product_brands","https://koreanbeautypoint.com/shop/brands?brand=101","Age-R Glutathione Glow Toner 140ml","Rs 3,500","https://koreanbeautypoint.com/shop/medicube-age-r-glow-toner-age-r-glutathione-glow-toner-140ml-4848","https://koreanbeautypoint.com/web/image/product.product/8718/image_1024/%5Bmedicube%20age%20r%20glow%20toner%5D%20Age-R%20Glutathione%20Glow%20Toner%20140ml?unique=feda26c"
"1784124373-491","https://koreanbeautypoint.com/page/product_brands","https://koreanbeautypoint.com/shop/brands?brand=101","Kojic Acid Turmeric Vita Capsule Cream 53g","Rs 3,600","https://koreanbeautypoint.com/shop/medicube-kojic-capsule-cream-kojic-acid-turmeric-vita-capsule-cream-53g-7673","https://koreanbeautypoint.com/web/image/product.product/11691/image_1024/%5Bmedicube%20kojic%20capsule%20cream%5D%20Kojic%20Acid%20Turmeric%20Vita%20Capsule%20Cream%2053g?unique=433b209"
"1784124373-492","https://koreanbeautypoint.com/page/product_brands","https://koreanbeautypoint.com/shop/brands?brand=101","Hyaluronic Moisturizing Capsule Cream 55g","Rs 3,600","https://koreanbeautypoint.com/shop/medicube-hyaluronic-capsule-cream-hyaluronic-moisturizing-capsule-cream-55g-7672","https://koreanbeautypoint.com/web/image/product.product/11690/image_1024/%5Bmedicube%20hyaluronic%20capsule%20cream%5D%20Hyaluronic%20Moisturizing%20Capsule%20Cream%2055g?unique=1fa3a8f"
"1784124373-493","https://koreanbeautypoint.com/page/product_brands","https://koreanbeautypoint.com/shop/brands?brand=101","Kojic Acid Turmeric Body Peel Shot","Rs 3,300","https://koreanbeautypoint.com/shop/medicube-kojic-peel-shot-kojic-acid-turmeric-body-peel-shot-8766","https://koreanbeautypoint.com/web/image/product.product/15524/image_1024/%5Bmedicube%20kojic%20peel%20shot%5D%20Kojic%20Acid%20Turmeric%20Body%20Peel%20Shot?unique=3205146"
"1784124373-494","https://koreanbeautypoint.com/page/product_brands","https://koreanbeautypoint.com/shop/brands?brand=101","Kojic Acid Turmeric Niacinamide Serum","Rs 3,300","https://koreanbeautypoint.com/shop/medicube-kojic-serum-kojic-acid-turmeric-niacinamide-serum-8752","https://koreanbeautypoint.com/web/image/product.product/15510/image_1024/%5Bmedicube%20kojic%20serum%5D%20Kojic%20Acid%20Turmeric%20Niacinamide%20Serum?unique=f9241da"
"1784124373-495","https://koreanbeautypoint.com/page/product_brands","https://koreanbeautypoint.com/shop/brands?brand=101","PDRN Collagen Glow Jelly Serum","Rs 3,300","https://koreanbeautypoint.com/shop/medicube-pdrn-jelly-serum-pdrn-collagen-glow-jelly-serum-8741","https://koreanbeautypoint.com/web/image/product.product/15499/image_1024/%5Bmedicube%20PDRN%20jelly%20serum%5D%20PDRN%20Collagen%20Glow%20Jelly%20Serum?unique=d8a9f46"
"1784124373-496","https://koreanbeautypoint.com/page/product_brands","https://koreanbeautypoint.com/shop/brands?brand=101","Kojic Acid Turmeric Toning Cleanser","Rs 2,300","https://koreanbeautypoint.com/shop/medicube-turmeric-cleanser-kojic-acid-turmeric-toning-cleanser-8740","https://koreanbeautypoint.com/web/image/product.product/15498/image_1024/%5Bmedicube%20turmeric%20cleanser%5D%20Kojic%20Acid%20Turmeric%20Toning%20Cleanser?unique=433b209"
"1784124373-497","https://koreanbeautypoint.com/page/product_brands","https://koreanbeautypoint.com/shop/brands?brand=101","Kojic Acid Turmeric Resurfacing Toner","Rs 3,500","https://koreanbeautypoint.com/shop/medicube-turmeric-toner-250ml-kojic-acid-turmeric-resurfacing-toner-8739","https://koreanbeautypoint.com/web/image/product.product/15497/image_1024/%5Bmedicube%20turmeric%20toner%20250ml%5D%20Kojic%20Acid%20Turmeric%20Resurfacing%20Toner?unique=a4165f6"
"1784124373-498","https://koreanbeautypoint.com/page/product_brands","https://koreanbeautypoint.com/shop/brands?brand=101","Kojic Acid Turmeric Vita Jelly Mist Serum","Rs 3,500","https://koreanbeautypoint.com/shop/medicube-turmeric-serum-kojic-acid-turmeric-vita-jelly-mist-serum-8729","https://koreanbeautypoint.com/web/image/product.product/15487/image_1024/%5Bmedicube%20turmeric%20serum%5D%20Kojic%20Acid%20Turmeric%20Vita%20Jelly%20Mist%20Serum?unique=55d672c"
"1784124373-499","https://koreanbeautypoint.com/page/product_brands","https://koreanbeautypoint.com/shop/brands?brand=101","Zero Pore Blackhead Mud Mask 100g","Rs 2,800","https://koreanbeautypoint.com/shop/medicube-zero-pore-mud-mask-zero-pore-blackhead-mud-mask-100g-4896","https://koreanbeautypoint.com/web/image/product.product/8766/image_1024/%5Bmedicube%20zero%20pore%20mud%20mask%5D%20Zero%20Pore%20Blackhead%20Mud%20Mask%20100g?unique=3dfb0f2"
"1784124373-500","https://koreanbeautypoint.com/page/product_brands","https://koreanbeautypoint.com/shop/brands?brand=101","Zero Pore Pad Mild 70 Pads","Rs 3,800","https://koreanbeautypoint.com/shop/medicube-zero-pore-mild-pad-zero-pore-pad-mild-70-pads-4895","https://koreanbeautypoint.com/web/image/product.product/8765/image_1024/%5Bmedicube%20zero%20pore%20mild%20pad%5D%20Zero%20Pore%20Pad%20Mild%2070%20Pads?unique=eed15ed"
"1784124373-501","https://koreanbeautypoint.com/page/product_brands","https://koreanbeautypoint.com/shop/brands?brand=101","Zero Pore Cream 2.0","Rs 3,300","https://koreanbeautypoint.com/shop/medicube-zero-pore-cream-20-zero-pore-cream-20-4894","https://koreanbeautypoint.com/web/image/product.product/8764/image_1024/%5Bmedicube%20zero%20pore%20cream%202.0%5D%20Zero%20Pore%20Cream%202.0?unique=affe57f"
"1784124373-502","https://koreanbeautypoint.com/page/product_brands","https://koreanbeautypoint.com/shop/brands?brand=101","Zero Pore Pad 2.0 70 Pads","Rs 4,000","https://koreanbeautypoint.com/shop/medicube-zero-pore-20-pad-zero-pore-pad-20-70-pads-4893","https://koreanbeautypoint.com/web/image/product.product/8763/image_1024/%5Bmedicube%20zero%20pore%202.0%20pad%5D%20Zero%20Pore%20Pad%202.0%2070%20Pads?unique=7ff873f"
"1784124373-503","https://koreanbeautypoint.com/page/product_brands","https://koreanbeautypoint.com/shop/brands?brand=101","Zero Foam Cleanser 120ml","Rs 1,800","https://koreanbeautypoint.com/shop/medicube-zero-foam-zero-foam-cleanser-120ml-4892","https://koreanbeautypoint.com/web/image/product.product/8762/image_1024/%5Bmedicube%20zero%20foam%5D%20Zero%20Foam%20Cleanser%20120ml?unique=affe57f"
"1784124373-504","https://koreanbeautypoint.com/page/product_brands","https://koreanbeautypoint.com/shop/brands?brand=101","Deep Vita C Capsule Cream 55g","Rs 3,800","https://koreanbeautypoint.com/shop/medicube-vita-c-capsule-cream-deep-vita-c-capsule-cream-55g-4890","https://koreanbeautypoint.com/web/image/product.product/8760/image_1024/%5Bmedicube%20vita%20c%20capsule%20cream%5D%20Deep%20Vita%20C%20Capsule%20Cream%2055g?unique=affe57f"
"1784124373-505","https://koreanbeautypoint.com/page/product_brands","https://koreanbeautypoint.com/shop/brands?brand=101","TXA Niacinamide 15 Serum 30ml","Rs 3,300","https://koreanbeautypoint.com/shop/medicube-txa-serum-txa-niacinamide-15-serum-30ml-4889","https://koreanbeautypoint.com/web/image/product.product/8759/image_1024/%5Bmedicube%20TXA%20serum%5D%20TXA%20Niacinamide%2015%20Serum%2030ml?unique=98581a6"
"1784124373-506","https://koreanbeautypoint.com/page/product_brands","https://koreanbeautypoint.com/shop/brands?brand=101","TXA Niacinamide Capsule Cream 55g","Rs 3,600","https://koreanbeautypoint.com/shop/medicube-txa-capsule-cream-txa-niacinamide-capsule-cream-55g-4888","https://koreanbeautypoint.com/web/image/product.product/8758/image_1024/%5Bmedicube%20TXA%20capsule%20cream%5D%20TXA%20Niacinamide%20Capsule%20Cream%2055g?unique=e3aeb91"
"1784124373-507","https://koreanbeautypoint.com/page/product_brands","https://koreanbeautypoint.com/shop/brands?brand=101","Triple Collagen Cream 50ml","Rs 3,300","https://koreanbeautypoint.com/shop/medicube-triple-collagen-cream-triple-collagen-cream-50ml-4886","https://koreanbeautypoint.com/web/image/product.product/8756/image_1024/%5Bmedicube%20triple%20collagen%20cream%5D%20Triple%20Collagen%20Cream%2050ml?unique=affe57f"
"1784124373-508","https://koreanbeautypoint.com/page/product_brands","https://koreanbeautypoint.com/shop/brands?brand=101","Deep Peptide Radiance Mask","Rs 420","https://koreanbeautypoint.com/shop/medicube-peptide-sheetmask-deep-peptide-radiance-mask-4882","https://koreanbeautypoint.com/web/image/product.product/8752/image_1024/%5Bmedicube%20peptide%20sheetmask%5D%20Deep%20Peptide%20Radiance%20Mask?unique=affe57f"
"1784124373-509","https://koreanbeautypoint.com/page/product_brands","https://koreanbeautypoint.com/shop/brands?brand=101","PDRN Pink Hyaluronic Moisturizing Cream 50ml","Rs 2,500","https://koreanbeautypoint.com/shop/medicube-pdrn-pink-cream-pdrn-pink-hyaluronic-moisturizing-cream-50ml-4881","https://koreanbeautypoint.com/web/image/product.product/8751/image_1024/%5Bmedicube%20PDRN%20pink%20cream%5D%20PDRN%20Pink%20Hyaluronic%20Moisturizing%20Cream%2050ml?unique=681a734"
"1784124373-510","https://koreanbeautypoint.com/page/product_brands","https://koreanbeautypoint.com/shop/brands?brand=101","PDRN Pink Glutathione Serum Mist 100ml","Rs 3,600","https://koreanbeautypoint.com/shop/medicube-pdrn-mist-pdrn-pink-glutathione-serum-mist-100ml-4878","https://koreanbeautypoint.com/web/image/product.product/8748/image_1024/%5Bmedicube%20PDRN%20mist%5D%20PDRN%20Pink%20Glutathione%20Serum%20Mist%20100ml?unique=affe57f"
"1784124373-511","https://koreanbeautypoint.com/page/product_brands","https://koreanbeautypoint.com/shop/brands?brand=101","PDRN Pink Collagen Gel Mask 28g X 1 Sheet","Rs 650","https://koreanbeautypoint.com/shop/medicube-pdrn-gel-mask-pdrn-pink-collagen-gel-mask-28g-x-1-sheet-4875","https://koreanbeautypoint.com/web/image/product.product/8745/image_1024/%5Bmedicube%20PDRN%20gel%20mask%5D%20PDRN%20Pink%20Collagen%20Gel%20Mask%2028g%20X%201%20Sheet?unique=affe57f"
"1784124373-512","https://koreanbeautypoint.com/page/product_brands","https://koreanbeautypoint.com/shop/brands?brand=101","Age-R PDRN Booster Gel 300ml","Rs 4,500","https://koreanbeautypoint.com/shop/medicube-pdrn-booster-gel-age-r-pdrn-booster-gel-300ml-4871","https://koreanbeautypoint.com/web/image/product.product/8741/image_1024/%5Bmedicube%20PDRN%20booster%20gel%5D%20Age-R%20PDRN%20Booster%20Gel%20300ml?unique=06e5cfd"
"1784124373-513","https://koreanbeautypoint.com/page/product_brands","https://koreanbeautypoint.com/shop/brands?brand=101","Kojic Acid Turmeric Brightening Gel Mask","Rs 1,020","https://koreanbeautypoint.com/shop/medicube-kojic-gel-mask-kojic-acid-turmeric-brightening-gel-mask-4868","https://koreanbeautypoint.com/web/image/product.product/8738/image_1024/%5Bmedicube%20kojic%20gel%20mask%5D%20Kojic%20Acid%20Turmeric%20Brightening%20Gel%20Mask?unique=affe57f"
"1784124373-514","https://koreanbeautypoint.com/page/product_brands","https://koreanbeautypoint.com/shop/brands?brand=101","Age-R Glutathione Glow Capsule Cream 50ml","Rs 3,800","https://koreanbeautypoint.com/shop/medicube-glutathione-capsule-cream-age-r-glutathione-glow-capsule-cream-50ml-4863","https://koreanbeautypoint.com/web/image/product.product/8733/image_1024/%5Bmedicube%20glutathione%20capsule%20cream%5D%20Age-R%20Glutathione%20Glow%20Capsule%20Cream%2050ml?unique=433b209"
"1784124373-515","https://koreanbeautypoint.com/page/product_brands","https://koreanbeautypoint.com/shop/brands?brand=101","Collagen Glow Booster Milk Serum 15ml","Rs 3,300","https://koreanbeautypoint.com/shop/medicube-collagen-booster-milk-collagen-glow-booster-milk-serum-15ml-4856","https://koreanbeautypoint.com/web/image/product.product/8726/image_1024/%5Bmedicube%20collagen%20booster%20milk%5D%20Collagen%20Glow%20Booster%20Milk%20Serum%2015ml?unique=affe57f"
"1784124373-516","https://koreanbeautypoint.com/page/product_brands","https://koreanbeautypoint.com/shop/brands?brand=101","Super Cica Pad 70 Pads","Rs 4,000","https://koreanbeautypoint.com/shop/medicube-cica-pad-super-cica-pad-70-pads-4855","https://koreanbeautypoint.com/web/image/product.product/8725/image_1024/%5Bmedicube%20cica%20pad%5D%20Super%20Cica%20Pad%2070%20Pads?unique=affe57f"
"1784124373-517","https://koreanbeautypoint.com/page/product_brands","https://koreanbeautypoint.com/shop/brands?brand=101","Age-R Booster Pro Pink Edition English Version","Rs 60,000","https://koreanbeautypoint.com/shop/medicube-booster-pro-pink-age-r-booster-pro-pink-edition-english-version-4854","https://koreanbeautypoint.com/web/image/product.product/8724/image_1024/%5Bmedicube%20booster%20pro%20pink%5D%20Age-R%20Booster%20Pro%20Pink%20Edition%20English%20Version?unique=09c42d4"
"1784124373-518","https://koreanbeautypoint.com/page/product_brands","https://koreanbeautypoint.com/shop/brands?brand=101","Age-R Booster Pro","Rs 60,000","https://koreanbeautypoint.com/shop/medicube-age-r-booster-pro-age-r-booster-pro-4847","https://koreanbeautypoint.com/web/image/product.product/8717/image_1024/%5Bmedicube%20age%20r%20booster%20pro%5D%20Age-R%20Booster%20Pro?unique=affe57f"
"1784124373-519","https://koreanbeautypoint.com/page/product_brands","https://koreanbeautypoint.com/shop/brands?brand=101","Age-R Booster Gel 250ml","Rs 4,700","https://koreanbeautypoint.com/shop/medicube-age-r-booster-gel-age-r-booster-gel-250ml-4846","https://koreanbeautypoint.com/web/image/product.product/8716/image_1024/%5Bmedicube%20age%20r%20booster%20gel%5D%20Age-R%20Booster%20Gel%20250ml?unique=affe57f"
"1784124373-520","https://koreanbeautypoint.com/page/product_brands","https://koreanbeautypoint.com/shop/brands?brand=101","Red Acne Body Wash 2.0 400g","Rs 4,000","https://koreanbeautypoint.com/shop/medicube-acne-body-wash-red-acne-body-wash-20-400g-4845","https://koreanbeautypoint.com/web/image/product.product/8715/image_1024/%5Bmedicube%20acne%20body%20wash%5D%20Red%20Acne%20Body%20Wash%202.0%20400g?unique=06b3471"
"1784124382-521","https://koreanbeautypoint.com/page/product_brands","https://koreanbeautypoint.com/shop/brands?brand=16","Cica Teatree Aha Pha Blemish Toner","Rs 1,000","https://koreanbeautypoint.com/shop/cica-teatree-aha-pha-blemish-toner-4504","https://koreanbeautypoint.com/web/image/product.product/8130/image_1024/%5Bm%26m%20cica%20AHA%20BHA%20toner%5D%20Cica%20Teatree%20Aha%20Pha%20Blemish%20Toner%20%28200ml%29?unique=affe57f"
"1784124382-522","https://koreanbeautypoint.com/page/product_brands","https://koreanbeautypoint.com/shop/brands?brand=16","6 Peptide Complex Serum 30ml","Rs 2,600","https://koreanbeautypoint.com/shop/mm-peptide-serum-6-peptide-complex-serum-30ml-4819","https://koreanbeautypoint.com/web/image/product.product/8628/image_1024/%5Bm%26m%20peptide%20serum%5D%206%20Peptide%20Complex%20Serum%2030ml?unique=affe57f"
"1784124382-523","https://koreanbeautypoint.com/page/product_brands","https://koreanbeautypoint.com/shop/brands?brand=16","Vegan Wash Off Mask Mini Gift Set 5 Pcs","Rs 3,500","https://koreanbeautypoint.com/shop/mm-mask-set-mini-vegan-wash-off-mask-mini-gift-set-5-pcs-4817","https://koreanbeautypoint.com/web/image/product.product/8626/image_1024/%5Bm%26m%20mask%20set%20mini%5D%20Vegan%20Wash%20Off%20Mask%20Mini%20Gift%20Set%205%20Pcs?unique=09c42d4"
"1784124382-524","https://koreanbeautypoint.com/page/product_brands","https://koreanbeautypoint.com/shop/brands?brand=16","Soothing Gel Cream + Idebenone Blackberry Cream Duo Set 2 Pcs","Rs 4,000","https://koreanbeautypoint.com/shop/mm-cream-duo-set-soothing-gel-cream-idebenone-blackberry-cream-duo-set-2-pcs-4814","https://koreanbeautypoint.com/web/image/product.product/8623/image_1024/%5Bm%26m%20cream%20duo%20set%5D%20Soothing%20Gel%20Cream%20%2B%20Idebenone%20Blackberry%20Cream%20Duo%20Set%202%20Pcs?unique=affe57f"
"1784124382-525","https://koreanbeautypoint.com/page/product_brands","https://koreanbeautypoint.com/shop/brands?brand=16","Collagen Peptide Vital Mask 30 Sheets","Rs 4,000","https://koreanbeautypoint.com/shop/mm-collagen-peptide-mask-box-collagen-peptide-vital-mask-30-sheets-4813","https://koreanbeautypoint.com/web/image/product.product/8622/image_1024/%5Bm%26m%20collagen%20peptide%20mask%20box%5D%20Collagen%20Peptide%20Vital%20Mask%2030%20Sheets?unique=320408b"
"1784124382-526","https://koreanbeautypoint.com/page/product_brands","https://koreanbeautypoint.com/shop/brands?brand=16","Blackberry Complex Glow Wash Off Pack 125g","Rs 2,600","https://koreanbeautypoint.com/shop/mm-blackberry-wash-off-blackberry-complex-glow-wash-off-pack-125g-4812","https://koreanbeautypoint.com/web/image/product.product/8621/image_1024/%5Bm%26m%20blackberry%20wash%20off%5D%20Blackberry%20Complex%20Glow%20Wash%20Off%20Pack%20125g?unique=8a6cf00"
"1784124382-527","https://koreanbeautypoint.com/page/product_brands","https://koreanbeautypoint.com/shop/brands?brand=16","100% Fabric Beauty Pouch 1 pc","Rs 1,000","https://koreanbeautypoint.com/shop/mm-beauty-pouch-100-fabric-beauty-pouch-1-pc-4811","https://koreanbeautypoint.com/web/image/product.product/8620/image_1024/%5Bm%26m%20beauty%20pouch%5D%20100%25%20Fabric%20Beauty%20Pouch%201%20pc?unique=68d4114"
"1784124382-528","https://koreanbeautypoint.com/page/product_brands","https://koreanbeautypoint.com/shop/brands?brand=16","Vegan Peptide Bakuchiol Sun Stick 18g","Rs 2,850","https://koreanbeautypoint.com/shop/mm-bakuchiol-sunstick-vegan-peptide-bakuchiol-sun-stick-18g-4810","https://koreanbeautypoint.com/web/image/product.product/8619/image_1024/%5Bm%26m%20bakuchiol%20sunstick%5D%20Vegan%20Peptide%20Bakuchiol%20Sun%20Stick%2018g?unique=68d4114"
"1784124382-529","https://koreanbeautypoint.com/page/product_brands","https://koreanbeautypoint.com/shop/brands?brand=16","Tranexamic Acid + Glutathione Eye Cream","Rs 1,000","https://koreanbeautypoint.com/shop/tranexamic-acid-glutathione-eye-cream-5176","https://koreanbeautypoint.com/web/image/product.product/9143/image_1024/%5Bm%26m%20TXA%20eye%20cream%20mini%5D%20Tranexamic%20Acid%20%2B%20Glutathione%20Eye%20Cream%20%2812g%29?unique=affe57f"
"1784124382-530","https://koreanbeautypoint.com/page/product_brands","https://koreanbeautypoint.com/shop/brands?brand=16","Calendula Peptide Ageless Sleeping Mask 110g","Rs 3,600","https://koreanbeautypoint.com/shop/mm-peptide-sleeping-mask-calendula-peptide-ageless-sleeping-mask-110g-7669","https://koreanbeautypoint.com/web/image/product.product/11687/image_1024/%5Bm%26m%20peptide%20sleeping%20mask%5D%20Calendula%20Peptide%20Ageless%20Sleeping%20Mask%20110g?unique=7d7c7c3"
"1784124382-531","https://koreanbeautypoint.com/page/product_brands","https://koreanbeautypoint.com/shop/brands?brand=16","Vitamin B, C, E Cleansing Balm","Rs 2,600","https://koreanbeautypoint.com/shop/mm-vita-b-c-e-balm-vitamin-b-c-e-cleansing-balm-4822","https://koreanbeautypoint.com/web/image/product.product/8631/image_1024/%5Bm%26m%20vita%20B%20C%20E%20balm%5D%20Vitamin%20B%2C%20C%2C%20E%20Cleansing%20Balm?unique=affe57f"
"1784124382-532","https://koreanbeautypoint.com/page/product_brands","https://koreanbeautypoint.com/shop/brands?brand=16","Cica Houttuynia Tea Tree Calming Mask 400ml 30 Sheets","Rs 4,200","https://koreanbeautypoint.com/shop/mm-tea-tree-mask-box-cica-houttuynia-tea-tree-calming-mask-400ml-30-sheets-4821","https://koreanbeautypoint.com/web/image/product.product/8630/image_1024/%5Bm%26m%20tea%20tree%20mask%20box%5D%20Cica%20Houttuynia%20Tea%20Tree%20Calming%20Mask%20400ml%2030%20Sheets?unique=affe57f"
"1784124382-533","https://koreanbeautypoint.com/page/product_brands","https://koreanbeautypoint.com/shop/brands?brand=16","Soothing Wash Off Mask Pack 125g","Rs 1,800","https://koreanbeautypoint.com/shop/mm-soothing-wash-off-soothing-wash-off-mask-pack-125g-4820","https://koreanbeautypoint.com/web/image/product.product/8629/image_1024/%5Bm%26m%20soothing%20wash%20off%5D%20Soothing%20Wash%20Off%20Mask%20Pack%20125g?unique=c20731d"
"1784124382-534","https://koreanbeautypoint.com/page/product_brands","https://koreanbeautypoint.com/shop/brands?brand=16","Niacinamide Vitamin C Brightening Mask 400ml 30 Sheets","Rs 4,200","https://koreanbeautypoint.com/shop/mm-niacin-vita-c-mask-box-niacinamide-vitamin-c-brightening-mask-400ml-30-sheets-4818","https://koreanbeautypoint.com/web/image/product.product/8627/image_1024/%5Bm%26m%20niacin%20vita%20c%20mask%20box%5D%20Niacinamide%20Vitamin%20C%20Brightening%20Mask%20400ml%2030%20Sheets?unique=affe57f"
"1784124382-535","https://koreanbeautypoint.com/page/product_brands","https://koreanbeautypoint.com/shop/brands?brand=16","Idebenone + Blackberry Complex Serum 30ml","Rs 3,000","https://koreanbeautypoint.com/shop/mm-idebenone-serum-idebenone-blackberry-complex-serum-30ml-4816","https://koreanbeautypoint.com/web/image/product.product/8625/image_1024/%5Bm%26m%20idebenone%20serum%5D%20Idebenone%20%2B%20Blackberry%20Complex%20Serum%2030ml?unique=affe57f"
"1784124382-536","https://koreanbeautypoint.com/page/product_brands","https://koreanbeautypoint.com/shop/brands?brand=16","Idebenone Blackberry Intense Cream 70g","Rs 2,500","https://koreanbeautypoint.com/shop/mm-idebenone-cream-idebenone-blackberry-intense-cream-70g-4815","https://koreanbeautypoint.com/web/image/product.product/8624/image_1024/%5Bm%26m%20idebenone%20cream%5D%20Idebenone%20Blackberry%20Intense%20Cream%2070g?unique=97f9eae"
"1784124382-537","https://koreanbeautypoint.com/page/product_brands","https://koreanbeautypoint.com/shop/brands?brand=16","Spicule Retinol PDRN Cream 15g","Rs 1,500","https://koreanbeautypoint.com/shop/mm-spicule-retinol-cream-spicule-retinol-pdrn-cream-15g-7671","https://koreanbeautypoint.com/web/image/product.product/11689/image_1024/%5Bm%26m%20spicule%20retinol%20cream%5D%20Spicule%20Retinol%20PDRN%20Cream%2015g?unique=1bc8b1f"
"1784124382-538","https://koreanbeautypoint.com/page/product_brands","https://koreanbeautypoint.com/shop/brands?brand=16","Spicule Collagen PDRN Cream 15g","Rs 1,500","https://koreanbeautypoint.com/shop/mm-spicule-collagen-cream-spicule-collagen-pdrn-cream-15g-7670","https://koreanbeautypoint.com/web/image/product.product/11688/image_1024/%5Bm%26m%20spicule%20collagen%20cream%5D%20Spicule%20Collagen%20PDRN%20Cream%2015g?unique=b82d22d"
"1784124382-539","https://koreanbeautypoint.com/page/product_brands","https://koreanbeautypoint.com/shop/brands?brand=16","Sensitive Soothing Gel Cream Tube 100g","Rs 2,300","https://koreanbeautypoint.com/shop/mm-soothing-gel-cream-sensitive-soothing-gel-cream-tube-100g-7668","https://koreanbeautypoint.com/web/image/product.product/11686/image_1024/%5Bm%26m%20soothing%20gel%20cream%5D%20Sensitive%20Soothing%20Gel%20Cream%20Tube%20100g?unique=a561267"
"1784124382-540","https://koreanbeautypoint.com/page/product_brands","https://koreanbeautypoint.com/shop/brands?brand=16","Spicule Retinol PDRN Cream 15g","Rs 1,500","https://koreanbeautypoint.com/shop/mm-spicule-retinol-cream-spicule-retinol-pdrn-cream-15g-7671","https://koreanbeautypoint.com/web/image/product.product/11689/image_1024/%5Bm%26m%20spicule%20retinol%20cream%5D%20Spicule%20Retinol%20PDRN%20Cream%2015g?unique=1bc8b1f"
"1784124382-541","https://koreanbeautypoint.com/page/product_brands","https://koreanbeautypoint.com/shop/brands?brand=16","Spicule Collagen PDRN Cream 15g","Rs 1,500","https://koreanbeautypoint.com/shop/mm-spicule-collagen-cream-spicule-collagen-pdrn-cream-15g-7670","https://koreanbeautypoint.com/web/image/product.product/11688/image_1024/%5Bm%26m%20spicule%20collagen%20cream%5D%20Spicule%20Collagen%20PDRN%20Cream%2015g?unique=b82d22d"
"1784124382-542","https://koreanbeautypoint.com/page/product_brands","https://koreanbeautypoint.com/shop/brands?brand=16","Sensitive Soothing Gel Cream Tube 100g","Rs 2,300","https://koreanbeautypoint.com/shop/mm-soothing-gel-cream-sensitive-soothing-gel-cream-tube-100g-7668","https://koreanbeautypoint.com/web/image/product.product/11686/image_1024/%5Bm%26m%20soothing%20gel%20cream%5D%20Sensitive%20Soothing%20Gel%20Cream%20Tube%20100g?unique=a561267"
"1784124390-543","https://koreanbeautypoint.com/page/product_brands","https://koreanbeautypoint.com/shop/brands?brand=99","Cinnamon Mint Toothpaste 85ml","Rs 1,800","https://koreanbeautypoint.com/shop/marvis-cinnamon-toothpaste-cinnamon-mint-toothpaste-85ml-4836","https://koreanbeautypoint.com/web/image/product.product/8659/image_1024/%5Bmarvis%20cinnamon%20toothpaste%5D%20Cinnamon%20Mint%20Toothpaste%2085ml?unique=affe57f"
"1784124399-544","https://koreanbeautypoint.com/page/product_brands","https://koreanbeautypoint.com/shop/brands?brand=43","Waterproof Pen Eyeliner","Rs 1,200","https://koreanbeautypoint.com/shop/waterproof-pen-eyeliner-5221","https://koreanbeautypoint.com/web/image/product.product/9206/image_1024/%5Bmqny%20eyeliner%20brown%20black%5D%20Waterproof%20Pen%20Eyeliner%20%28Brown%20Black%29?unique=d84a8ff"
"1784124408-545","https://koreanbeautypoint.com/page/product_brands","https://koreanbeautypoint.com/shop/brands?brand=98","Pure Cleansing Oil 200ml","Rs 3,300","https://koreanbeautypoint.com/shop/manyo-oil-pure-cleansing-oil-200ml-4835","https://koreanbeautypoint.com/web/image/product.product/8658/image_1024/%5Bmanyo%20oil%5D%20Pure%20Cleansing%20Oil%20200ml?unique=b3fc6fd"
"1784124417-546","https://koreanbeautypoint.com/page/product_brands","https://koreanbeautypoint.com/shop/brands?brand=31","Luv Beam Cheek Balm","Rs 1,300","https://koreanbeautypoint.com/shop/luv-beam-cheek-balm-4807","https://koreanbeautypoint.com/web/image/product.product/8604/image_1024/%5Blilybyred%20luv%20cheek%20balm%2006%5D%20Luv%20Beam%20Cheek%20Balm%20%28Fluffy%20Peach%29?unique=affe57f"
"1784124425-547","https://koreanbeautypoint.com/page/product_brands","https://koreanbeautypoint.com/shop/brands?brand=96","Retinol Night Cream 50ml","Rs 3,300","https://koreanbeautypoint.com/shop/lepique-retinol-cream-retinol-night-cream-50ml-4800","https://koreanbeautypoint.com/web/image/product.product/8573/image_1024/%5Blepique%20retinol%20cream%5D%20Retinol%20Night%20Cream%2050ml?unique=d84a8ff"
"1784124425-548","https://koreanbeautypoint.com/page/product_brands","https://koreanbeautypoint.com/shop/brands?brand=96","Glass Skin 14 Days Miracle Collagen Mask","Rs 1,020","https://koreanbeautypoint.com/shop/lepique-collagen-mask-glass-skin-14-days-miracle-collagen-mask-4799","https://koreanbeautypoint.com/web/image/product.product/8572/image_1024/%5Blepique%20collagen%20mask%5D%20Glass%20Skin%2014%20Days%20Miracle%20Collagen%20Mask?unique=affe57f"
"1784124434-549","https://koreanbeautypoint.com/page/product_brands","https://koreanbeautypoint.com/shop/brands?brand=15","Cream Skin Cerapeptide Refiner","Rs 1,200","https://koreanbeautypoint.com/shop/cream-skin-cerapeptide-refiner-4557","https://koreanbeautypoint.com/web/image/product.product/8195/image_1024/%5Blaneige%20cerapeptide%20refiner%20170ml%5D%20Cream%20Skin%20Cerapeptide%20Refiner%20%28170ml%29?unique=affe57f"
"1784124434-550","https://koreanbeautypoint.com/page/product_brands","https://koreanbeautypoint.com/shop/brands?brand=15","Cica Sleeping Mask","Rs 700","https://koreanbeautypoint.com/shop/cica-sleeping-mask-4503","https://koreanbeautypoint.com/web/image/product.product/8129/image_1024/%5Bcica%20sleeping%20mask%5D%20Cica%20Sleeping%20Mask%20%2860ml%29?unique=affe57f"
"1784124434-551","https://koreanbeautypoint.com/page/product_brands","https://koreanbeautypoint.com/shop/brands?brand=15","Bouncy & Firm Sleeping Mask Mini 10ml","Rs 1,000","https://koreanbeautypoint.com/shop/laneige-bouncy-sleeping-mask-mini-bouncy-firm-sleeping-mask-mini-10ml-4484","https://koreanbeautypoint.com/web/image/product.product/8095/image_1024/%5Blaneige%20bouncy%20sleeping%20mask%20mini%5D%20Bouncy%20%26%20Firm%20Sleeping%20Mask%20Mini%2010ml?unique=195a5a7"
"1784124434-552","https://koreanbeautypoint.com/page/product_brands","https://koreanbeautypoint.com/shop/brands?brand=15","Lip Sleeping Mask","Rs 500","https://koreanbeautypoint.com/shop/lip-sleeping-mask-4803","https://koreanbeautypoint.com/web/image/product.product/8580/image_1024/%5Blip%20sleeping%20mask%5D%20Lip%20Sleeping%20Mask%20%2820g%29?unique=e220f06"
"1784124434-553","https://koreanbeautypoint.com/page/product_brands","https://koreanbeautypoint.com/shop/brands?brand=15","Glaze Craze Tinted Lip Serum","Rs 3,200","https://koreanbeautypoint.com/shop/glaze-craze-tinted-lip-serum-4656","https://koreanbeautypoint.com/web/image/product.product/8345/image_1024/%5Blaneige%20cinnamon%20sugar%5D%20Glaze%20Craze%20Tinted%20Lip%20Serum%20%28Cinnamon%20sugar%29?unique=67cb696"
"1784124434-554","https://koreanbeautypoint.com/page/product_brands","https://koreanbeautypoint.com/shop/brands?brand=15","Cream Skin Cerapeptide Mist Pump","Rs 1,000","https://koreanbeautypoint.com/shop/laneige-skin-refiner-mist-pump-cream-skin-cerapeptide-mist-pump-4798","https://koreanbeautypoint.com/web/image/product.product/8571/image_1024/%5Blaneige%20skin%20refiner%20mist%20pump%5D%20Cream%20Skin%20Cerapeptide%20Mist%20Pump?unique=affe57f"
"1784124434-555","https://koreanbeautypoint.com/page/product_brands","https://koreanbeautypoint.com/shop/brands?brand=15","Bouncy & Firm Lip Treatment 12g","Rs 2,500","https://koreanbeautypoint.com/shop/laneige-bouncy-lip-treatment-bouncy-firm-lip-treatment-12g-4797","https://koreanbeautypoint.com/web/image/product.product/8570/image_1024/%5Blaneige%20bouncy%20lip%20treatment%5D%20Bouncy%20%26%20Firm%20Lip%20Treatment%2012g?unique=affe57f"
"1784124434-556","https://koreanbeautypoint.com/page/product_brands","https://koreanbeautypoint.com/shop/brands?brand=15","Water Sleeping Mask","Rs 600","https://koreanbeautypoint.com/shop/water-sleeping-mask-5218","https://koreanbeautypoint.com/web/image/product.product/9195/image_1024/%5Bwater%20sleeping%20mask%20mini%5D%20Water%20Sleeping%20Mask%20%2815ml%29?unique=affe57f"
"1784124443-557","https://koreanbeautypoint.com/page/product_brands","https://koreanbeautypoint.com/shop/brands?brand=153","Cellup Micro Foam Cleanser 120ml","Rs 2,000","https://koreanbeautypoint.com/shop/lagom-micro-foam-cellup-micro-foam-cleanser-120ml-7629","https://koreanbeautypoint.com/web/image/product.product/11647/image_1024/%5Blagom%20micro%20foam%5D%20Cellup%20Micro%20Foam%20Cleanser%20120ml?unique=a296d7a"
"1784124452-558","https://koreanbeautypoint.com/page/product_brands","https://koreanbeautypoint.com/shop/brands?brand=95","Anthelios UVMune 400 Oil Control Fluid SPF 50+ 50ml","Rs 4,500","https://koreanbeautypoint.com/shop/la-roche-oil-control-spf-anthelios-uvmune-400-oil-control-fluid-spf-50-50ml-4796","https://koreanbeautypoint.com/web/image/product.product/8569/image_1024/%5Bla%20roche%20oil%20control%20spf%5D%20Anthelios%20UVMune%20400%20Oil%20Control%20Fluid%20SPF%2050%2B%2050ml?unique=e00512b"
"1784124452-559","https://koreanbeautypoint.com/page/product_brands","https://koreanbeautypoint.com/shop/brands?brand=95","Anthelios Uvmune 400 Hydrating Tinted Cream SPF 50+","Rs 4,500","https://koreanbeautypoint.com/shop/la-roche-tinted-spf-anthelios-uvmune-400-hydrating-tinted-cream-spf-50-8726","https://koreanbeautypoint.com/web/image/product.product/15484/image_1024/%5Bla%20roche%20tinted%20spf%5D%20Anthelios%20Uvmune%20400%20Hydrating%20Tinted%20Cream%20SPF%2050%2B?unique=52f75a0"
"1784124452-560","https://koreanbeautypoint.com/page/product_brands","https://koreanbeautypoint.com/shop/brands?brand=95","Anthelios UVMune 400 Fluide Invisible SPF 50+ 50ml","Rs 4,500","https://koreanbeautypoint.com/shop/la-roche-invisible-spf-anthelios-uvmune-400-fluide-invisible-spf-50-50ml-4795","https://koreanbeautypoint.com/web/image/product.product/8568/image_1024/%5Bla%20roche%20invisible%20spf%5D%20Anthelios%20UVMune%20400%20Fluide%20Invisible%20SPF%2050%2B%2050ml?unique=affe57f"
"1784124452-561","https://koreanbeautypoint.com/page/product_brands","https://koreanbeautypoint.com/shop/brands?brand=95","Cicaplast Baume B5+ Ultra-Repairing Soothing Balm 100ml","Rs 4,000","https://koreanbeautypoint.com/shop/la-roche-cicaplast-cicaplast-baume-b5-ultra-repairing-soothing-balm-100ml-4794","https://koreanbeautypoint.com/web/image/product.product/8567/image_1024/%5Bla%20roche%20cicaplast%5D%20Cicaplast%20Baume%20B5%2B%20Ultra-Repairing%20Soothing%20Balm%20100ml?unique=60c206e"
"1784124460-562","https://koreanbeautypoint.com/page/product_brands","https://koreanbeautypoint.com/shop/brands?brand=160","Suncut UV Protect Spray Super Waterproof SPF 50+ PA++++ 60g","Rs 2,300","https://koreanbeautypoint.com/shop/kose-suncut-uv-spray-suncut-uv-protect-spray-super-waterproof-spf-50-pa-60g-7667","https://koreanbeautypoint.com/web/image/product.product/11685/image_1024/%5Bkose%20suncut%20uv%20spray%5D%20Suncut%20UV%20Protect%20Spray%20Super%20Waterproof%20SPF%2050%2B%20PA%2B%2B%2B%2B%2060g?unique=681a734"
"1784124469-563","https://koreanbeautypoint.com/page/product_brands","https://koreanbeautypoint.com/shop/brands?brand=172","Curepair Melder SOS System Set","Rs 3,000","https://koreanbeautypoint.com/shop/kopher-sos-set-curepair-melder-sos-system-set-8737","https://koreanbeautypoint.com/web/image/product.product/15495/image_1024/%5Bkopher%20sos%20set%5D%20Curepair%20Melder%20SOS%20System%20Set?unique=d47f5ac"
"1784124479-564","https://koreanbeautypoint.com/page/product_brands","https://koreanbeautypoint.com/shop/brands?brand=82","Chronologiste L'huile De Parfum Hair Oil 75ml","","https://koreanbeautypoint.com/shop/kerastase-hair-oil-chronologiste-lhuile-de-parfum-hair-oil-75ml-4780","https://koreanbeautypoint.com/web/image/product.product/8546/image_1024/%5Bkerastase%20hair%20oil%5D%20Chronologiste%20L%27huile%20De%20Parfum%20Hair%20Oil%2075ml?unique=affe57f"
"1784124479-565","https://koreanbeautypoint.com/page/product_brands","https://koreanbeautypoint.com/shop/brands?brand=82","Densifique Bain Densite Bodifying Shampoo 500ml","","https://koreanbeautypoint.com/shop/kerastase-bodifying-shampoo-densifique-bain-densite-bodifying-shampoo-500ml-4779","https://koreanbeautypoint.com/web/image/product.product/8545/image_1024/%5Bkerastase%20bodifying%20shampoo%5D%20Densifique%20Bain%20Densite%20Bodifying%20Shampoo%20500ml?unique=affe57f"
"1784124479-566","https://koreanbeautypoint.com/page/product_brands","https://koreanbeautypoint.com/shop/brands?brand=82","Genesis Serum Anti-Chute Fortifiant 90ml","Rs 9,000","https://koreanbeautypoint.com/shop/genesis-hair-serum-genesis-serum-anti-chute-fortifiant-90ml-4649","https://koreanbeautypoint.com/web/image/product.product/8323/image_1024/%5Bgenesis%20hair%20serum%5D%20Genesis%20Serum%20Anti-Chute%20Fortifiant%2090ml?unique=affe57f"
"1784124488-567","https://koreanbeautypoint.com/page/product_brands","https://koreanbeautypoint.com/shop/brands?brand=178","Nadeshiko Keana Rice Pack","Rs 3,300","https://koreanbeautypoint.com/shop/keana-rice-pack-nadeshiko-keana-rice-pack-8754","https://koreanbeautypoint.com/web/image/product.product/15512/image_1024/%5Bkeana%20rice%20pack%5D%20Nadeshiko%20Keana%20Rice%20Pack?unique=8dfa6ce"
"1784124497-568","https://koreanbeautypoint.com/page/product_brands","https://koreanbeautypoint.com/shop/brands?brand=58","UV Aqua Rich Aqua Protect Mist SPF 50 PA++++ Refill 60ml","Rs 2,200","https://koreanbeautypoint.com/shop/biore-sun-spray-refill-uv-aqua-rich-aqua-protect-mist-spf-50-pa-refill-60ml-4458","https://koreanbeautypoint.com/web/image/product.product/8068/image_1024/%5Bbiore%20sun%20spray%20refill%5D%20UV%20Aqua%20Rich%20Aqua%20Protect%20Mist%20SPF%2050%20PA%2B%2B%2B%2B%20Refill%2060ml?unique=affe57f"
"1784124497-569","https://koreanbeautypoint.com/page/product_brands","https://koreanbeautypoint.com/shop/brands?brand=58","UV Aqua Rich Watery Essence SPF 50+ PA++++ 70ml","Rs 2,500","https://koreanbeautypoint.com/shop/biore-spf-70ml-uv-aqua-rich-watery-essence-spf-50-pa-70ml-4457","https://koreanbeautypoint.com/web/image/product.product/8067/image_1024/%5Bbiore%20spf%2070ml%5D%20UV%20Aqua%20Rich%20Watery%20Essence%20SPF%2050%2B%20PA%2B%2B%2B%2B%2070ml?unique=e00008a"
"1784124506-570","https://koreanbeautypoint.com/page/product_brands","https://koreanbeautypoint.com/shop/brands?brand=93","Kombu Balancing Ampoule Toner 150ml","Rs 2,600","https://koreanbeautypoint.com/shop/kaine-kombu-toner-kombu-balancing-ampoule-toner-150ml-4777","https://koreanbeautypoint.com/web/image/product.product/8543/image_1024/%5Bkaine%20kombu%20toner%5D%20Kombu%20Balancing%20Ampoule%20Toner%20150ml?unique=46c77d4"
"1784124506-571","https://koreanbeautypoint.com/page/product_brands","https://koreanbeautypoint.com/shop/brands?brand=93","Chaga Collagen Charging Serum 30ml","Rs 2,600","https://koreanbeautypoint.com/shop/kaine-chaga-collagen-serum-chaga-collagen-charging-serum-30ml-4776","https://koreanbeautypoint.com/web/image/product.product/8542/image_1024/%5Bkaine%20chaga%20collagen%20serum%5D%20Chaga%20Collagen%20Charging%20Serum%2030ml?unique=affe57f"
"1784124518-572","https://koreanbeautypoint.com/page/product_brands","https://koreanbeautypoint.com/shop/brands?brand=128","Seoul 1988 Sun: Pine Tree + Ceramide","Rs 1,000","https://koreanbeautypoint.com/shop/seoul-1988-sun-pine-tree-ceramide-5081","https://koreanbeautypoint.com/web/image/product.product/10600/image_1024/%5Bseoul%20pine%20spf%20mini%5D%20Seoul%201988%20Sun:%20Pine%20Tree%20%2B%20Ceramide%20%2815ml%29?unique=f199a78"
"1784124518-573","https://koreanbeautypoint.com/page/product_brands","https://koreanbeautypoint.com/shop/brands?brand=128","Seoul 1988 Eye Cream: Retinal Liposome 4% + Fermented Bean","Rs 700","https://koreanbeautypoint.com/shop/seoul-1988-eye-cream-retinal-liposome-4-fermented-bean-5083","https://koreanbeautypoint.com/web/image/product.product/10598/image_1024/%5Bseoul%20retinal%20eye%20cream%20mini%5D%20Seoul%201988%20Eye%20Cream:%20Retinal%20Liposome%204%25%20%2B%20Fermented%20Bean%20%2810ml%29?unique=421a233"
"1784124518-574","https://koreanbeautypoint.com/page/product_brands","https://koreanbeautypoint.com/shop/brands?brand=128","Seoul 1988 Glow Serum : Niacinamide 15% + Yuja 30ml","Rs 3,200","https://koreanbeautypoint.com/shop/seoul-yuja-serum-seoul-1988-glow-serum-niacinamide-15-yuja-30ml-5089","https://koreanbeautypoint.com/web/image/product.product/9031/image_1024/%5Bseoul%20yuja%20serum%5D%20Seoul%201988%20Glow%20Serum%20:%20Niacinamide%2015%25%20%2B%20Yuja%2030ml?unique=bf9a588"
"1784124518-575","https://koreanbeautypoint.com/page/product_brands","https://koreanbeautypoint.com/shop/brands?brand=128","Seoul 1988 Essence Snail Mucin 97% + Rice 100ml","Rs 3,000","https://koreanbeautypoint.com/shop/seoul-snail-essence-seoul-1988-essence-snail-mucin-97-rice-100ml-5087","https://koreanbeautypoint.com/web/image/product.product/9029/image_1024/%5Bseoul%20snail%20essence%5D%20Seoul%201988%20Essence%20Snail%20Mucin%2097%25%20%2B%20Rice%20100ml?unique=433b209"
"1784124518-576","https://koreanbeautypoint.com/page/product_brands","https://koreanbeautypoint.com/shop/brands?brand=128","Seoul 1988 Cream: Snail Mucin 93 + Rice 100ml","Rs 3,000","https://koreanbeautypoint.com/shop/seoul-snail-cream-seoul-1988-cream-snail-mucin-93-rice-100ml-5086","https://koreanbeautypoint.com/web/image/product.product/9028/image_1024/%5Bseoul%20snail%20cream%5D%20Seoul%201988%20Cream:%20Snail%20Mucin%2093%20%2B%20Rice%20100ml?unique=04a431c"
"1784124518-577","https://koreanbeautypoint.com/page/product_brands","https://koreanbeautypoint.com/shop/brands?brand=128","Seoul 1988 Advanced Shot : Retinal Liposome 12% + Black Rice 15ml","Rs 3,500","https://koreanbeautypoint.com/shop/seoul-retinal-shot-seoul-1988-advanced-shot-retinal-liposome-12-black-rice-15ml-5085","https://koreanbeautypoint.com/web/image/product.product/9027/image_1024/%5Bseoul%20retinal%20shot%5D%20Seoul%201988%20Advanced%20Shot%20:%20Retinal%20Liposome%2012%25%20%2B%20Black%20Rice%2015ml?unique=affe57f"
"1784124518-578","https://koreanbeautypoint.com/page/product_brands","https://koreanbeautypoint.com/shop/brands?brand=128","Seoul 1988 Serum Retinal Lipsome 2% + Black Ginseng 30ml","Rs 3,300","https://koreanbeautypoint.com/shop/seoul-retinal-serum-seoul-1988-serum-retinal-lipsome-2-black-ginseng-30ml-5084","https://koreanbeautypoint.com/web/image/product.product/9026/image_1024/%5Bseoul%20retinal%20serum%5D%20Seoul%201988%20Serum%20Retinal%20Lipsome%202%25%20%2B%20Black%20Ginseng%2030ml?unique=cd393ad"
"1784124518-579","https://koreanbeautypoint.com/page/product_brands","https://koreanbeautypoint.com/shop/brands?brand=128","Seoul 1988 Cream: Retinal Lipsome 1% + Fermented Rice 50ml","Rs 3,000","https://koreanbeautypoint.com/shop/seoul-retinal-cream-seoul-1988-cream-retinal-lipsome-1-fermented-rice-50ml-5082","https://koreanbeautypoint.com/web/image/product.product/9024/image_1024/%5Bseoul%20retinal%20cream%5D%20Seoul%201988%20Cream:%20Retinal%20Lipsome%201%25%20%2B%20Fermented%20Rice%2050ml?unique=a67d88b"
"1784124518-580","https://koreanbeautypoint.com/page/product_brands","https://koreanbeautypoint.com/shop/brands?brand=128","Seoul 1988 Sun : Collagen Complex 7 + Plum 30ml","Rs 2,600","https://koreanbeautypoint.com/shop/seoul-collagen-spf-seoul-1988-sun-collagen-complex-7-plum-30ml-5078","https://koreanbeautypoint.com/web/image/product.product/9020/image_1024/%5Bseoul%20collagen%20spf%5D%20Seoul%201988%20Sun%20:%20Collagen%20Complex%207%20%2B%20Plum%2030ml?unique=cc44cfa"
"1784124518-581","https://koreanbeautypoint.com/page/product_brands","https://koreanbeautypoint.com/shop/brands?brand=128","Seoul 1988 Boosting Serum: Collagen Complex 7 + Red Ginseng 30ml","Rs 3,300","https://koreanbeautypoint.com/shop/seoul-collagen-serum-seoul-1988-boosting-serum-collagen-complex-7-red-ginseng-30ml-5077","https://koreanbeautypoint.com/web/image/product.product/9019/image_1024/%5Bseoul%20collagen%20serum%5D%20Seoul%201988%20Boosting%20Serum:%20Collagen%20Complex%207%20%2B%20Red%20Ginseng%2030ml?unique=82d408b"
"1784124518-582","https://koreanbeautypoint.com/page/product_brands","https://koreanbeautypoint.com/shop/brands?brand=128","Seoul 1988 Boosting Ball : Collagen 100% 15ml","Rs 3,500","https://koreanbeautypoint.com/shop/seoul-collagen-ball-seoul-1988-boosting-ball-collagen-100-15ml-5076","https://koreanbeautypoint.com/web/image/product.product/9018/image_1024/%5Bseoul%20collagen%20ball%5D%20Seoul%201988%20Boosting%20Ball%20:%20Collagen%20100%25%2015ml?unique=affe57f"
"1784124518-583","https://koreanbeautypoint.com/page/product_brands","https://koreanbeautypoint.com/shop/brands?brand=128","Seoul 1988 Sleeping Mask : Collagen Complex 7 + Red Bean 60ml","Rs 3,300","https://koreanbeautypoint.com/shop/seoul-collagen-sleeping-mask-seoul-1988-sleeping-mask-collagen-complex-7-red-bean-60ml-7636","https://koreanbeautypoint.com/web/image/product.product/11654/image_1024/%5Bseoul%20collagen%20sleeping%20mask%5D%20Seoul%201988%20Sleeping%20Mask%20:%20Collagen%20Complex%207%20%2B%20Red%20Bean%2060ml?unique=1530c02"
"1784124518-584","https://koreanbeautypoint.com/page/product_brands","https://koreanbeautypoint.com/shop/brands?brand=128","Seoul 1988 Repair Cream : Niacica 20% + Mugwort","Rs 1,000","https://koreanbeautypoint.com/shop/seoul-1988-repair-cream-niacica-20-mugwort-7612","https://koreanbeautypoint.com/web/image/product.product/11731/image_1024/%5Bseoul%20mugwort%20cream%20mini%5D%20Seoul%201988%20Repair%20Cream%20:%20Niacica%2020%25%20%2B%20Mugwort%20%2815ml%29?unique=affe57f"
"1784124518-585","https://koreanbeautypoint.com/page/product_brands","https://koreanbeautypoint.com/shop/brands?brand=128","Seoul 1988 Capsule Cream : Niacinamide 5% + Yuja 50ml","Rs 3,300","https://koreanbeautypoint.com/shop/seoul-yuja-cream-seoul-1988-capsule-cream-niacinamide-5-yuja-50ml-5088","https://koreanbeautypoint.com/web/image/product.product/9030/image_1024/%5Bseoul%20yuja%20cream%5D%20Seoul%201988%20Capsule%20Cream%20:%20Niacinamide%205%25%20%2B%20Yuja%2050ml?unique=affe57f"
"1784124518-586","https://koreanbeautypoint.com/page/product_brands","https://koreanbeautypoint.com/shop/brands?brand=128","Seoul 1988 Cleansing Foam: Pine Cica 1% + Probiotics 150ml","Rs 2,000","https://koreanbeautypoint.com/shop/seoul-pine-foam-seoul-1988-cleansing-foam-pine-cica-1-probiotics-150ml-5080","https://koreanbeautypoint.com/web/image/product.product/9022/image_1024/%5Bseoul%20pine%20foam%5D%20Seoul%201988%20Cleansing%20Foam:%20Pine%20Cica%201%25%20%2B%20Probiotics%20150ml?unique=affe57f"
"1784124518-587","https://koreanbeautypoint.com/page/product_brands","https://koreanbeautypoint.com/shop/brands?brand=128","Seoul 1988 Cleansing Oil: Pine Cica 1% + Probiotics 200ml","Rs 3,200","https://koreanbeautypoint.com/shop/seoul-pine-co-seoul-1988-cleansing-oil-pine-cica-1-probiotics-200ml-5079","https://koreanbeautypoint.com/web/image/product.product/9021/image_1024/%5Bseoul%20pine%20co%5D%20Seoul%201988%20Cleansing%20Oil:%20Pine%20Cica%201%25%20%2B%20Probiotics%20200ml?unique=affe57f"
"1784124527-588","https://koreanbeautypoint.com/page/product_brands","https://koreanbeautypoint.com/shop/brands?brand=92","Korean Red Ginseng Extract 365 Stick 10g*30 Sticks","Rs 5,200","https://koreanbeautypoint.com/shop/jungwonsam-red-ginseng-stick-korean-red-ginseng-extract-365-stick-10g30-sticks-4775","https://koreanbeautypoint.com/web/image/product.product/8541/image_1024/%5Bjungwonsam%20red%20ginseng%20stick%5D%20Korean%20Red%20Ginseng%20Extract%20365%20Stick%2010g%2A30%20Sticks?unique=affe57f"
"1784124527-589","https://koreanbeautypoint.com/page/product_brands","https://koreanbeautypoint.com/shop/brands?brand=92","Fermented Red Ginseng Concentrate 240g","Rs 8,000","https://koreanbeautypoint.com/shop/jungwonsam-red-ginseng-concentrate-fermented-red-ginseng-concentrate-240g-4774","https://koreanbeautypoint.com/web/image/product.product/8540/image_1024/%5Bjungwonsam%20red%20ginseng%20concentrate%5D%20Fermented%20Red%20Ginseng%20Concentrate%20240g?unique=affe57f"
"1784124527-590","https://koreanbeautypoint.com/page/product_brands","https://koreanbeautypoint.com/shop/brands?brand=92","Nutrigarden Melting Up Liposome Vitamin C 2g X 30 Sticks","","https://koreanbeautypoint.com/shop/nutri-garden-vita-c-stick-nutrigarden-melting-up-liposome-vitamin-c-2g-x-30-sticks-4962","https://koreanbeautypoint.com/web/image/product.product/8859/image_1024/%5Bnutri%20garden%20vita%20c%20stick%5D%20Nutrigarden%20Melting%20Up%20Liposome%20Vitamin%20C%202g%20X%2030%20Sticks?unique=affe57f"
"1784124527-591","https://koreanbeautypoint.com/page/product_brands","https://koreanbeautypoint.com/shop/brands?brand=92","Korean Red Ginseng Stick Every Day Zero 15ml x 30 sticks","Rs 5,200","https://koreanbeautypoint.com/shop/jungwonsam-everyday-zero-stick-korean-red-ginseng-stick-every-day-zero-15ml-x-30-sticks-7666","https://koreanbeautypoint.com/web/image/product.product/11684/image_1024/%5Bjungwonsam%20everyday%20zero%20stick%5D%20Korean%20Red%20Ginseng%20Stick%20Every%20Day%20Zero%2015ml%20x%2030%20sticks?unique=589d095"
"1784124536-592","https://koreanbeautypoint.com/page/product_brands","https://koreanbeautypoint.com/shop/brands?brand=40","All Day Vitamin Pure C 5.5 Glow Serum 30ml","Rs 2,600","https://koreanbeautypoint.com/shop/jumiso-pure-c-55-serum-all-day-vitamin-pure-c-55-glow-serum-30ml-4773","https://koreanbeautypoint.com/web/image/product.product/8539/image_1024/%5Bjumiso%20pure%20c%205.5%20serum%5D%20All%20Day%20Vitamin%20Pure%20C%205.5%20Glow%20Serum%2030ml?unique=affe57f"
"1784124536-593","https://koreanbeautypoint.com/page/product_brands","https://koreanbeautypoint.com/shop/brands?brand=40","Niacinamide 20 Serum 40ml","Rs 3,000","https://koreanbeautypoint.com/shop/jumiso-niacin-serum-niacinamide-20-serum-40ml-4772","https://koreanbeautypoint.com/web/image/product.product/8538/image_1024/%5Bjumiso%20niacin%20serum%5D%20Niacinamide%2020%20Serum%2040ml?unique=3814b2f"
"1784124536-594","https://koreanbeautypoint.com/page/product_brands","https://koreanbeautypoint.com/shop/brands?brand=40","Snail Mucin 95 + Peptide Facial Essence","Rs 1,300","https://koreanbeautypoint.com/shop/snail-mucin-95-peptide-facial-essence-5139","https://koreanbeautypoint.com/web/image/product.product/9090/image_1024/%5Bjumiso%20snail%20peptide%20essence%20140ml%5D%20Snail%20Mucin%2095%20%2B%20Peptide%20Facial%20Essence%20%28140ml%29?unique=f3b8e5e"
"1784124536-595","https://koreanbeautypoint.com/page/product_brands","https://koreanbeautypoint.com/shop/brands?brand=40","Niacinamide 10 Serum 40ml","Rs 3,000","https://koreanbeautypoint.com/shop/jumiso-niacin-10-serum-niacinamide-10-serum-40ml-7633","https://koreanbeautypoint.com/web/image/product.product/11651/image_1024/%5Bjumiso%20niacin%2010%20serum%5D%20Niacinamide%2010%20Serum%2040ml?unique=433b209"
"1784124544-596","https://koreanbeautypoint.com/page/product_brands","https://koreanbeautypoint.com/shop/brands?brand=2","3D Curling Eyelash Iron Mascara","Rs 1,800","https://koreanbeautypoint.com/shop/3d-curling-eyelash-iron-mascara-4341","https://koreanbeautypoint.com/web/image/product.product/7922/image_1024/%5Bjudy%20mascara%2001%20black%5D%203D%20Curling%20Eyelash%20Iron%20Mascara%20%28Black%29?unique=60d38a7"
"1784124544-597","https://koreanbeautypoint.com/page/product_brands","https://koreanbeautypoint.com/shop/brands?brand=2","Volume & Curling Mascara Duo -Mascara - 6.5g","Rs 2,000","https://koreanbeautypoint.com/shop/judy-duo-mascara-volume-curling-mascara-duo-mascara-65g-4768","https://koreanbeautypoint.com/web/image/product.product/8517/image_1024/%5Bjudy%20duo%20mascara%5D%20Volume%20%26%20Curling%20Mascara%20Duo%20-Mascara%20-%206.5g?unique=affe57f"
"1784124553-598","https://koreanbeautypoint.com/page/product_brands","https://koreanbeautypoint.com/shop/brands?brand=91","Orange Blossom Cologne 30ml","Rs 18,000","https://koreanbeautypoint.com/shop/jo-malone-orange-blossom-30ml-orange-blossom-cologne-30ml-4767","https://koreanbeautypoint.com/web/image/product.product/8516/image_1024/%5Bjo%20malone%20orange%20blossom%2030ml%5D%20Orange%20Blossom%20Cologne%2030ml?unique=affe57f"
"1784124569-599","https://koreanbeautypoint.com/page/product_brands","https://koreanbeautypoint.com/shop/brands?brand=90","Tea Tree Relief Serum 50ml","Rs 2,900","https://koreanbeautypoint.com/shop/iunik-tea-tree-serum-tea-tree-relief-serum-50ml-4765","https://koreanbeautypoint.com/web/image/product.product/8514/image_1024/%5Biunik%20tea%20tree%20serum%5D%20Tea%20Tree%20Relief%20Serum%2050ml?unique=b8801cd"
"1784124569-600","https://koreanbeautypoint.com/page/product_brands","https://koreanbeautypoint.com/shop/brands?brand=90","Centella Calming Daily Sunscreen 60ml","Rs 2,600","https://koreanbeautypoint.com/shop/iunik-centella-spf-centella-calming-daily-sunscreen-60ml-4763","https://koreanbeautypoint.com/web/image/product.product/8512/image_1024/%5Biunik%20centella%20spf%5D%20Centella%20Calming%20Daily%20Sunscreen%2060ml?unique=bfdcc94"
"1784124569-601","https://koreanbeautypoint.com/page/product_brands","https://koreanbeautypoint.com/shop/brands?brand=90","Centella Calming Gel Cream 60ml","Rs 2,600","https://koreanbeautypoint.com/shop/iunik-centella-gel-cream-centella-calming-gel-cream-60ml-4762","https://koreanbeautypoint.com/web/image/product.product/8511/image_1024/%5Biunik%20centella%20gel%20cream%5D%20Centella%20Calming%20Gel%20Cream%2060ml?unique=339e199"
"1784124569-602","https://koreanbeautypoint.com/page/product_brands","https://koreanbeautypoint.com/shop/brands?brand=90","Calendula Complete Cleansing Oil 200ml","Rs 3,200","https://koreanbeautypoint.com/shop/iunik-calendula-co-calendula-complete-cleansing-oil-200ml-4761","https://koreanbeautypoint.com/web/image/product.product/8510/image_1024/%5Biunik%20calendula%20co%5D%20Calendula%20Complete%20Cleansing%20Oil%20200ml?unique=affe57f"
"1784124569-603","https://koreanbeautypoint.com/page/product_brands","https://koreanbeautypoint.com/shop/brands?brand=90","Beta-Glucan Barrier Sunscreen","Rs 2,600","https://koreanbeautypoint.com/shop/iunik-beta-glucan-spf-beta-glucan-barrier-sunscreen-4760","https://koreanbeautypoint.com/web/image/product.product/8509/image_1024/%5Biunik%20beta%20glucan%20spf%5D%20Beta-Glucan%20Barrier%20Sunscreen?unique=339e199"
"1784124569-604","https://koreanbeautypoint.com/page/product_brands","https://koreanbeautypoint.com/shop/brands?brand=90","Beta-Glucan Daily Moisture Cream 60ml","Rs 2,800","https://koreanbeautypoint.com/shop/iunik-beta-glucan-cream-beta-glucan-daily-moisture-cream-60ml-4758","https://koreanbeautypoint.com/web/image/product.product/8507/image_1024/%5Biunik%20beta%20glucan%20cream%5D%20Beta-Glucan%20Daily%20Moisture%20Cream%2060ml?unique=affe57f"
"1784124569-605","https://koreanbeautypoint.com/page/product_brands","https://koreanbeautypoint.com/shop/brands?brand=90","Centella Calming Daily Sun Water","Rs 3,200","https://koreanbeautypoint.com/shop/iunik-centella-sun-water-centella-calming-daily-sun-water-8768","https://koreanbeautypoint.com/web/image/product.product/15526/image_1024/%5Biunik%20centella%20sun%20water%5D%20Centella%20Calming%20Daily%20Sun%20Water?unique=339e199"
"1784124569-606","https://koreanbeautypoint.com/page/product_brands","https://koreanbeautypoint.com/shop/brands?brand=90","Black Snail Restore Cream 60ml","Rs 2,800","https://koreanbeautypoint.com/shop/iunik-snail-cream-black-snail-restore-cream-60ml-4764","https://koreanbeautypoint.com/web/image/product.product/8513/image_1024/%5Biunik%20snail%20cream%5D%20Black%20Snail%20Restore%20Cream%2060ml?unique=affe57f"
"1784124569-607","https://koreanbeautypoint.com/page/product_brands","https://koreanbeautypoint.com/shop/brands?brand=90","Beta-Glucan Power Moisture Serum 50ml","Rs 2,800","https://koreanbeautypoint.com/shop/iunik-beta-glucan-serum-beta-glucan-power-moisture-serum-50ml-4759","https://koreanbeautypoint.com/web/image/product.product/8508/image_1024/%5Biunik%20beta%20glucan%20serum%5D%20Beta-Glucan%20Power%20Moisture%20Serum%2050ml?unique=4c326e4"
"1784124578-608","https://koreanbeautypoint.com/page/product_brands","https://koreanbeautypoint.com/shop/brands?brand=27","Mugwort Calming Clay Mask","Rs 400","https://koreanbeautypoint.com/shop/mugwort-calming-clay-mask-4921","https://koreanbeautypoint.com/web/image/product.product/8809/image_1024/%5Bisntree%20mugwort%20clay%20mask%5D%20Mugwort%20Calming%20Clay%20Mask%20%28100ml%29?unique=affe57f"
"1784124578-609","https://koreanbeautypoint.com/page/product_brands","https://koreanbeautypoint.com/shop/brands?brand=27","Yam Root Vegan Milk Cleanser 220ml","Rs 3,000","https://koreanbeautypoint.com/shop/isntree-yam-milk-cleanser-yam-root-vegan-milk-cleanser-220ml-4757","https://koreanbeautypoint.com/web/image/product.product/8506/image_1024/%5Bisntree%20yam%20milk%20cleanser%5D%20Yam%20Root%20Vegan%20Milk%20Cleanser%20220ml?unique=60c206e"
"1784124578-610","https://koreanbeautypoint.com/page/product_brands","https://koreanbeautypoint.com/shop/brands?brand=27","Ultra Low Molecular Hyaluronic Acid Toner 300ml","Rs 3,300","https://koreanbeautypoint.com/shop/isntree-low-molecular-ha-toner-ultra-low-molecular-hyaluronic-acid-toner-300ml-4754","https://koreanbeautypoint.com/web/image/product.product/8503/image_1024/%5Bisntree%20low%20molecular%20ha%20toner%5D%20Ultra%20Low%20Molecular%20Hyaluronic%20Acid%20Toner%20300ml?unique=52f75a0"
"1784124578-611","https://koreanbeautypoint.com/page/product_brands","https://koreanbeautypoint.com/shop/brands?brand=27","Hyper Retinol EX 1.0 Serum 20ml","Rs 2,800","https://koreanbeautypoint.com/shop/isntree-hyper-retinol-serum-hyper-retinol-ex-10-serum-20ml-4753","https://koreanbeautypoint.com/web/image/product.product/8502/image_1024/%5Bisntree%20hyper%20retinol%20serum%5D%20Hyper%20Retinol%20EX%201.0%20Serum%2020ml?unique=cb36fc5"
"1784124578-612","https://koreanbeautypoint.com/page/product_brands","https://koreanbeautypoint.com/shop/brands?brand=27","Hyaluronic Acid Airy Sun Stick 22g","Rs 2,300","https://koreanbeautypoint.com/shop/isntree-ha-sunstick-hyaluronic-acid-airy-sun-stick-22g-4751","https://koreanbeautypoint.com/web/image/product.product/8500/image_1024/%5Bisntree%20ha%20sunstick%5D%20Hyaluronic%20Acid%20Airy%20Sun%20Stick%2022g?unique=d57f120"
"1784124578-613","https://koreanbeautypoint.com/page/product_brands","https://koreanbeautypoint.com/shop/brands?brand=27","Ultra Low Molecular Hyaluronic Acid Serum 50ml","Rs 2,600","https://koreanbeautypoint.com/shop/isntree-ha-serum-ultra-low-molecular-hyaluronic-acid-serum-50ml-4750","https://koreanbeautypoint.com/web/image/product.product/8499/image_1024/%5Bisntree%20ha%20serum%5D%20Ultra%20Low%20Molecular%20Hyaluronic%20Acid%20Serum%2050ml?unique=d84a8ff"
"1784124578-614","https://koreanbeautypoint.com/page/product_brands","https://koreanbeautypoint.com/shop/brands?brand=27","Hyaluronic Acid Natural Sun Cream 50ml","Rs 2,300","https://koreanbeautypoint.com/shop/isntree-ha-natural-spf-hyaluronic-acid-natural-sun-cream-50ml-4749","https://koreanbeautypoint.com/web/image/product.product/8498/image_1024/%5Bisntree%20ha%20natural%20spf%5D%20Hyaluronic%20Acid%20Natural%20Sun%20Cream%2050ml?unique=26fdd33"
"1784124578-615","https://koreanbeautypoint.com/page/product_brands","https://koreanbeautypoint.com/shop/brands?brand=27","Hyaluronic Acid Moist Cream 100ml","Rs 2,800","https://koreanbeautypoint.com/shop/isntree-ha-moist-cream-hyaluronic-acid-moist-cream-100ml-4748","https://koreanbeautypoint.com/web/image/product.product/8497/image_1024/%5Bisntree%20ha%20moist%20cream%5D%20Hyaluronic%20Acid%20Moist%20Cream%20100ml?unique=74ea08f"
"1784124578-616","https://koreanbeautypoint.com/page/product_brands","https://koreanbeautypoint.com/shop/brands?brand=27","Hyaluronic Acid Aqua Gel Cream 100ml","Rs 2,800","https://koreanbeautypoint.com/shop/isntree-ha-gel-cream-hyaluronic-acid-aqua-gel-cream-100ml-4747","https://koreanbeautypoint.com/web/image/product.product/8496/image_1024/%5Bisntree%20ha%20gel%20cream%5D%20Hyaluronic%20Acid%20Aqua%20Gel%20Cream%20100ml?unique=339e199"
"1784124578-617","https://koreanbeautypoint.com/page/product_brands","https://koreanbeautypoint.com/shop/brands?brand=27","Green Tea Fresh Toner 200ml","Rs 2,600","https://koreanbeautypoint.com/shop/isntree-green-tea-toner-green-tea-fresh-toner-200ml-4746","https://koreanbeautypoint.com/web/image/product.product/8495/image_1024/%5Bisntree%20green%20tea%20toner%5D%20Green%20Tea%20Fresh%20Toner%20200ml?unique=433b209"
"1784124578-618","https://koreanbeautypoint.com/page/product_brands","https://koreanbeautypoint.com/shop/brands?brand=27","Green Tea Fresh Cleanser 120ml","Rs 2,000","https://koreanbeautypoint.com/shop/isntree-green-tea-cleanser-green-tea-fresh-cleanser-120ml-4745","https://koreanbeautypoint.com/web/image/product.product/8494/image_1024/%5Bisntree%20green%20tea%20cleanser%5D%20Green%20Tea%20Fresh%20Cleanser%20120ml?unique=320408b"
"1784124578-619","https://koreanbeautypoint.com/page/product_brands","https://koreanbeautypoint.com/shop/brands?brand=27","Chestnut AHA 8% Clear Essence","Rs 750","https://koreanbeautypoint.com/shop/chestnut-aha-8-clear-essence-4742","https://koreanbeautypoint.com/web/image/product.product/11727/image_1024/%5Bisntree%20AHA%20essence%5D%20Chestnut%20AHA%208%25%20Clear%20Essence%20%28100ml%29?unique=affe57f"
"1784124578-620","https://koreanbeautypoint.com/page/product_brands","https://koreanbeautypoint.com/shop/brands?brand=27","Hyaluronic Acid Watery Sun Gel","Rs 500","https://koreanbeautypoint.com/shop/hyaluronic-acid-watery-sun-gel-4706","https://koreanbeautypoint.com/web/image/product.product/8446/image_1024/%5Bisntree%20ha%20spf%20mini%5D%20Hyaluronic%20Acid%20Watery%20Sun%20Gel%20%2810ml%29?unique=479aff2"
"1784124578-621","https://koreanbeautypoint.com/page/product_brands","https://koreanbeautypoint.com/shop/brands?brand=27","Start-To-Finish Essential Kit","Rs 1,200","https://koreanbeautypoint.com/shop/isntree-essntial-kit-start-to-finish-essential-kit-7665","https://koreanbeautypoint.com/web/image/product.product/11683/image_1024/%5Bisntree%20essntial%20kit%5D%20Start-To-Finish%20Essential%20Kit?unique=97f9eae"
"1784124578-622","https://koreanbeautypoint.com/page/product_brands","https://koreanbeautypoint.com/shop/brands?brand=27","TW Real Bifida Ampoule 50ml","Rs 3,300","https://koreanbeautypoint.com/shop/isntree-bifida-ampoule-tw-real-bifida-ampoule-50ml-7627","https://koreanbeautypoint.com/web/image/product.product/11645/image_1024/%5Bisntree%20bifida%20ampoule%5D%20TW%20Real%20Bifida%20Ampoule%2050ml?unique=e132400"
"1784124578-623","https://koreanbeautypoint.com/page/product_brands","https://koreanbeautypoint.com/shop/brands?brand=27","Onion Fresh Light Sun Stick 22g","Rs 2,600","https://koreanbeautypoint.com/shop/isntree-onion-sunstick-onion-fresh-light-sun-stick-22g-4756","https://koreanbeautypoint.com/web/image/product.product/8505/image_1024/%5Bisntree%20onion%20sunstick%5D%20Onion%20Fresh%20Light%20Sun%20Stick%2022g?unique=affe57f"
"1784124578-624","https://koreanbeautypoint.com/page/product_brands","https://koreanbeautypoint.com/shop/brands?brand=27","Mugwort Calming Gauze Mask 23g X 1pc","Rs 320","https://koreanbeautypoint.com/shop/isntree-mugwort-sheetmask-mugwort-calming-gauze-mask-23g-x-1pc-4755","https://koreanbeautypoint.com/web/image/product.product/8504/image_1024/%5Bisntree%20mugwort%20sheetmask%5D%20Mugwort%20Calming%20Gauze%20Mask%2023g%20X%201pc?unique=affe57f"
"1784124578-625","https://koreanbeautypoint.com/page/product_brands","https://koreanbeautypoint.com/shop/brands?brand=27","Hyaluronic Acid Toner Plus 200ml","Rs 2,800","https://koreanbeautypoint.com/shop/isntree-ha-toner-plus-hyaluronic-acid-toner-plus-200ml-4752","https://koreanbeautypoint.com/web/image/product.product/8501/image_1024/%5Bisntree%20ha%20toner%20plus%5D%20Hyaluronic%20Acid%20Toner%20Plus%20200ml?unique=affe57f"
"1784124578-626","https://koreanbeautypoint.com/page/product_brands","https://koreanbeautypoint.com/shop/brands?brand=27","Chestnut BHA 2% Clear Liquid 100ml","Rs 3,000","https://koreanbeautypoint.com/shop/isntree-chestnut-bha-chestnut-bha-2-clear-liquid-100ml-4744","https://koreanbeautypoint.com/web/image/product.product/8493/image_1024/%5Bisntree%20chestnut%20BHA%5D%20Chestnut%20BHA%202%25%20Clear%20Liquid%20100ml?unique=3814b2f"
"1784124578-627","https://koreanbeautypoint.com/page/product_brands","https://koreanbeautypoint.com/shop/brands?brand=27","Mugwort Calming Gauze Mask 23g X 1pc","Rs 320","https://koreanbeautypoint.com/shop/isntree-mugwort-sheetmask-mugwort-calming-gauze-mask-23g-x-1pc-4755","https://koreanbeautypoint.com/web/image/product.product/8504/image_1024/%5Bisntree%20mugwort%20sheetmask%5D%20Mugwort%20Calming%20Gauze%20Mask%2023g%20X%201pc?unique=affe57f"
"1784124578-628","https://koreanbeautypoint.com/page/product_brands","https://koreanbeautypoint.com/shop/brands?brand=27","Hyaluronic Acid Toner Plus 200ml","Rs 2,800","https://koreanbeautypoint.com/shop/isntree-ha-toner-plus-hyaluronic-acid-toner-plus-200ml-4752","https://koreanbeautypoint.com/web/image/product.product/8501/image_1024/%5Bisntree%20ha%20toner%20plus%5D%20Hyaluronic%20Acid%20Toner%20Plus%20200ml?unique=affe57f"
"1784124578-629","https://koreanbeautypoint.com/page/product_brands","https://koreanbeautypoint.com/shop/brands?brand=27","Chestnut BHA 2% Clear Liquid 100ml","Rs 3,000","https://koreanbeautypoint.com/shop/isntree-chestnut-bha-chestnut-bha-2-clear-liquid-100ml-4744","https://koreanbeautypoint.com/web/image/product.product/8493/image_1024/%5Bisntree%20chestnut%20BHA%5D%20Chestnut%20BHA%202%25%20Clear%20Liquid%20100ml?unique=3814b2f"
"1784124587-630","https://koreanbeautypoint.com/page/product_brands","https://koreanbeautypoint.com/shop/brands?brand=94","Keana Rice Mask 10pcs","Rs 1,000","https://koreanbeautypoint.com/shop/keana-sheetmask-set-keana-rice-mask-10pcs-4778","https://koreanbeautypoint.com/web/image/product.product/8544/image_1024/%5Bkeana%20sheetmask%20set%5D%20Keana%20Rice%20Mask%2010pcs?unique=affe57f"
"1784124596-631","https://koreanbeautypoint.com/page/product_brands","https://koreanbeautypoint.com/shop/brands?brand=41","Super Volcanic Pore Clay Mask 2X 100ml","Rs 2,200","https://koreanbeautypoint.com/shop/innisfree-volcanic-clay-mask-super-volcanic-pore-clay-mask-2x-100ml-4741","https://koreanbeautypoint.com/web/image/product.product/8490/image_1024/%5Binnisfree%20volcanic%20clay%20mask%5D%20Super%20Volcanic%20Pore%20Clay%20Mask%202X%20100ml?unique=d30000e"
"1784124596-632","https://koreanbeautypoint.com/page/product_brands","https://koreanbeautypoint.com/shop/brands?brand=41","Vitamin C Green Tea Enzyme Brightening Serum 30ml","Rs 5,000","https://koreanbeautypoint.com/shop/innisfree-vita-c-green-tea-serum-vitamin-c-green-tea-enzyme-brightening-serum-30ml-4740","https://koreanbeautypoint.com/web/image/product.product/8489/image_1024/%5Binnisfree%20vita%20c%20green%20tea%20serum%5D%20Vitamin%20C%20Green%20Tea%20Enzyme%20Brightening%20Serum%2030ml?unique=3814b2f"
"1784124596-633","https://koreanbeautypoint.com/page/product_brands","https://koreanbeautypoint.com/shop/brands?brand=41","No Sebum Blur Primer 25ml","Rs 1,800","https://koreanbeautypoint.com/shop/innisfree-no-sebum-primer-no-sebum-blur-primer-25ml-4738","https://koreanbeautypoint.com/web/image/product.product/8487/image_1024/%5Binnisfree%20no%20sebum%20primer%5D%20No%20Sebum%20Blur%20Primer%2025ml?unique=3814b2f"
"1784124596-634","https://koreanbeautypoint.com/page/product_brands","https://koreanbeautypoint.com/shop/brands?brand=41","Green Tea Seed Cream 50ml","Rs 3,600","https://koreanbeautypoint.com/shop/innisfree-green-tea-seed-cream-green-tea-seed-cream-50ml-4733","https://koreanbeautypoint.com/web/image/product.product/8482/image_1024/%5Binnisfree%20green%20tea%20seed%20cream%5D%20Green%20Tea%20Seed%20Cream%2050ml?unique=52f75a0"
"1784124596-635","https://koreanbeautypoint.com/page/product_brands","https://koreanbeautypoint.com/shop/brands?brand=41","Green Tea Foam Cleanser 150ml","Rs 2,000","https://koreanbeautypoint.com/shop/innisfree-green-tea-foam-green-tea-foam-cleanser-150ml-4732","https://koreanbeautypoint.com/web/image/product.product/8481/image_1024/%5Binnisfree%20green%20tea%20foam%5D%20Green%20Tea%20Foam%20Cleanser%20150ml?unique=3fce43a"
"1784124596-636","https://koreanbeautypoint.com/page/product_brands","https://koreanbeautypoint.com/shop/brands?brand=41","Squeeze Energy Sheet Mask","Rs 275","https://koreanbeautypoint.com/shop/squeeze-energy-sheet-mask-5145","https://koreanbeautypoint.com/web/image/product.product/9098/image_1024/%5Binnisfree%20acai%20berry%20sheetmask%5D%20Squeeze%20Energy%20Sheet%20Mask%20%28Acai%20Berry%29?unique=1fa3a8f"
"1784124596-637","https://koreanbeautypoint.com/page/product_brands","https://koreanbeautypoint.com/shop/brands?brand=41","Perfect 9 Intensive Eye Cream 30ml","Rs 4,200","https://koreanbeautypoint.com/shop/innisfree-perfect-9-eye-cream-perfect-9-intensive-eye-cream-30ml-4739","https://koreanbeautypoint.com/web/image/product.product/8488/image_1024/%5Binnisfree%20perfect%209%20eye%20cream%5D%20Perfect%209%20Intensive%20Eye%20Cream%2030ml?unique=affe57f"
"1784124596-638","https://koreanbeautypoint.com/page/product_brands","https://koreanbeautypoint.com/shop/brands?brand=41","No Sebum Mineral Powder 5g","Rs 1,200","https://koreanbeautypoint.com/shop/innisfree-no-sebum-powder-no-sebum-mineral-powder-5g-4737","https://koreanbeautypoint.com/web/image/product.product/8486/image_1024/%5Binnisfree%20no%20sebum%20powder%5D%20No%20Sebum%20Mineral%20Powder%205g?unique=affe57f"
"1784124596-639","https://koreanbeautypoint.com/page/product_brands","https://koreanbeautypoint.com/shop/brands?brand=41","No Sebum Mineral Pact 8.5g","Rs 1,800","https://koreanbeautypoint.com/shop/innisfree-no-sebum-pact-no-sebum-mineral-pact-85g-4736","https://koreanbeautypoint.com/web/image/product.product/8485/image_1024/%5Binnisfree%20no%20sebum%20pact%5D%20No%20Sebum%20Mineral%20Pact%208.5g?unique=320408b"
"1784124596-640","https://koreanbeautypoint.com/page/product_brands","https://koreanbeautypoint.com/shop/brands?brand=41","Intensive Long Lasting Sunscreen Ex 50ml","Rs 2,450","https://koreanbeautypoint.com/shop/innisfree-long-lasting-spf-intensive-long-lasting-sunscreen-ex-50ml-4735","https://koreanbeautypoint.com/web/image/product.product/8484/image_1024/%5Binnisfree%20long%20lasting%20spf%5D%20Intensive%20Long%20Lasting%20Sunscreen%20Ex%2050ml?unique=affe57f"
"1784124596-641","https://koreanbeautypoint.com/page/product_brands","https://koreanbeautypoint.com/shop/brands?brand=41","Green Tea Seed Serum 80ml","Rs 3,600","https://koreanbeautypoint.com/shop/innisfree-green-tea-seed-serum-green-tea-seed-serum-80ml-4734","https://koreanbeautypoint.com/web/image/product.product/8483/image_1024/%5Binnisfree%20green%20tea%20seed%20serum%5D%20Green%20Tea%20Seed%20Serum%2080ml?unique=affe57f"
"1784124596-642","https://koreanbeautypoint.com/page/product_brands","https://koreanbeautypoint.com/shop/brands?brand=41","Cheery Blossom Glow Jelly Cream 50ml","Rs 3,300","https://koreanbeautypoint.com/shop/innisfree-cherry-jelly-cream-cheery-blossom-glow-jelly-cream-50ml-4731","https://koreanbeautypoint.com/web/image/product.product/8480/image_1024/%5Binnisfree%20cherry%20jelly%20cream%5D%20Cheery%20Blossom%20Glow%20Jelly%20Cream%2050ml?unique=117be3e"
"1784124596-643","https://koreanbeautypoint.com/page/product_brands","https://koreanbeautypoint.com/shop/brands?brand=41","Black Tea Youth Enhancing Cream 50ml","Rs 4,200","https://koreanbeautypoint.com/shop/innisfree-black-tea-cream-black-tea-youth-enhancing-cream-50ml-4730","https://koreanbeautypoint.com/web/image/product.product/8479/image_1024/%5Binnisfree%20black%20tea%20cream%5D%20Black%20Tea%20Youth%20Enhancing%20Cream%2050ml?unique=7d699d7"
"1784124596-644","https://koreanbeautypoint.com/page/product_brands","https://koreanbeautypoint.com/shop/brands?brand=41","No-Sebum Powder Cushion 21N vanilla","Rs 3,600","https://koreanbeautypoint.com/shop/innisfree-powder-cushion-21n-no-sebum-powder-cushion-21n-vanilla-7664","https://koreanbeautypoint.com/web/image/product.product/11682/image_1024/%5Binnisfree%20powder%20cushion%2021N%5D%20No-Sebum%20Powder%20Cushion%2021N%20vanilla?unique=bc9de46"
"1784124607-645","https://koreanbeautypoint.com/page/product_brands","https://koreanbeautypoint.com/shop/brands?brand=89","Natural Mild Clear Nose Pack 2step X 5","Rs 4,000","https://koreanbeautypoint.com/shop/ilso-clear-nose-pack-natural-mild-clear-nose-pack-2step-x-5-4727","https://koreanbeautypoint.com/web/image/product.product/8469/image_1024/%5Bilso%20clear%20nose%20pack%5D%20Natural%20Mild%20Clear%20Nose%20Pack%202step%20X%205?unique=affe57f"
"1784124607-646","https://koreanbeautypoint.com/page/product_brands","https://koreanbeautypoint.com/shop/brands?brand=89","Natural Mild Clear Nose Pack Esther Bunny Edition","Rs 500","https://koreanbeautypoint.com/shop/ilso-bunny-clear-nose-pack-natural-mild-clear-nose-pack-esther-bunny-edition-4726","https://koreanbeautypoint.com/web/image/product.product/8468/image_1024/%5Bilso%20bunny%20clear%20nose%20pack%5D%20Natural%20Mild%20Clear%20Nose%20Pack%20Esther%20Bunny%20Edition?unique=affe57f"
"1784124621-647","https://koreanbeautypoint.com/page/product_brands","https://koreanbeautypoint.com/shop/brands?brand=13","Ceramide Ato Concentrate Cream","Rs 2,500","https://koreanbeautypoint.com/shop/ceramide-ato-concentrate-cream-4499","https://koreanbeautypoint.com/web/image/product.product/8114/image_1024/%5Billiyoon%20ceramide%20cream%20100ml%5D%20Ceramide%20Ato%20Concentrate%20Cream%20%28100ml%29?unique=affe57f"
"1784124621-648","https://koreanbeautypoint.com/page/product_brands","https://koreanbeautypoint.com/shop/brands?brand=13","Strech Skin Cream 200ml","Rs 4,200","https://koreanbeautypoint.com/shop/illiyoon-stretch-mark-cream-strech-skin-cream-200ml-4725","https://koreanbeautypoint.com/web/image/product.product/8467/image_1024/%5Billiyoon%20stretch%20mark%20cream%5D%20Strech%20Skin%20Cream%20200ml?unique=affe57f"
"1784124621-649","https://koreanbeautypoint.com/page/product_brands","https://koreanbeautypoint.com/shop/brands?brand=13","Ultra Repair Intensive Care Cream 200ml","Rs 3,300","https://koreanbeautypoint.com/shop/illiyoon-intensive-cream-200ml-ultra-repair-intensive-care-cream-200ml-4724","https://koreanbeautypoint.com/web/image/product.product/8466/image_1024/%5Billiyoon%20intensive%20cream%20200ml%5D%20Ultra%20Repair%20Intensive%20Care%20Cream%20200ml?unique=affe57f"
"1784124621-650","https://koreanbeautypoint.com/page/product_brands","https://koreanbeautypoint.com/shop/brands?brand=13","Ceramide Ato Soothing Gel 175ml","Rs 3,300","https://koreanbeautypoint.com/shop/illiyoon-ceramide-gel-175ml-ceramide-ato-soothing-gel-175ml-4723","https://koreanbeautypoint.com/web/image/product.product/8465/image_1024/%5Billiyoon%20ceramide%20gel%20175ml%5D%20Ceramide%20Ato%20Soothing%20Gel%20175ml?unique=c9adb5b"
"1784124630-651","https://koreanbeautypoint.com/page/product_brands","https://koreanbeautypoint.com/shop/brands?brand=11","Black Rice Toner","Rs 1,400","https://koreanbeautypoint.com/shop/black-rice-toner-4460","https://koreanbeautypoint.com/web/image/product.product/8070/image_1024/%5Bif%20black%20rice%20toner%5D%20Black%20Rice%20Toner%20%28150ml%29?unique=f5acfed"
"1784124630-652","https://koreanbeautypoint.com/page/product_brands","https://koreanbeautypoint.com/shop/brands?brand=11","Silicone Brush","Rs 500","https://koreanbeautypoint.com/shop/if-silicone-brush-silicone-brush-4721","https://koreanbeautypoint.com/web/image/product.product/8463/image_1024/%5Bif%20silicone%20brush%5D%20Silicone%20Brush?unique=264f69e"
"1784124630-653","https://koreanbeautypoint.com/page/product_brands","https://koreanbeautypoint.com/shop/brands?brand=11","Rice Whip Facial Cleanser 150ml","Rs 2,200","https://koreanbeautypoint.com/shop/if-rice-whip-cleanser-rice-whip-facial-cleanser-150ml-4720","https://koreanbeautypoint.com/web/image/product.product/8462/image_1024/%5Bif%20rice%20whip%20cleanser%5D%20Rice%20Whip%20Facial%20Cleanser%20150ml?unique=df3be17"
"1784124630-654","https://koreanbeautypoint.com/page/product_brands","https://koreanbeautypoint.com/shop/brands?brand=11","Rice Sunscreen 50ml","Rs 3,000","https://koreanbeautypoint.com/shop/if-rice-spf-rice-sunscreen-50ml-4719","https://koreanbeautypoint.com/web/image/product.product/8461/image_1024/%5Bif%20rice%20spf%5D%20Rice%20Sunscreen%2050ml?unique=affe57f"
"1784124630-655","https://koreanbeautypoint.com/page/product_brands","https://koreanbeautypoint.com/shop/brands?brand=11","Rice Sheet Mask","Rs 400","https://koreanbeautypoint.com/shop/if-rice-sheetmask-rice-sheet-mask-4718","https://koreanbeautypoint.com/web/image/product.product/8460/image_1024/%5Bif%20rice%20sheetmask%5D%20Rice%20Sheet%20Mask?unique=40b1a26"
"1784124630-656","https://koreanbeautypoint.com/page/product_brands","https://koreanbeautypoint.com/shop/brands?brand=11","Rice Serum 30ml","Rs 3,400","https://koreanbeautypoint.com/shop/if-rice-serum-rice-serum-30ml-4717","https://koreanbeautypoint.com/web/image/product.product/8459/image_1024/%5Bif%20rice%20serum%5D%20Rice%20Serum%2030ml?unique=b1f340b"
"1784124630-657","https://koreanbeautypoint.com/page/product_brands","https://koreanbeautypoint.com/shop/brands?brand=11","Honey Glow Serum 30ml","Rs 4,000","https://koreanbeautypoint.com/shop/if-honey-serum-honey-glow-serum-30ml-4711","https://koreanbeautypoint.com/web/image/product.product/8453/image_1024/%5Bif%20honey%20serum%5D%20Honey%20Glow%20Serum%2030ml?unique=affe57f"
"1784124630-658","https://koreanbeautypoint.com/page/product_brands","https://koreanbeautypoint.com/shop/brands?brand=11","Honey Glow Cream 50g","Rs 3,600","https://koreanbeautypoint.com/shop/if-honey-cream-honey-glow-cream-50g-4709","https://koreanbeautypoint.com/web/image/product.product/8451/image_1024/%5Bif%20honey%20cream%5D%20Honey%20Glow%20Cream%2050g?unique=affe57f"
"1784124630-659","https://koreanbeautypoint.com/page/product_brands","https://koreanbeautypoint.com/shop/brands?brand=11","Ginseng Serum 30ml","Rs 4,000","https://koreanbeautypoint.com/shop/if-ginseng-serum-ginseng-serum-30ml-4708","https://koreanbeautypoint.com/web/image/product.product/8450/image_1024/%5Bif%20ginseng%20serum%5D%20Ginseng%20Serum%2030ml?unique=eab8818"
"1784124630-660","https://koreanbeautypoint.com/page/product_brands","https://koreanbeautypoint.com/shop/brands?brand=11","Rice Toner","Rs 1,200","https://koreanbeautypoint.com/shop/rice-toner-5026","https://koreanbeautypoint.com/web/image/product.product/8945/image_1024/%5Bif%20rice%20toner%5D%20Rice%20Toner%20%28150ml%29?unique=9182f9c"
"1784124630-661","https://koreanbeautypoint.com/page/product_brands","https://koreanbeautypoint.com/shop/brands?brand=11","Vitamin Tree Water Gel 75g","Rs 3,600","https://koreanbeautypoint.com/shop/if-vita-tree-water-gel-vitamin-tree-water-gel-75g-4722","https://koreanbeautypoint.com/web/image/product.product/8464/image_1024/%5Bif%20vita%20tree%20water%20gel%5D%20Vitamin%20Tree%20Water%20Gel%2075g?unique=affe57f"
"1784124630-662","https://koreanbeautypoint.com/page/product_brands","https://koreanbeautypoint.com/shop/brands?brand=11","Rice Mask Mini 30ml","Rs 1,000","https://koreanbeautypoint.com/shop/if-rice-mask-mini-rice-mask-mini-30ml-4716","https://koreanbeautypoint.com/web/image/product.product/8458/image_1024/%5Bif%20rice%20mask%20mini%5D%20Rice%20Mask%20Mini%2030ml?unique=affe57f"
"1784124630-663","https://koreanbeautypoint.com/page/product_brands","https://koreanbeautypoint.com/shop/brands?brand=11","Rice Cream 50g","Rs 3,400","https://koreanbeautypoint.com/shop/if-rice-cream-rice-cream-50g-4715","https://koreanbeautypoint.com/web/image/product.product/8457/image_1024/%5Bif%20rice%20cream%5D%20Rice%20Cream%2050g?unique=affe57f"
"1784124630-664","https://koreanbeautypoint.com/page/product_brands","https://koreanbeautypoint.com/shop/brands?brand=11","Mugwort Mask 110g","Rs 4,000","https://koreanbeautypoint.com/shop/if-mugwort-mask-mugwort-mask-110g-4714","https://koreanbeautypoint.com/web/image/product.product/8456/image_1024/%5Bif%20mugwort%20mask%5D%20Mugwort%20Mask%20110g?unique=affe57f"
"1784124630-665","https://koreanbeautypoint.com/page/product_brands","https://koreanbeautypoint.com/shop/brands?brand=11","Mugwort Essence 160ml","Rs 4,600","https://koreanbeautypoint.com/shop/if-mugwort-essence-mugwort-essence-160ml-4713","https://koreanbeautypoint.com/web/image/product.product/8455/image_1024/%5Bif%20mugwort%20essence%5D%20Mugwort%20Essence%20160ml?unique=affe57f"
"1784124630-666","https://koreanbeautypoint.com/page/product_brands","https://koreanbeautypoint.com/shop/brands?brand=11","Licorice Calming Cream 50ml","Rs 3,600","https://koreanbeautypoint.com/shop/if-licorice-cream-licorice-calming-cream-50ml-4712","https://koreanbeautypoint.com/web/image/product.product/8454/image_1024/%5Bif%20licorice%20cream%5D%20Licorice%20Calming%20Cream%2050ml?unique=affe57f"
"1784124630-667","https://koreanbeautypoint.com/page/product_brands","https://koreanbeautypoint.com/shop/brands?brand=11","Honey Mask Mini 30g","Rs 1,000","https://koreanbeautypoint.com/shop/if-honey-mask-mini-honey-mask-mini-30g-4710","https://koreanbeautypoint.com/web/image/product.product/8452/image_1024/%5Bif%20honey%20mask%20mini%5D%20Honey%20Mask%20Mini%2030g?unique=affe57f"
"1784124630-668","https://koreanbeautypoint.com/page/product_brands","https://koreanbeautypoint.com/shop/brands?brand=11","Ginseng Mask 120g","Rs 4,000","https://koreanbeautypoint.com/shop/if-ginseng-mask-ginseng-mask-120g-4707","https://koreanbeautypoint.com/web/image/product.product/8449/image_1024/%5Bif%20ginseng%20mask%5D%20Ginseng%20Mask%20120g?unique=affe57f"
"1784124630-669","https://koreanbeautypoint.com/page/product_brands","https://koreanbeautypoint.com/shop/brands?brand=11","Honey Mask Mini 30g","Rs 1,000","https://koreanbeautypoint.com/shop/if-honey-mask-mini-honey-mask-mini-30g-4710","https://koreanbeautypoint.com/web/image/product.product/8452/image_1024/%5Bif%20honey%20mask%20mini%5D%20Honey%20Mask%20Mini%2030g?unique=affe57f"
"1784124630-670","https://koreanbeautypoint.com/page/product_brands","https://koreanbeautypoint.com/shop/brands?brand=11","Ginseng Mask 120g","Rs 4,000","https://koreanbeautypoint.com/shop/if-ginseng-mask-ginseng-mask-120g-4707","https://koreanbeautypoint.com/web/image/product.product/8449/image_1024/%5Bif%20ginseng%20mask%5D%20Ginseng%20Mask%20120g?unique=affe57f"
"1784124639-671","https://koreanbeautypoint.com/page/product_brands","https://koreanbeautypoint.com/shop/brands?brand=34","Moist Ampoule Blusher Mini","Rs 1,300","https://koreanbeautypoint.com/shop/moist-ampoule-blusher-mini-4915","https://koreanbeautypoint.com/web/image/product.product/8793/image_1024/%5Bhur%20ampoule%20blush%20mini%2006%5D%20Moist%20Ampoule%20Blusher%20Mini%20%28Cherry%20Blossom%29?unique=552997a"
"1784124639-672","https://koreanbeautypoint.com/page/product_brands","https://koreanbeautypoint.com/shop/brands?brand=34","Moist Ampoule Blusher","Rs 2,000","https://koreanbeautypoint.com/shop/moist-ampoule-blusher-4914","https://koreanbeautypoint.com/web/image/product.product/8786/image_1024/%5Bhur%20ampoule%20blush%2006%5D%20Moist%20Ampoule%20Blusher%20%28Cherry%20Blossom%29?unique=9a3730a"
"1784124639-673","https://koreanbeautypoint.com/page/product_brands","https://koreanbeautypoint.com/shop/brands?brand=34","Purifying Cleansing Balm 50ml","Rs 2,600","https://koreanbeautypoint.com/shop/hur-purifying-balm-purifying-cleansing-balm-50ml-4705","https://koreanbeautypoint.com/web/image/product.product/8445/image_1024/%5Bhur%20purifying%20balm%5D%20Purifying%20Cleansing%20Balm%2050ml?unique=52f75a0"
"1784124639-674","https://koreanbeautypoint.com/page/product_brands","https://koreanbeautypoint.com/shop/brands?brand=34","Tropical Dew Sun Cream","Rs 2,600","https://koreanbeautypoint.com/shop/hur-tropical-spf-tropical-dew-sun-cream-8753","https://koreanbeautypoint.com/web/image/product.product/15511/image_1024/%5Bhur%20tropical%20spf%5D%20Tropical%20Dew%20Sun%20Cream?unique=bac3cbf"
"1784124639-675","https://koreanbeautypoint.com/page/product_brands","https://koreanbeautypoint.com/shop/brands?brand=34","Clearing Skin Prep Essence Pad","Rs 4,000","https://koreanbeautypoint.com/shop/hur-skin-prep-pad-clearing-skin-prep-essence-pad-8769","https://koreanbeautypoint.com/web/image/product.product/15541/image_1024/%5Bhur%20skin%20prep%20pad%5D%20Clearing%20Skin%20Prep%20Essence%20Pad?unique=339e199"
"1784124648-676","https://koreanbeautypoint.com/page/product_brands","https://koreanbeautypoint.com/shop/brands?brand=86","Salmon Caring Centella Toner 200ml","Rs 3,200","https://koreanbeautypoint.com/shop/hb-salmon-toner-salmon-caring-centella-toner-200ml-4688","https://koreanbeautypoint.com/web/image/product.product/8394/image_1024/%5Bhb%20salmon%20toner%5D%20Salmon%20Caring%20Centella%20Toner%20200ml?unique=a54533f"
"1784124648-677","https://koreanbeautypoint.com/page/product_brands","https://koreanbeautypoint.com/shop/brands?brand=86","Salmon Caring Centella Cream100ml","Rs 3,000","https://koreanbeautypoint.com/shop/hb-salmon-cream-salmon-caring-centella-cream100ml-4687","https://koreanbeautypoint.com/web/image/product.product/8393/image_1024/%5Bhb%20salmon%20cream%5D%20Salmon%20Caring%20Centella%20Cream100ml?unique=affe57f"
"1784124648-678","https://koreanbeautypoint.com/page/product_brands","https://koreanbeautypoint.com/shop/brands?brand=86","Salmon Caring Centella Bubble Cleanser 200ml","Rs 2,800","https://koreanbeautypoint.com/shop/hb-salmon-bubble-cleanser-salmon-caring-centella-bubble-cleanser-200ml-4686","https://koreanbeautypoint.com/web/image/product.product/8392/image_1024/%5Bhb%20salmon%20bubble%20cleanser%5D%20Salmon%20Caring%20Centella%20Bubble%20Cleanser%20200ml?unique=affe57f"
"1784124648-679","https://koreanbeautypoint.com/page/product_brands","https://koreanbeautypoint.com/shop/brands?brand=86","Salmon Caring Centella Ampoule 30ml","Rs 3,000","https://koreanbeautypoint.com/shop/hb-salmon-ampoule-salmon-caring-centella-ampoule-30ml-4685","https://koreanbeautypoint.com/web/image/product.product/8391/image_1024/%5Bhb%20salmon%20ampoule%5D%20Salmon%20Caring%20Centella%20Ampoule%2030ml?unique=affe57f"
"1784124657-680","https://koreanbeautypoint.com/page/product_brands","https://koreanbeautypoint.com/shop/brands?brand=88","Twilly D'hermes Eau De Parfum 85ml","Rs 19,000","https://koreanbeautypoint.com/shop/hermes-twilly-85ml-twilly-dhermes-eau-de-parfum-85ml-4703","https://koreanbeautypoint.com/web/image/product.product/8418/image_1024/%5Bhermes%20twilly%2085ml%5D%20Twilly%20D%27hermes%20Eau%20De%20Parfum%2085ml?unique=843899b"
"1784124657-681","https://koreanbeautypoint.com/page/product_brands","https://koreanbeautypoint.com/shop/brands?brand=88","Terre D'hermes Eau Intense Vetiver Eau De Parfum 15ml","Rs 4,500","https://koreanbeautypoint.com/shop/hermes-terre-15ml-terre-dhermes-eau-intense-vetiver-eau-de-parfum-15ml-4702","https://koreanbeautypoint.com/web/image/product.product/8417/image_1024/%5Bhermes%20terre%2015ml%5D%20Terre%20D%27hermes%20Eau%20Intense%20Vetiver%20Eau%20De%20Parfum%2015ml?unique=affe57f"
"1784124667-682","https://koreanbeautypoint.com/page/product_brands","https://koreanbeautypoint.com/shop/brands?brand=39","Sensual Nude Gloss","Rs 3,000","https://koreanbeautypoint.com/shop/sensual-nude-gloss-5075","https://koreanbeautypoint.com/web/image/product.product/9016/image_1024/%5Bhera%20nude%20gloss%20422%5D%20Sensual%20Nude%20Gloss%20%28Lingerie%29?unique=6b3d5f4"
"1784124676-683","https://koreanbeautypoint.com/page/product_brands","https://koreanbeautypoint.com/shop/brands?brand=87","Bulgarian Rose Water Hydrogel Eye Patch 60pcs","Rs 2,600","https://koreanbeautypoint.com/shop/heimish-rose-eye-patch-bulgarian-rose-water-hydrogel-eye-patch-60pcs-4701","https://koreanbeautypoint.com/web/image/product.product/8416/image_1024/%5Bheimish%20rose%20eye%20patch%5D%20Bulgarian%20Rose%20Water%20Hydrogel%20Eye%20Patch%2060pcs?unique=affe57f"
"1784124676-684","https://koreanbeautypoint.com/page/product_brands","https://koreanbeautypoint.com/shop/brands?brand=87","Artless Glow Tinted Sunscreen 40ml","Rs 2,600","https://koreanbeautypoint.com/shop/heimish-artless-tinted-spf-artless-glow-tinted-sunscreen-40ml-4700","https://koreanbeautypoint.com/web/image/product.product/8415/image_1024/%5Bheimish%20artless%20tinted%20spf%5D%20Artless%20Glow%20Tinted%20Sunscreen%2040ml?unique=320408b"
"1784124676-685","https://koreanbeautypoint.com/page/product_brands","https://koreanbeautypoint.com/shop/brands?brand=87","All Clean Green Foam 150ml","Rs 1,800","https://koreanbeautypoint.com/shop/heimish-all-clean-foam-all-clean-green-foam-150ml-4698","https://koreanbeautypoint.com/web/image/product.product/8413/image_1024/%5Bheimish%20all%20clean%20foam%5D%20All%20Clean%20Green%20Foam%20150ml?unique=affe57f"
"1784124676-686","https://koreanbeautypoint.com/page/product_brands","https://koreanbeautypoint.com/shop/brands?brand=87","All Clean Balm 120ml","Rs 2,600","https://koreanbeautypoint.com/shop/heimish-all-clean-balm-all-clean-balm-120ml-4697","https://koreanbeautypoint.com/web/image/product.product/8412/image_1024/%5Bheimish%20all%20clean%20balm%5D%20All%20Clean%20Balm%20120ml?unique=59f3458"
"1784124676-687","https://koreanbeautypoint.com/page/product_brands","https://koreanbeautypoint.com/shop/brands?brand=87","Artless Glow Base 40ml","Rs 2,600","https://koreanbeautypoint.com/shop/heimish-artless-glow-base-artless-glow-base-40ml-4699","https://koreanbeautypoint.com/web/image/product.product/8414/image_1024/%5Bheimish%20artless%20glow%20base%5D%20Artless%20Glow%20Base%2040ml?unique=affe57f"
"1784124685-688","https://koreanbeautypoint.com/page/product_brands","https://koreanbeautypoint.com/shop/brands?brand=85","Centella 4% TXA Dark Spot Go Away Serum 30ml","Rs 3,000","https://koreanbeautypoint.com/shop/haha-centella-txa-serum-centella-4-txa-dark-spot-go-away-serum-30ml-4682","https://koreanbeautypoint.com/web/image/product.product/8386/image_1024/%5Bhaha%20centella%20TXA%20serum%5D%20Centella%204%25%20TXA%20Dark%20Spot%20Go%20Away%20Serum%2030ml?unique=88f3401"
"1784124685-689","https://koreanbeautypoint.com/page/product_brands","https://koreanbeautypoint.com/shop/brands?brand=85","Black Rice Hyaluronic Toner Free Of Alcohol & Fragrance 150ml","Rs 2,300","https://koreanbeautypoint.com/shop/haha-black-rice-toner-black-rice-hyaluronic-toner-free-of-alcohol-fragrance-150ml-4681","https://koreanbeautypoint.com/web/image/product.product/8385/image_1024/%5Bhaha%20black%20rice%20toner%5D%20Black%20Rice%20Hyaluronic%20Toner%20Free%20Of%20Alcohol%20%26%20Fragrance%20150ml?unique=195a5a7"
"1784124685-690","https://koreanbeautypoint.com/page/product_brands","https://koreanbeautypoint.com/shop/brands?brand=85","Black Rice Moisture 5.5 Soft Cleansing Gel 100ml","Rs 1,800","https://koreanbeautypoint.com/shop/haha-black-rice-gel-cleanser-black-rice-moisture-55-soft-cleansing-gel-100ml-4679","https://koreanbeautypoint.com/web/image/product.product/8383/image_1024/%5Bhaha%20black%20rice%20gel%20cleanser%5D%20Black%20Rice%20Moisture%205.5%20Soft%20Cleansing%20Gel%20100ml?unique=e83c9f4"
"1784124685-691","https://koreanbeautypoint.com/page/product_brands","https://koreanbeautypoint.com/shop/brands?brand=85","Black Rice Probiotics Barrier Essence 120ml","Rs 3,300","https://koreanbeautypoint.com/shop/haha-black-rice-essence-black-rice-probiotics-barrier-essence-120ml-4678","https://koreanbeautypoint.com/web/image/product.product/8382/image_1024/%5Bhaha%20black%20rice%20essence%5D%20Black%20Rice%20Probiotics%20Barrier%20Essence%20120ml?unique=195a5a7"
"1784124685-692","https://koreanbeautypoint.com/page/product_brands","https://koreanbeautypoint.com/shop/brands?brand=85","Black Rice Moisture Deep Cleansing Oil 150ml","Rs 3,200","https://koreanbeautypoint.com/shop/haha-black-rice-co-black-rice-moisture-deep-cleansing-oil-150ml-4676","https://koreanbeautypoint.com/web/image/product.product/8380/image_1024/%5Bhaha%20black%20rice%20co%5D%20Black%20Rice%20Moisture%20Deep%20Cleansing%20Oil%20150ml?unique=057645f"
"1784124685-693","https://koreanbeautypoint.com/page/product_brands","https://koreanbeautypoint.com/shop/brands?brand=85","Black Rice Triple AHA Gentle Cleansing Gel 100ml","Rs 2,000","https://koreanbeautypoint.com/shop/haha-black-rice-aha-gel-cleanser-black-rice-triple-aha-gentle-cleansing-gel-100ml-4674","https://koreanbeautypoint.com/web/image/product.product/8378/image_1024/%5Bhaha%20black%20rice%20AHA%20gel%20cleanser%5D%20Black%20Rice%20Triple%20AHA%20Gentle%20Cleansing%20Gel%20100ml?unique=8e65496"
"1784124685-694","https://koreanbeautypoint.com/page/product_brands","https://koreanbeautypoint.com/shop/brands?brand=85","Black Rice Bakuchiol Eye Cream 20ml","Rs 2,600","https://koreanbeautypoint.com/shop/haha-bakuchiol-eye-cream-black-rice-bakuchiol-eye-cream-20ml-4673","https://koreanbeautypoint.com/web/image/product.product/8377/image_1024/%5Bhaha%20bakuchiol%20eye%20cream%5D%20Black%20Rice%20Bakuchiol%20Eye%20Cream%2020ml?unique=433b209"
"1784124685-695","https://koreanbeautypoint.com/page/product_brands","https://koreanbeautypoint.com/shop/brands?brand=85","Black Rice Pure Mineral Relief Daily Sunscreen 50ml","Rs 2,600","https://koreanbeautypoint.com/shop/haha-black-rice-mineral-spf-black-rice-pure-mineral-relief-daily-sunscreen-50ml-4680","https://koreanbeautypoint.com/web/image/product.product/8384/image_1024/%5Bhaha%20black%20rice%20mineral%20spf%5D%20Black%20Rice%20Pure%20Mineral%20Relief%20Daily%20Sunscreen%2050ml?unique=affe57f"
"1784124685-696","https://koreanbeautypoint.com/page/product_brands","https://koreanbeautypoint.com/shop/brands?brand=85","Black Rice Hyaluronic Cream Unscented 50ml","Rs 2,600","https://koreanbeautypoint.com/shop/haha-black-rice-cream-black-rice-hyaluronic-cream-unscented-50ml-4677","https://koreanbeautypoint.com/web/image/product.product/8381/image_1024/%5Bhaha%20black%20rice%20cream%5D%20Black%20Rice%20Hyaluronic%20Cream%20Unscented%2050ml?unique=affe57f"
"1784124685-697","https://koreanbeautypoint.com/page/product_brands","https://koreanbeautypoint.com/shop/brands?brand=85","Black Rice Moisture Airyfit Sunscreen 50ml","Rs 2,350","https://koreanbeautypoint.com/shop/haha-black-rice-airyfit-spf-black-rice-moisture-airyfit-sunscreen-50ml-4675","https://koreanbeautypoint.com/web/image/product.product/8379/image_1024/%5Bhaha%20black%20rice%20airyfit%20spf%5D%20Black%20Rice%20Moisture%20Airyfit%20Sunscreen%2050ml?unique=37faed6"
"1784124694-698","https://koreanbeautypoint.com/page/product_brands","https://koreanbeautypoint.com/shop/brands?brand=84","Flora Gorgeous Gardenia Eau De Parfum 50ml","Rs 22,000","https://koreanbeautypoint.com/shop/gucci-flora-50ml-flora-gorgeous-gardenia-eau-de-parfum-50ml-4667","https://koreanbeautypoint.com/web/image/product.product/8369/image_1024/%5Bgucci%20flora%2050ml%5D%20Flora%20Gorgeous%20Gardenia%20Eau%20De%20Parfum%2050ml?unique=affe57f"
"1784124703-699","https://koreanbeautypoint.com/page/product_brands","https://koreanbeautypoint.com/shop/brands?brand=181","Damage Therapy No-Wash Treatment EX - True Me","Rs 3,300","https://koreanbeautypoint.com/shop/growus-true-me-treatment-damage-therapy-no-wash-treatment-ex-true-me-8760","https://koreanbeautypoint.com/web/image/product.product/15518/image_1024/%5Bgrowus%20true%20me%20treatment%5D%20Damage%20Therapy%20No-Wash%20Treatment%20EX%20-%20True%20Me?unique=bac3cbf"
"1784124712-700","https://koreanbeautypoint.com/page/product_brands","https://koreanbeautypoint.com/shop/brands?brand=83","Green Tangerine Vita C Dark Spot Care Serum Mask 1ea","Rs 375","https://koreanbeautypoint.com/shop/goodal-vita-c-sheetmask-green-tangerine-vita-c-dark-spot-care-serum-mask-1ea-4666","https://koreanbeautypoint.com/web/image/product.product/8368/image_1024/%5Bgoodal%20vita%20c%20sheetmask%5D%20Green%20Tangerine%20Vita%20C%20Dark%20Spot%20Care%20Serum%20Mask%201ea?unique=e00512b"
"1784124712-701","https://koreanbeautypoint.com/page/product_brands","https://koreanbeautypoint.com/shop/brands?brand=83","Green Tangerine Vita C Dark Spot Care Serum 40ml","Rs 3,500","https://koreanbeautypoint.com/shop/goodal-tangerine-vita-c-serum-green-tangerine-vita-c-dark-spot-care-serum-40ml-4665","https://koreanbeautypoint.com/web/image/product.product/8367/image_1024/%5Bgoodal%20tangerine%20vita%20c%20serum%5D%20Green%20Tangerine%20Vita%20C%20Dark%20Spot%20Care%20Serum%2040ml?unique=3814b2f"
"1784124712-702","https://koreanbeautypoint.com/page/product_brands","https://koreanbeautypoint.com/shop/brands?brand=83","Green Tangerine Vita C Dark Spot Care Cream 50ml","Rs 3,500","https://koreanbeautypoint.com/shop/goodal-tangerine-cream-green-tangerine-vita-c-dark-spot-care-cream-50ml-4664","https://koreanbeautypoint.com/web/image/product.product/8366/image_1024/%5Bgoodal%20tangerine%20cream%5D%20Green%20Tangerine%20Vita%20C%20Dark%20Spot%20Care%20Cream%2050ml?unique=339e199"
"1784124712-703","https://koreanbeautypoint.com/page/product_brands","https://koreanbeautypoint.com/shop/brands?brand=83","Green Tangerine Vita C 27 Dark Spot Care Ampoule","Rs 4,000","https://koreanbeautypoint.com/shop/goodal-vit-c-27-amp-green-tangerine-vita-c-27-dark-spot-care-ampoule-8728","https://koreanbeautypoint.com/web/image/product.product/15486/image_1024/%5Bgoodal%20vit%20c%2027%20amp%5D%20Green%20Tangerine%20Vita%20C%2027%20Dark%20Spot%20Care%20Ampoule?unique=a038375"
"1784124712-704","https://koreanbeautypoint.com/page/product_brands","https://koreanbeautypoint.com/shop/brands?brand=83","Houttuynia Cordata Calming Moisture Sun Cream 50ml","Rs 2,600","https://koreanbeautypoint.com/shop/goodal-houttuynia-spf-houttuynia-cordata-calming-moisture-sun-cream-50ml-4663","https://koreanbeautypoint.com/web/image/product.product/8365/image_1024/%5Bgoodal%20houttuynia%20spf%5D%20Houttuynia%20Cordata%20Calming%20Moisture%20Sun%20Cream%2050ml?unique=affe57f"
"1784124712-705","https://koreanbeautypoint.com/page/product_brands","https://koreanbeautypoint.com/shop/brands?brand=83","Heartleaf Calming Cooling Sun Stick 19g","Rs 2,600","https://koreanbeautypoint.com/shop/goodal-heartleaf-sunstick-heartleaf-calming-cooling-sun-stick-19g-4662","https://koreanbeautypoint.com/web/image/product.product/8364/image_1024/%5Bgoodal%20heartleaf%20sunstick%5D%20Heartleaf%20Calming%20Cooling%20Sun%20Stick%2019g?unique=affe57f"
"1784124712-706","https://koreanbeautypoint.com/page/product_brands","https://koreanbeautypoint.com/shop/brands?brand=83","Heartleaf Calming Mineral Filter Sun Cream 50ml","Rs 2,600","https://koreanbeautypoint.com/shop/goodal-heartleaf-mineral-spf-heartleaf-calming-mineral-filter-sun-cream-50ml-4661","https://koreanbeautypoint.com/web/image/product.product/8363/image_1024/%5Bgoodal%20heartleaf%20mineral%20spf%5D%20Heartleaf%20Calming%20Mineral%20Filter%20Sun%20Cream%2050ml?unique=affe57f"
"1784124721-707","https://koreanbeautypoint.com/page/product_brands","https://koreanbeautypoint.com/shop/brands?brand=21","Double Spell Lip Cream","Rs 1,200","https://koreanbeautypoint.com/shop/double-spell-lip-cream-4576","https://koreanbeautypoint.com/web/image/product.product/8230/image_1024/%5Bgogo%20lip%20cream%20G04%5D%20Double%20Spell%20Lip%20Cream%20%28G04%29?unique=affe57f"
"1784124721-708","https://koreanbeautypoint.com/page/product_brands","https://koreanbeautypoint.com/shop/brands?brand=21","Eyelash Curler","Rs 1,000","https://koreanbeautypoint.com/shop/gogo-lash-curler-eyelash-curler-4660","https://koreanbeautypoint.com/web/image/product.product/8362/image_1024/%5Bgogo%20lash%20curler%5D%20Eyelash%20Curler?unique=affe57f"
"1784124730-709","https://koreanbeautypoint.com/page/product_brands","https://koreanbeautypoint.com/shop/brands?brand=81","PDRN Vita Toning Ampoule 30ml","Rs 3,300","https://koreanbeautypoint.com/shop/gb-pdrn-toning-amp-pdrn-vita-toning-ampoule-30ml-4646","https://koreanbeautypoint.com/web/image/product.product/8320/image_1024/%5Bgb%20pdrn%20toning%20amp%5D%20PDRN%20Vita%20Toning%20Ampoule%2030ml?unique=e00008a"
"1784124730-710","https://koreanbeautypoint.com/page/product_brands","https://koreanbeautypoint.com/shop/brands?brand=81","Aquaporin Intense Cream Toner 120ml","Rs 3,300","https://koreanbeautypoint.com/shop/gb-aquaporin-toner-aquaporin-intense-cream-toner-120ml-4636","https://koreanbeautypoint.com/web/image/product.product/8310/image_1024/%5Bgb%20aquaporin%20toner%5D%20Aquaporin%20Intense%20Cream%20Toner%20120ml?unique=52f75a0"
"1784124730-711","https://koreanbeautypoint.com/page/product_brands","https://koreanbeautypoint.com/shop/brands?brand=81","Squalane Deep Moisture Serum 30ml","Rs 3,300","https://koreanbeautypoint.com/shop/gb-squalane-serum-squalane-deep-moisture-serum-30ml-4648","https://koreanbeautypoint.com/web/image/product.product/8322/image_1024/%5Bgb%20squalane%20serum%5D%20Squalane%20Deep%20Moisture%20Serum%2030ml?unique=3674b68"
"1784124730-712","https://koreanbeautypoint.com/page/product_brands","https://koreanbeautypoint.com/shop/brands?brand=81","PDRN Rejuvenating Toner 300ml","Rs 3,300","https://koreanbeautypoint.com/shop/gb-pdrn-toner-pdrn-rejuvenating-toner-300ml-4644","https://koreanbeautypoint.com/web/image/product.product/8318/image_1024/%5Bgb%20PDRN%20toner%5D%20PDRN%20Rejuvenating%20Toner%20300ml?unique=8a6cf00"
"1784124730-713","https://koreanbeautypoint.com/page/product_brands","https://koreanbeautypoint.com/shop/brands?brand=81","PDRN Rejuvenating Mask 25ml","Rs 400","https://koreanbeautypoint.com/shop/gb-pdrn-sheetmask-pdrn-rejuvenating-mask-25ml-4643","https://koreanbeautypoint.com/web/image/product.product/8317/image_1024/%5Bgb%20PDRN%20sheetmask%5D%20PDRN%20Rejuvenating%20Mask%2025ml?unique=48b417c"
"1784124730-714","https://koreanbeautypoint.com/page/product_brands","https://koreanbeautypoint.com/shop/brands?brand=81","PDRN Enriched Recovery Balm 50ml","Rs 3,300","https://koreanbeautypoint.com/shop/gb-pdrn-recovery-balm-pdrn-enriched-recovery-balm-50ml-4642","https://koreanbeautypoint.com/web/image/product.product/8316/image_1024/%5Bgb%20PDRN%20recovery%20balm%5D%20PDRN%20Enriched%20Recovery%20Balm%2050ml?unique=574ce7b"
"1784124730-715","https://koreanbeautypoint.com/page/product_brands","https://koreanbeautypoint.com/shop/brands?brand=81","PDRN Glazed Lip Treatment","Rs 2,000","https://koreanbeautypoint.com/shop/gb-pdrn-lip-treatment-pdrn-glazed-lip-treatment-4641","https://koreanbeautypoint.com/web/image/product.product/8315/image_1024/%5Bgb%20PDRN%20lip%20treatment%5D%20PDRN%20Glazed%20Lip%20Treatment?unique=5172dce"
"1784124730-716","https://koreanbeautypoint.com/page/product_brands","https://koreanbeautypoint.com/shop/brands?brand=81","PDRN 360 Rejuvenating Eye Mask","Rs 3,300","https://koreanbeautypoint.com/shop/gb-pdrn-360-mask-pdrn-360-rejuvenating-eye-mask-4640","https://koreanbeautypoint.com/web/image/product.product/8314/image_1024/%5Bgb%20PDRN%20360%20mask%5D%20PDRN%20360%20Rejuvenating%20Eye%20Mask?unique=bb40ae3"
"1784124730-717","https://koreanbeautypoint.com/page/product_brands","https://koreanbeautypoint.com/shop/brands?brand=81","Glutathione Vita Glow Spicule Shot 30ml","Rs 3,300","https://koreanbeautypoint.com/shop/gb-glutathione-shot-glutathione-vita-glow-spicule-shot-30ml-4638","https://koreanbeautypoint.com/web/image/product.product/8312/image_1024/%5Bgb%20glutathione%20shot%5D%20Glutathione%20Vita%20Glow%20Spicule%20Shot%2030ml?unique=9921c78"
"1784124730-718","https://koreanbeautypoint.com/page/product_brands","https://koreanbeautypoint.com/shop/brands?brand=81","Glutathione Vita Glow Capsule Ampoule 30ml","Rs 3,300","https://koreanbeautypoint.com/shop/gb-glutathione-ampoule-glutathione-vita-glow-capsule-ampoule-30ml-4637","https://koreanbeautypoint.com/web/image/product.product/8311/image_1024/%5Bgb%20glutathione%20ampoule%5D%20Glutathione%20Vita%20Glow%20Capsule%20Ampoule%2030ml?unique=f3b8e5e"
"1784124730-719","https://koreanbeautypoint.com/page/product_brands","https://koreanbeautypoint.com/shop/brands?brand=81","Phytology 17 Perfect Cleansing Foam 150ml","Rs 2,350","https://koreanbeautypoint.com/shop/gb-phytology-foam-phytology-17-perfect-cleansing-foam-150ml-7696","https://koreanbeautypoint.com/web/image/product.product/11714/image_1024/%5Bgb%20phytology%20foam%5D%20Phytology%2017%20Perfect%20Cleansing%20Foam%20150ml?unique=e78eb63"
"1784124730-720","https://koreanbeautypoint.com/page/product_brands","https://koreanbeautypoint.com/shop/brands?brand=81","Cabbage 74 Calming Cream 50ml","Rs 3,300","https://koreanbeautypoint.com/shop/gb-cabbage-cream-50ml-cabbage-74-calming-cream-50ml-7695","https://koreanbeautypoint.com/web/image/product.product/11713/image_1024/%5Bgb%20cabbage%20cream%2050ml%5D%20Cabbage%2074%20Calming%20Cream%2050ml?unique=e78eb63"
"1784124730-721","https://koreanbeautypoint.com/page/product_brands","https://koreanbeautypoint.com/shop/brands?brand=81","Glutathione Brightening Ampoule Mask 25ml","Rs 400","https://koreanbeautypoint.com/shop/gb-glutathione-sheetmask-glutathione-brightening-ampoule-mask-25ml-7694","https://koreanbeautypoint.com/web/image/product.product/11712/image_1024/%5Bgb%20glutathione%20sheetmask%5D%20Glutathione%20Brightening%20Ampoule%20Mask%2025ml?unique=0bfff55"
"1784124730-722","https://koreanbeautypoint.com/page/product_brands","https://koreanbeautypoint.com/shop/brands?brand=81","PDRN Dewy Tone Up Sunscreen 40ml","Rs 2,600","https://koreanbeautypoint.com/shop/gb-pdrn-toneup-spf-pdrn-dewy-tone-up-sunscreen-40ml-4645","https://koreanbeautypoint.com/web/image/product.product/8319/image_1024/%5Bgb%20PDRN%20toneup%20spf%5D%20PDRN%20Dewy%20Tone%20Up%20Sunscreen%2040ml?unique=3548d47"
"1784124730-723","https://koreanbeautypoint.com/page/product_brands","https://koreanbeautypoint.com/shop/brands?brand=81","Melacare Intensive Cream 50ml","Rs 3,600","https://koreanbeautypoint.com/shop/gb-melacare-cream-melacare-intensive-cream-50ml-4639","https://koreanbeautypoint.com/web/image/product.product/8313/image_1024/%5Bgb%20melacare%20cream%5D%20Melacare%20Intensive%20Cream%2050ml?unique=0978ed4"
"1784124730-724","https://koreanbeautypoint.com/page/product_brands","https://koreanbeautypoint.com/shop/brands?brand=81","Aquabarrier Ceramide Capsule Cream 50ml","Rs 2,500","https://koreanbeautypoint.com/shop/gb-aquabarrier-cream-aquabarrier-ceramide-capsule-cream-50ml-4635","https://koreanbeautypoint.com/web/image/product.product/8309/image_1024/%5Bgb%20aquabarrier%20cream%5D%20Aquabarrier%20Ceramide%20Capsule%20Cream%2050ml?unique=c7e5cac"
"1784124740-725","https://koreanbeautypoint.com/page/product_brands","https://koreanbeautypoint.com/shop/brands?brand=30","Lip&Cheek Blurry Pudding Pot","Rs 1,280","https://koreanbeautypoint.com/shop/lipcheek-blurry-pudding-pot-4804","https://koreanbeautypoint.com/web/image/product.product/8582/image_1024/%5Bfwee%20RD03%20ambitious%5D%20Lip%26Cheek%20Blurry%20Pudding%20Pot%20%28Ambitious%29?unique=affe57f"
"1784124749-726","https://koreanbeautypoint.com/page/product_brands","https://koreanbeautypoint.com/shop/brands?brand=80","Green Grape Pore Peeling Pad","Rs 180","https://koreanbeautypoint.com/shop/frudia-grape-tonerpad-green-grape-pore-peeling-pad-7663","https://koreanbeautypoint.com/web/image/product.product/11681/image_1024/%5Bfrudia%20grape%20tonerpad%5D%20Green%20Grape%20Pore%20Peeling%20Pad?unique=68d4114"
"1784124749-727","https://koreanbeautypoint.com/page/product_brands","https://koreanbeautypoint.com/shop/brands?brand=80","Blueberry Hydrating Honey Lip Balm 10ml","Rs 1,000","https://koreanbeautypoint.com/shop/frudia-honey-lip-balm-blueberry-hydrating-honey-lip-balm-10ml-7662","https://koreanbeautypoint.com/web/image/product.product/11680/image_1024/%5Bfrudia%20honey%20lip%20balm%5D%20Blueberry%20Hydrating%20Honey%20Lip%20Balm%2010ml?unique=5c3b895"
"1784124749-728","https://koreanbeautypoint.com/page/product_brands","https://koreanbeautypoint.com/shop/brands?brand=80","Ultra UV Shield Sun Essence 50g","Rs 1,500","https://koreanbeautypoint.com/shop/frudia-ultra-spf-ultra-uv-shield-sun-essence-50g-4634","https://koreanbeautypoint.com/web/image/product.product/8308/image_1024/%5Bfrudia%20ultra%20spf%5D%20Ultra%20UV%20Shield%20Sun%20Essence%2050g?unique=3f046f2"
"1784124758-729","https://koreanbeautypoint.com/page/product_brands","https://koreanbeautypoint.com/shop/brands?brand=159","Oriental Osmanthus Eau De Parfum 40ml","Rs 3,000","https://koreanbeautypoint.com/shop/fpf-oriental-parfum-40ml-oriental-osmanthus-eau-de-parfum-40ml-7661","https://koreanbeautypoint.com/web/image/product.product/11679/image_1024/%5Bfpf%20oriental%20parfum%2040ml%5D%20Oriental%20Osmanthus%20Eau%20De%20Parfum%2040ml?unique=52f75a0"
"1784124758-730","https://koreanbeautypoint.com/page/product_brands","https://koreanbeautypoint.com/shop/brands?brand=159","Untamed Lady Eau De Parfum","Rs 3,000","https://koreanbeautypoint.com/shop/fpf-untamed-parfum-untamed-lady-eau-de-parfum-8765","https://koreanbeautypoint.com/web/image/product.product/15523/image_1024/%5Bfpf%20untamed%20parfum%5D%20Untamed%20Lady%20Eau%20De%20Parfum?unique=52f75a0"
"1784124758-731","https://koreanbeautypoint.com/page/product_brands","https://koreanbeautypoint.com/shop/brands?brand=159","Yanyu Green Tea Eau De Parfum","Rs 3,000","https://koreanbeautypoint.com/shop/fpf-yanyu-parfum-yanyu-green-tea-eau-de-parfum-8761","https://koreanbeautypoint.com/web/image/product.product/15519/image_1024/%5Bfpf%20yanyu%20parfum%5D%20Yanyu%20Green%20Tea%20Eau%20De%20Parfum?unique=55d672c"
"1784124758-732","https://koreanbeautypoint.com/page/product_brands","https://koreanbeautypoint.com/shop/brands?brand=159","Tender Trap Eau De Parfum","Rs 3,000","https://koreanbeautypoint.com/shop/fpf-tender-parfum-tender-trap-eau-de-parfum-8756","https://koreanbeautypoint.com/web/image/product.product/15514/image_1024/%5Bfpf%20tender%20parfum%5D%20Tender%20Trap%20Eau%20De%20Parfum?unique=52f75a0"
"1784124768-733","https://koreanbeautypoint.com/page/product_brands","https://koreanbeautypoint.com/shop/brands?brand=79","Kids Derma Barrier Ato Set","Rs 4,500","https://koreanbeautypoint.com/shop/formal-bee-kids-barrier-set-kids-derma-barrier-ato-set-4633","https://koreanbeautypoint.com/web/image/product.product/8307/image_1024/%5Bformal%20bee%20kids%20barrier%20set%5D%20Kids%20Derma%20Barrier%20Ato%20Set?unique=affe57f"
"1784124768-734","https://koreanbeautypoint.com/page/product_brands","https://koreanbeautypoint.com/shop/brands?brand=79","Derma Barrier Ato Wash 300ml","Rs 2,500","https://koreanbeautypoint.com/shop/formal-bee-ato-wash-derma-barrier-ato-wash-300ml-4631","https://koreanbeautypoint.com/web/image/product.product/8305/image_1024/%5Bformal%20bee%20ato%20wash%5D%20Derma%20Barrier%20Ato%20Wash%20300ml?unique=affe57f"
"1784124768-735","https://koreanbeautypoint.com/page/product_brands","https://koreanbeautypoint.com/shop/brands?brand=79","Derma Barrier Ato Stick Blam 18g","Rs 1,500","https://koreanbeautypoint.com/shop/formal-bee-ato-stick-balm-derma-barrier-ato-stick-blam-18g-4630","https://koreanbeautypoint.com/web/image/product.product/8304/image_1024/%5Bformal%20bee%20ato%20stick%20balm%5D%20Derma%20Barrier%20Ato%20Stick%20Blam%2018g?unique=affe57f"
"1784124768-736","https://koreanbeautypoint.com/page/product_brands","https://koreanbeautypoint.com/shop/brands?brand=79","Derma Barrier Ato Cream 120ml","Rs 2,200","https://koreanbeautypoint.com/shop/formal-bee-ato-cream-derma-barrier-ato-cream-120ml-4629","https://koreanbeautypoint.com/web/image/product.product/8303/image_1024/%5Bformal%20bee%20ato%20cream%5D%20Derma%20Barrier%20Ato%20Cream%20120ml?unique=affe57f"
"1784124768-737","https://koreanbeautypoint.com/page/product_brands","https://koreanbeautypoint.com/shop/brands?brand=79","Derma Barrier Itch Care Patch 10 Patches","Rs 1,800","https://koreanbeautypoint.com/shop/formal-bee-itch-care-patch-derma-barrier-itch-care-patch-10-patches-4632","https://koreanbeautypoint.com/web/image/product.product/8306/image_1024/%5Bformal%20bee%20itch%20care%20patch%5D%20Derma%20Barrier%20Itch%20Care%20Patch%2010%20Patches?unique=1af08d0"
"1784124777-738","https://koreanbeautypoint.com/page/product_brands","https://koreanbeautypoint.com/shop/brands?brand=35","Moonlight Mermaid Jewelry Lip","Rs 3,000","https://koreanbeautypoint.com/shop/fk-lip-gloss-05-mermaid-tears-moonlight-mermaid-jewelry-lip-4919","https://koreanbeautypoint.com/web/image/product.product/8807/image_1024/%5Bfk%20lip%20gloss%2005%20mermaid%20tears%5D%20Moonlight%20Mermaid%20Jewelry%20Lip?unique=affe57f"
"1784124786-739","https://koreanbeautypoint.com/page/product_brands","https://koreanbeautypoint.com/shop/brands?brand=78","Hyaluronic UV Shield Sun Block Cream 70g","Rs 1,600","https://koreanbeautypoint.com/shop/farmstay-ha-spf-hyaluronic-uv-shield-sun-block-cream-70g-4622","https://koreanbeautypoint.com/web/image/product.product/8281/image_1024/%5Bfarmstay%20ha%20spf%5D%20Hyaluronic%20UV%20Shield%20Sun%20Block%20Cream%2070g?unique=affe57f"
"1784124795-740","https://koreanbeautypoint.com/page/product_brands","https://koreanbeautypoint.com/shop/brands?brand=20","Fixing Tint","Rs 1,500","https://koreanbeautypoint.com/shop/fixing-tint-4628","https://koreanbeautypoint.com/web/image/product.product/8287/image_1024/%5Betude%2001%20analog%20rose%5D%20Fixing%20Tint%20%28Analog%20Rose%29?unique=affe57f"
"1784124795-741","https://koreanbeautypoint.com/page/product_brands","https://koreanbeautypoint.com/shop/brands?brand=20","Dear Darling Water Tint","Rs 1,000","https://koreanbeautypoint.com/shop/dear-darling-water-tint-4567","https://koreanbeautypoint.com/web/image/product.product/8209/image_1024/%5Betude%20darling%20tint%2002%5D%20Dear%20Darling%20Water%20Tint%20%28Cherryade%29?unique=15d6c6f"
"1784124795-742","https://koreanbeautypoint.com/page/product_brands","https://koreanbeautypoint.com/shop/brands?brand=20","Moistfull Collagen Cream 75ml","Rs 3,300","https://koreanbeautypoint.com/shop/etude-moistfull-collagen-cream-moistfull-collagen-cream-75ml-4620","https://koreanbeautypoint.com/web/image/product.product/8277/image_1024/%5Betude%20moistfull%20collagen%20cream%5D%20Moistfull%20Collagen%20Cream%2075ml?unique=affe57f"
"1784124795-743","https://koreanbeautypoint.com/page/product_brands","https://koreanbeautypoint.com/shop/brands?brand=20","My Lash Serum 9g","Rs 1,000","https://koreanbeautypoint.com/shop/etude-lash-serum-my-lash-serum-9g-4619","https://koreanbeautypoint.com/web/image/product.product/8276/image_1024/%5Betude%20lash%20serum%5D%20My%20Lash%20Serum%209g?unique=9c34578"
"1784124795-744","https://koreanbeautypoint.com/page/product_brands","https://koreanbeautypoint.com/shop/brands?brand=20","Glow Fixing Tint","Rs 1,500","https://koreanbeautypoint.com/shop/etude-03-dewy-fig-glow-fixing-tint-4659","https://koreanbeautypoint.com/web/image/product.product/8361/image_1024/%5Betude%2003%20dewy%20fig%5D%20Glow%20Fixing%20Tint?unique=affe57f"
"1784124795-745","https://koreanbeautypoint.com/page/product_brands","https://koreanbeautypoint.com/shop/brands?brand=20","Tear Drop Eye Liner","Rs 1,300","https://koreanbeautypoint.com/shop/etude-tear-drop-liner-03-tear-drop-eye-liner-5155","https://koreanbeautypoint.com/web/image/product.product/9121/image_1024/%5Betude%20tear%20drop%20liner%2003%5D%20Tear%20Drop%20Eye%20Liner?unique=affe57f"
"1784124795-746","https://koreanbeautypoint.com/page/product_brands","https://koreanbeautypoint.com/shop/brands?brand=20","Soonjung pH5.5 Relief Toner 200ml","Rs 2,800","https://koreanbeautypoint.com/shop/soonjung-toner-200ml-soonjung-ph55-relief-toner-200ml-5144","https://koreanbeautypoint.com/web/image/product.product/9097/image_1024/%5Bsoonjung%20toner%20200ml%5D%20Soonjung%20pH5.5%20Relief%20Toner%20200ml?unique=affe57f"
"1784124795-747","https://koreanbeautypoint.com/page/product_brands","https://koreanbeautypoint.com/shop/brands?brand=20","Soonjung Ph 6.5 Whip Cleanser","Rs 2,100","https://koreanbeautypoint.com/shop/soonjung-ph-65-whip-cleanser-5143","https://koreanbeautypoint.com/web/image/product.product/9095/image_1024/%5Bsoonjung%20whip%20cleanser%5D%20Soonjung%20Ph%206.5%20Whip%20Cleanser%20%28150ml%29?unique=affe57f"
"1784124795-748","https://koreanbeautypoint.com/page/product_brands","https://koreanbeautypoint.com/shop/brands?brand=20","Soonjung 5.5 Foam Cleanser 150ml","Rs 1,600","https://koreanbeautypoint.com/shop/soonjung-foam-soonjung-55-foam-cleanser-150ml-5142","https://koreanbeautypoint.com/web/image/product.product/9094/image_1024/%5Bsoonjung%20foam%5D%20Soonjung%205.5%20Foam%20Cleanser%20150ml?unique=affe57f"
"1784124795-749","https://koreanbeautypoint.com/page/product_brands","https://koreanbeautypoint.com/shop/brands?brand=20","Soon Jung Directors Moisture Sun Cream 50ml","Rs 3,175","https://koreanbeautypoint.com/shop/soonjung-directors-spf-soon-jung-directors-moisture-sun-cream-50ml-5141","https://koreanbeautypoint.com/web/image/product.product/9093/image_1024/%5Bsoonjung%20directors%20spf%5D%20Soon%20Jung%20Directors%20Moisture%20Sun%20Cream%2050ml?unique=affe57f"
"1784124795-750","https://koreanbeautypoint.com/page/product_brands","https://koreanbeautypoint.com/shop/brands?brand=20","Soon Jung 2X Barrier Intensive Cream 60ml","Rs 2,600","https://koreanbeautypoint.com/shop/soonjung-2x-barrier-cream-soon-jung-2x-barrier-intensive-cream-60ml-5140","https://koreanbeautypoint.com/web/image/product.product/9092/image_1024/%5Bsoonjung%202X%20barrier%20cream%5D%20Soon%20Jung%202X%20Barrier%20Intensive%20Cream%2060ml?unique=affe57f"
"1784124804-751","https://koreanbeautypoint.com/page/product_brands","https://koreanbeautypoint.com/shop/brands?brand=158","Lyuh Esther Liposome Glutathione Direct White Max","Rs 6,000","https://koreanbeautypoint.com/shop/esther-glutathione-max-lyuh-esther-liposome-glutathione-direct-white-max-7660","https://koreanbeautypoint.com/web/image/product.product/11678/image_1024/%5Besther%20glutathione%20max%5D%20Lyuh%20Esther%20Liposome%20Glutathione%20Direct%20White%20Max?unique=52f75a0"
"1784124813-752","https://koreanbeautypoint.com/page/product_brands","https://koreanbeautypoint.com/shop/brands?brand=42","Bakuchiol Plumping Capsule Toner 150ml","Rs 3,600","https://koreanbeautypoint.com/shop/eq-bakuchiol-toner-bakuchiol-plumping-capsule-toner-150ml-4606","https://koreanbeautypoint.com/web/image/product.product/8263/image_1024/%5Beq%20bakuchiol%20toner%5D%20Bakuchiol%20Plumping%20Capsule%20Toner%20150ml?unique=5158ee4"
"1784124813-753","https://koreanbeautypoint.com/page/product_brands","https://koreanbeautypoint.com/shop/brands?brand=42","Purple Rice Pore Smoothing Cleansing Oil 200ml","Rs 3,300","https://koreanbeautypoint.com/shop/eq-purple-rice-co-purple-rice-pore-smoothing-cleansing-oil-200ml-4615","https://koreanbeautypoint.com/web/image/product.product/8272/image_1024/%5Beq%20purple%20rice%20co%5D%20Purple%20Rice%20Pore%20Smoothing%20Cleansing%20Oil%20200ml?unique=44102a4"
"1784124813-754","https://koreanbeautypoint.com/page/product_brands","https://koreanbeautypoint.com/shop/brands?brand=42","NAD+ Peptide Boosting Serum 30ml","Rs 3,600","https://koreanbeautypoint.com/shop/eq-nad-peptide-serum-nad-peptide-boosting-serum-30ml-4612","https://koreanbeautypoint.com/web/image/product.product/8269/image_1024/%5Beq%20NAD%20peptide%20serum%5D%20NAD%2B%20Peptide%20Boosting%20Serum%2030ml?unique=98e347a"
"1784124813-755","https://koreanbeautypoint.com/page/product_brands","https://koreanbeautypoint.com/shop/brands?brand=42","Vitamin Illuminating Serum 30ml","Rs 3,800","https://koreanbeautypoint.com/shop/eq-illuminating-serum-vitamin-illuminating-serum-30ml-4610","https://koreanbeautypoint.com/web/image/product.product/8267/image_1024/%5Beq%20illuminating%20serum%5D%20Vitamin%20Illuminating%20Serum%2030ml?unique=9349abc"
"1784124813-756","https://koreanbeautypoint.com/page/product_brands","https://koreanbeautypoint.com/shop/brands?brand=42","Collagen Pore-Tight Up Gel Toner Pads 60ea|140ml","Rs 3,600","https://koreanbeautypoint.com/shop/eq-collagen-pore-pad-collagen-pore-tight-up-gel-toner-pads-60ea140ml-4609","https://koreanbeautypoint.com/web/image/product.product/8266/image_1024/%5Beq%20collagen%20pore%20pad%5D%20Collagen%20Pore-Tight%20Up%20Gel%20Toner%20Pads%2060ea%7C140ml?unique=62cace9"
"1784124813-757","https://koreanbeautypoint.com/page/product_brands","https://koreanbeautypoint.com/shop/brands?brand=42","Collagen Glow Up Gel Pads 60ea|140ml","Rs 3,600","https://koreanbeautypoint.com/shop/eq-collagen-glow-pad-collagen-glow-up-gel-pads-60ea140ml-4607","https://koreanbeautypoint.com/web/image/product.product/8264/image_1024/%5Beq%20collagen%20glow%20pad%5D%20Collagen%20Glow%20Up%20Gel%20Pads%2060ea%7C140ml?unique=affe57f"
"1784124813-758","https://koreanbeautypoint.com/page/product_brands","https://koreanbeautypoint.com/shop/brands?brand=42","Bakuchiol Plumping Serum 30ml","Rs 3,800","https://koreanbeautypoint.com/shop/eq-bakuchiol-serum-bakuchiol-plumping-serum-30ml-4604","https://koreanbeautypoint.com/web/image/product.product/8261/image_1024/%5Beq%20bakuchiol%20serum%5D%20Bakuchiol%20Plumping%20Serum%2030ml?unique=e00008a"
"1784124813-759","https://koreanbeautypoint.com/page/product_brands","https://koreanbeautypoint.com/shop/brands?brand=42","Bakuchiol Plumping Capsule Cream 50ml","Rs 3,600","https://koreanbeautypoint.com/shop/eq-bakuchiol-cream-bakuchiol-plumping-capsule-cream-50ml-4603","https://koreanbeautypoint.com/web/image/product.product/8260/image_1024/%5Beq%20bakuchiol%20cream%5D%20Bakuchiol%20Plumping%20Capsule%20Cream%2050ml?unique=53583dc"
"1784124813-760","https://koreanbeautypoint.com/page/product_brands","https://koreanbeautypoint.com/shop/brands?brand=42","Swimming Pool Daily Facial Toner","Rs 2,700","https://koreanbeautypoint.com/shop/swimming-pool-daily-facial-toner-5153","https://koreanbeautypoint.com/web/image/product.product/9116/image_1024/%5Beq%20swimming%20pool%20toner%20155ml%5D%20Swimming%20Pool%20Daily%20Facial%20Toner%20%28155ml%29?unique=8f8778c"
"1784124813-761","https://koreanbeautypoint.com/page/product_brands","https://koreanbeautypoint.com/shop/brands?brand=42","Swimming Pool Toner Pads 70pads","Rs 3,300","https://koreanbeautypoint.com/shop/eq-swimming-pool-pad-swimming-pool-toner-pads-70pads-4617","https://koreanbeautypoint.com/web/image/product.product/8274/image_1024/%5Beq%20swimming%20pool%20pad%5D%20Swimming%20Pool%20Toner%20Pads%2070pads?unique=affe57f"
"1784124813-762","https://koreanbeautypoint.com/page/product_brands","https://koreanbeautypoint.com/shop/brands?brand=42","Swimming Pool Ampoule 50ml","Rs 3,000","https://koreanbeautypoint.com/shop/eq-swimming-pool-ampoule-swimming-pool-ampoule-50ml-4616","https://koreanbeautypoint.com/web/image/product.product/8273/image_1024/%5Beq%20swimming%20pool%20ampoule%5D%20Swimming%20Pool%20Ampoule%2050ml?unique=affe57f"
"1784124813-763","https://koreanbeautypoint.com/page/product_brands","https://koreanbeautypoint.com/shop/brands?brand=42","Purple Rice Pore Purifying Pack Cleanser 130g","Rs 3,300","https://koreanbeautypoint.com/shop/eq-purple-rice-cleanser-purple-rice-pore-purifying-pack-cleanser-130g-4614","https://koreanbeautypoint.com/web/image/product.product/8271/image_1024/%5Beq%20purple%20rice%20cleanser%5D%20Purple%20Rice%20Pore%20Purifying%20Pack%20Cleanser%20130g?unique=affe57f"
"1784124813-764","https://koreanbeautypoint.com/page/product_brands","https://koreanbeautypoint.com/shop/brands?brand=42","Purple PDRN Pore Minimizing Serum 30ml","Rs 3,300","https://koreanbeautypoint.com/shop/eq-pdrn-pore-serum-purple-pdrn-pore-minimizing-serum-30ml-4613","https://koreanbeautypoint.com/web/image/product.product/8270/image_1024/%5Beq%20PDRN%20pore%20serum%5D%20Purple%20PDRN%20Pore%20Minimizing%20Serum%2030ml?unique=4b54e6c"
"1784124813-765","https://koreanbeautypoint.com/page/product_brands","https://koreanbeautypoint.com/shop/brands?brand=42","Collagen Pore-Tight Up Hydrogel Mask","Rs 700","https://koreanbeautypoint.com/shop/eq-collagen-pore-gel-mask-collagen-pore-tight-up-hydrogel-mask-4608","https://koreanbeautypoint.com/web/image/product.product/8265/image_1024/%5Beq%20collagen%20pore%20gel%20mask%5D%20Collagen%20Pore-Tight%20Up%20Hydrogel%20Mask?unique=affe57f"
"1784124821-766","https://koreanbeautypoint.com/page/product_brands","https://koreanbeautypoint.com/shop/brands?brand=77","Milky Piggy Cer-100 Collagen Ceramide Coating Protein Treatment 100ml","Rs 1,500","https://koreanbeautypoint.com/shop/elizavecca-collagen-treatment-milky-piggy-cer-100-collagen-ceramide-coating-protein-treatment-100ml-4602","https://koreanbeautypoint.com/web/image/product.product/8259/image_1024/%5Belizavecca%20collagen%20treatment%5D%20Milky%20Piggy%20Cer-100%20Collagen%20Ceramide%20Coating%20Protein%20Treatment%20100ml?unique=affe57f"
"1784124832-767","https://koreanbeautypoint.com/page/product_brands","https://koreanbeautypoint.com/shop/brands?brand=157","Centella Turnover Soft Peeling Gel Mini 30ml","Rs 500","https://koreanbeautypoint.com/shop/dr-pepti-centella-peeling-gel-centella-turnover-soft-peeling-gel-mini-30ml-7659","https://koreanbeautypoint.com/web/image/product.product/11677/image_1024/%5Bdr%20pepti%20centella%20peeling%20gel%5D%20Centella%20Turnover%20Soft%20Peeling%20Gel%20Mini%2030ml?unique=5c3b895"
"1784124840-768","https://koreanbeautypoint.com/page/product_brands","https://koreanbeautypoint.com/shop/brands?brand=156","PoreXsome ReDRN Exosome Ampoule 15ml","Rs 3,300","https://koreanbeautypoint.com/shop/drnineteen-redrn-ampoule-porexsome-redrn-exosome-ampoule-15ml-7658","https://koreanbeautypoint.com/web/image/product.product/11676/image_1024/%5Bdr.nineteen%20ReDRN%20ampoule%5D%20PoreXsome%20ReDRN%20Exosome%20Ampoule%2015ml?unique=872a7f1"
"1784124850-769","https://koreanbeautypoint.com/page/product_brands","https://koreanbeautypoint.com/shop/brands?brand=155","Eyephalt Eyebag Cream 10ml","Rs 3,300","https://koreanbeautypoint.com/shop/drmelaxin-eyephalt-cream-eyephalt-eyebag-cream-10ml-7652","https://koreanbeautypoint.com/web/image/product.product/11670/image_1024/%5Bdr.melaxin%20eyephalt%20cream%5D%20Eyephalt%20Eyebag%20Cream%2010ml?unique=339e199"
"1784124850-770","https://koreanbeautypoint.com/page/product_brands","https://koreanbeautypoint.com/shop/brands?brand=155","TX Cream 50ml","Rs 3,500","https://koreanbeautypoint.com/shop/drmelaxin-tx-cream-tx-cream-50ml-7655","https://koreanbeautypoint.com/web/image/product.product/11673/image_1024/%5Bdr.melaxin%20TX%20cream%5D%20TX%20Cream%2050ml?unique=d5ba9d3"
"1784124850-771","https://koreanbeautypoint.com/page/product_brands","https://koreanbeautypoint.com/shop/brands?brand=155","Peel Shot Glow White Rice Toner 200ml","Rs 3,300","https://koreanbeautypoint.com/shop/drmelaxin-white-rice-toner-peel-shot-glow-white-rice-toner-200ml-7654","https://koreanbeautypoint.com/web/image/product.product/11672/image_1024/%5Bdr.melaxin%20white%20rice%20toner%5D%20Peel%20Shot%20Glow%20White%20Rice%20Toner%20200ml?unique=433b209"
"1784124850-772","https://koreanbeautypoint.com/page/product_brands","https://koreanbeautypoint.com/shop/brands?brand=155","Peel Shot Exfoliating White Rice Ampoule 80ml","Rs 3,500","https://koreanbeautypoint.com/shop/drmelaxin-white-rice-peel-peel-shot-exfoliating-white-rice-ampoule-80ml-7653","https://koreanbeautypoint.com/web/image/product.product/11671/image_1024/%5Bdr.melaxin%20white%20rice%20peel%5D%20Peel%20Shot%20Exfoliating%20White%20Rice%20Ampoule%2080ml?unique=9001c80"
"1784124850-773","https://koreanbeautypoint.com/page/product_brands","https://koreanbeautypoint.com/shop/brands?brand=155","Cemenrete Calcium Volume Eye Patch","Rs 3,300","https://koreanbeautypoint.com/shop/drmelaxin-calcium-eye-patch-cemenrete-calcium-volume-eye-patch-8736","https://koreanbeautypoint.com/web/image/product.product/15494/image_1024/%5Bdr.melaxin%20calcium%20eye%20patch%5D%20Cemenrete%20Calcium%20Volume%20Eye%20Patch?unique=552997a"
"1784124850-774","https://koreanbeautypoint.com/page/product_brands","https://koreanbeautypoint.com/shop/brands?brand=155","Cemenrete Calcium Volume Multi Balm 9g","Rs 3,300","https://koreanbeautypoint.com/shop/drmelaxin-calcium-multi-balm-cemenrete-calcium-volume-multi-balm-9g-7657","https://koreanbeautypoint.com/web/image/product.product/11675/image_1024/%5Bdr.melaxin%20calcium%20multi%20balm%5D%20Cemenrete%20Calcium%20Volume%20Multi%20Balm%209g?unique=433b209"
"1784124850-775","https://koreanbeautypoint.com/page/product_brands","https://koreanbeautypoint.com/shop/brands?brand=155","Peel Shot Exfoliating Kojic Acid Turmeric Spray 200ml","Rs 3,600","https://koreanbeautypoint.com/shop/drmelaxin-kojic-spray-peel-shot-exfoliating-kojic-acid-turmeric-spray-200ml-7656","https://koreanbeautypoint.com/web/image/product.product/11674/image_1024/%5Bdr.melaxin%20kojic%20spray%5D%20Peel%20Shot%20Exfoliating%20Kojic%20Acid%20Turmeric%20Spray%20200ml?unique=8595651"
"1784124850-776","https://koreanbeautypoint.com/page/product_brands","https://koreanbeautypoint.com/shop/brands?brand=155","Peel Shot Exfoliating Black Rice Ampoule 80ml","Rs 3,500","https://koreanbeautypoint.com/shop/drmelaxin-black-rice-peel-peel-shot-exfoliating-black-rice-ampoule-80ml-7651","https://koreanbeautypoint.com/web/image/product.product/11669/image_1024/%5Bdr.melaxin%20black%20rice%20peel%5D%20Peel%20Shot%20Exfoliating%20Black%20Rice%20Ampoule%2080ml?unique=339e199"
"1784124860-777","https://koreanbeautypoint.com/page/product_brands","https://koreanbeautypoint.com/shop/brands?brand=29","Cryo Rubber Soothing Mask 1ea","Rs 1,200","https://koreanbeautypoint.com/shop/drjart-soothing-rubber-mask-cryo-rubber-soothing-mask-1ea-4599","https://koreanbeautypoint.com/web/image/product.product/8254/image_1024/%5Bdr.jart%20soothing%20rubber%20mask%5D%20Cryo%20Rubber%20Soothing%20Mask%201ea?unique=3011c20"
"1784124860-778","https://koreanbeautypoint.com/page/product_brands","https://koreanbeautypoint.com/shop/brands?brand=29","Cicapair Intensive Soothing Repair Serum Mask 25g X 1ea","Rs 450","https://koreanbeautypoint.com/shop/drjart-cicapair-sheetmask-cicapair-intensive-soothing-repair-serum-mask-25g-x-1ea-4598","https://koreanbeautypoint.com/web/image/product.product/8253/image_1024/%5Bdr.jart%20cicapair%20sheetmask%5D%20Cicapair%20Intensive%20Soothing%20Repair%20Serum%20Mask%2025g%20X%201ea?unique=affe57f"
"1784124860-779","https://koreanbeautypoint.com/page/product_brands","https://koreanbeautypoint.com/shop/brands?brand=29","Ceramidin Skin Barrier Moisturizing Cream","Rs 4,200","https://koreanbeautypoint.com/shop/drjart-ceramidin-cream-ceramidin-skin-barrier-moisturizing-cream-4597","https://koreanbeautypoint.com/web/image/product.product/8252/image_1024/%5Bdr.jart%20ceramidin%20cream%5D%20Ceramidin%20Skin%20Barrier%20Moisturizing%20Cream?unique=affe57f"
"1784124860-780","https://koreanbeautypoint.com/page/product_brands","https://koreanbeautypoint.com/shop/brands?brand=29","Jet Solution Sheetmask","Rs 450","https://koreanbeautypoint.com/shop/jet-solution-sheetmask-4766","https://koreanbeautypoint.com/web/image/product.product/8515/image_1024/%5Bdr.jart%20jet%20vital%20sheetmask%5D%20Jet%20Solution%20Sheetmask%20%28Vital%29?unique=affe57f"
"1784124870-781","https://koreanbeautypoint.com/page/product_brands","https://koreanbeautypoint.com/shop/brands?brand=76","Red Blemish Clear Soothing Cream 70ml","Rs 3,600","https://koreanbeautypoint.com/shop/drg-red-blemish-cream-red-blemish-clear-soothing-cream-70ml-4596","https://koreanbeautypoint.com/web/image/product.product/8251/image_1024/%5Bdr.g%20red%20blemish%20cream%5D%20Red%20Blemish%20Clear%20Soothing%20Cream%2070ml?unique=9349abc"
"1784124878-782","https://koreanbeautypoint.com/page/product_brands","https://koreanbeautypoint.com/shop/brands?brand=75","Cica Regen 95 Soothing Gel","Rs 3,000","https://koreanbeautypoint.com/shop/drceuracle-regen-gel-cica-regen-95-soothing-gel-8727","https://koreanbeautypoint.com/web/image/product.product/15485/image_1024/%5Bdr.ceuracle%20regen%20gel%5D%20Cica%20Regen%2095%20Soothing%20Gel?unique=52f75a0"
"1784124878-783","https://koreanbeautypoint.com/page/product_brands","https://koreanbeautypoint.com/shop/brands?brand=75","Vegan Kombucha Tea Gel Cream 75g","Rs 3,600","https://koreanbeautypoint.com/shop/drceuracle-kombucha-gel-vegan-kombucha-tea-gel-cream-75g-4595","https://koreanbeautypoint.com/web/image/product.product/8250/image_1024/%5Bdr.ceuracle%20kombucha%20gel%5D%20Vegan%20Kombucha%20Tea%20Gel%20Cream%2075g?unique=affe57f"
"1784124878-784","https://koreanbeautypoint.com/page/product_brands","https://koreanbeautypoint.com/shop/brands?brand=75","Vegan Kombucha Tea Essence 150ml","Rs 5,000","https://koreanbeautypoint.com/shop/drceuracle-kombucha-essence-vegan-kombucha-tea-essence-150ml-4594","https://koreanbeautypoint.com/web/image/product.product/8249/image_1024/%5Bdr.ceuracle%20kombucha%20essence%5D%20Vegan%20Kombucha%20Tea%20Essence%20150ml?unique=52f75a0"
"1784124878-785","https://koreanbeautypoint.com/page/product_brands","https://koreanbeautypoint.com/shop/brands?brand=75","Cica Regen Vegan Sun SPF 50+ PA+++ 50ml","Rs 2,600","https://koreanbeautypoint.com/shop/drceuracle-cica-spf-cica-regen-vegan-sun-spf-50-pa-50ml-4593","https://koreanbeautypoint.com/web/image/product.product/8248/image_1024/%5Bdr.ceuracle%20cica%20spf%5D%20Cica%20Regen%20Vegan%20Sun%20SPF%2050%2B%20PA%2B%2B%2B%2050ml?unique=affe57f"
"1784124878-786","https://koreanbeautypoint.com/page/product_brands","https://koreanbeautypoint.com/shop/brands?brand=75","5 Alpha Control Clearing Cleansing Foam 200ml","Rs 2,000","https://koreanbeautypoint.com/shop/drceuracle-5-alpha-foam-5-alpha-control-clearing-cleansing-foam-200ml-4592","https://koreanbeautypoint.com/web/image/product.product/8247/image_1024/%5Bdr.ceuracle%205%20alpha%20foam%5D%205%20Alpha%20Control%20Clearing%20Cleansing%20Foam%20200ml?unique=affe57f"
"1784124888-787","https://koreanbeautypoint.com/page/product_brands","https://koreanbeautypoint.com/shop/brands?brand=46","Vitamin C Boosting Serum 30ml","Rs 2,600","https://koreanbeautypoint.com/shop/dralthea-vita-c-boosting-serum-vitamin-c-boosting-serum-30ml-4591","https://koreanbeautypoint.com/web/image/product.product/8246/image_1024/%5Bdr.althea%20vita%20c%20boosting%20serum%5D%20Vitamin%20C%20Boosting%20Serum%2030ml?unique=8f8778c"
"1784124888-788","https://koreanbeautypoint.com/page/product_brands","https://koreanbeautypoint.com/shop/brands?brand=46","Premium Quick Step Sebum Cleanser 100ml","Rs 2,100","https://koreanbeautypoint.com/shop/dralthea-sebum-cleanser-premium-quick-step-sebum-cleanser-100ml-4590","https://koreanbeautypoint.com/web/image/product.product/8245/image_1024/%5Bdr.althea%20sebum%20cleanser%5D%20Premium%20Quick%20Step%20Sebum%20Cleanser%20100ml?unique=a32673a"
"1784124888-789","https://koreanbeautypoint.com/page/product_brands","https://koreanbeautypoint.com/shop/brands?brand=46","Dr.Althea Rapid Firm Sculpting Cream","Rs 3,500","https://koreanbeautypoint.com/shop/dralthea-sculpting-cream-dralthea-rapid-firm-sculpting-cream-4589","https://koreanbeautypoint.com/web/image/product.product/8244/image_1024/%5Bdr.althea%20sculpting%20cream%5D%20Dr.Althea%20Rapid%20Firm%20Sculpting%20Cream?unique=affe57f"
"1784124888-790","https://koreanbeautypoint.com/page/product_brands","https://koreanbeautypoint.com/shop/brands?brand=46","2% Salicylic Acid Clear Pad 170g","Rs 3,000","https://koreanbeautypoint.com/shop/dralthea-salicylic-pad-2-salicylic-acid-clear-pad-170g-4588","https://koreanbeautypoint.com/web/image/product.product/8243/image_1024/%5Bdr.althea%20salicylic%20pad%5D%202%25%20Salicylic%20Acid%20Clear%20Pad%20170g?unique=67cb696"
"1784124888-791","https://koreanbeautypoint.com/page/product_brands","https://koreanbeautypoint.com/shop/brands?brand=46","Reju 5000 Cream 20g","Rs 3,000","https://koreanbeautypoint.com/shop/dralthea-reju-cream-reju-5000-cream-20g-4587","https://koreanbeautypoint.com/web/image/product.product/8242/image_1024/%5Bdr.althea%20reju%20cream%5D%20Reju%205000%20Cream%2020g?unique=9973a83"
"1784124888-792","https://koreanbeautypoint.com/page/product_brands","https://koreanbeautypoint.com/shop/brands?brand=46","Aqua Marine Deep Serum 30ml","Rs 2,800","https://koreanbeautypoint.com/shop/dralthea-marine-serum-aqua-marine-deep-serum-30ml-4586","https://koreanbeautypoint.com/web/image/product.product/8241/image_1024/%5Bdr.althea%20marine%20serum%5D%20Aqua%20Marine%20Deep%20Serum%2030ml?unique=983a5c3"
"1784124888-793","https://koreanbeautypoint.com/page/product_brands","https://koreanbeautypoint.com/shop/brands?brand=46","Pure Grinding Cleansing Balm C3 50ml","Rs 2,200","https://koreanbeautypoint.com/shop/dralthea-grinding-balm-pure-grinding-cleansing-balm-c3-50ml-4584","https://koreanbeautypoint.com/web/image/product.product/8239/image_1024/%5Bdr.althea%20grinding%20balm%5D%20Pure%20Grinding%20Cleansing%20Balm%20C3%2050ml?unique=e443f8c"
"1784124888-794","https://koreanbeautypoint.com/page/product_brands","https://koreanbeautypoint.com/shop/brands?brand=46","Green Tea Fresh Sunscreen 45ml","Rs 2,300","https://koreanbeautypoint.com/shop/dralthea-green-tea-spf-green-tea-fresh-sunscreen-45ml-4583","https://koreanbeautypoint.com/web/image/product.product/8238/image_1024/%5Bdr.althea%20green%20tea%20spf%5D%20Green%20Tea%20Fresh%20Sunscreen%2045ml?unique=f896885"
"1784124888-795","https://koreanbeautypoint.com/page/product_brands","https://koreanbeautypoint.com/shop/brands?brand=46","Gentle Vitamin C Serum 30ml","Rs 3,000","https://koreanbeautypoint.com/shop/dralthea-gentle-vita-c-serum-gentle-vitamin-c-serum-30ml-4582","https://koreanbeautypoint.com/web/image/product.product/8237/image_1024/%5Bdr.althea%20gentle%20vita%20c%20serum%5D%20Gentle%20Vitamin%20C%20Serum%2030ml?unique=8f8778c"
"1784124888-796","https://koreanbeautypoint.com/page/product_brands","https://koreanbeautypoint.com/shop/brands?brand=46","Green Relief Amino Gel Cleanser 100ml","Rs 2,000","https://koreanbeautypoint.com/shop/dralthea-amino-cleanser-green-relief-amino-gel-cleanser-100ml-4580","https://koreanbeautypoint.com/web/image/product.product/8235/image_1024/%5Bdr.althea%20amino%20cleanser%5D%20Green%20Relief%20Amino%20Gel%20Cleanser%20100ml?unique=f896885"
"1784124888-797","https://koreanbeautypoint.com/page/product_brands","https://koreanbeautypoint.com/shop/brands?brand=46","345 Relief Cream 50ml","Rs 3,000","https://koreanbeautypoint.com/shop/dralthea-345-cream-345-relief-cream-50ml-4579","https://koreanbeautypoint.com/web/image/product.product/8234/image_1024/%5Bdr.althea%20345%20cream%5D%20345%20Relief%20Cream%2050ml?unique=8f8778c"
"1784124888-798","https://koreanbeautypoint.com/page/product_brands","https://koreanbeautypoint.com/shop/brands?brand=46","0.1% Gentle Retinol Serum 30ml","Rs 3,000","https://koreanbeautypoint.com/shop/dralthea-01-retinol-serum-01-gentle-retinol-serum-30ml-4577","https://koreanbeautypoint.com/web/image/product.product/8232/image_1024/%5Bdr.althea%200.1%20retinol%20serum%5D%200.1%25%20Gentle%20Retinol%20Serum%2030ml?unique=a6c3977"
"1784124888-799","https://koreanbeautypoint.com/page/product_brands","https://koreanbeautypoint.com/shop/brands?brand=46","345 Relief Cream Mist","Rs 2,400","https://koreanbeautypoint.com/shop/345-relief-cream-mist-4340","https://koreanbeautypoint.com/web/image/product.product/10579/image_1024/%5B345%20mist%2060ml%5D%20345%20Relief%20Cream%20Mist%20%2860ml%29?unique=8f8778c"
"1784124888-800","https://koreanbeautypoint.com/page/product_brands","https://koreanbeautypoint.com/shop/brands?brand=46","Pore Refresh Grinding Cleansing Balm 50ml","Rs 2,300","https://koreanbeautypoint.com/shop/dralthea-pore-refresh-balm-pore-refresh-grinding-cleansing-balm-50ml-7643","https://koreanbeautypoint.com/web/image/product.product/11661/image_1024/%5Bdr.althea%20pore%20refresh%20balm%5D%20Pore%20Refresh%20Grinding%20Cleansing%20Balm%2050ml?unique=21e5613"
"1784124888-801","https://koreanbeautypoint.com/page/product_brands","https://koreanbeautypoint.com/shop/brands?brand=46","Amino Acid Gentle Bubble Cleanser 140ml","Rs 2,300","https://koreanbeautypoint.com/shop/dralthea-amino-bubble-cleanser-amino-acid-gentle-bubble-cleanser-140ml-7642","https://koreanbeautypoint.com/web/image/product.product/11660/image_1024/%5Bdr.althea%20amino%20bubble%20cleanser%5D%20Amino%20Acid%20Gentle%20Bubble%20Cleanser%20140ml?unique=339e199"
"1784124888-802","https://koreanbeautypoint.com/page/product_brands","https://koreanbeautypoint.com/shop/brands?brand=46","Gentle Pore Cleansing Oil 150ml","Rs 3,300","https://koreanbeautypoint.com/shop/dralthea-gentle-pore-co-gentle-pore-cleansing-oil-150ml-7641","https://koreanbeautypoint.com/web/image/product.product/11659/image_1024/%5Bdr.althea%20gentle%20pore%20co%5D%20Gentle%20Pore%20Cleansing%20Oil%20150ml?unique=83ac120"
"1784124888-803","https://koreanbeautypoint.com/page/product_brands","https://koreanbeautypoint.com/shop/brands?brand=46","Marine Anti-Blemish Mask 27g","Rs 320","https://koreanbeautypoint.com/shop/dralthea-marine-sheetmask-marine-anti-blemish-mask-27g-7640","https://koreanbeautypoint.com/web/image/product.product/11658/image_1024/%5Bdr.althea%20marine%20sheetmask%5D%20Marine%20Anti-Blemish%20Mask%2027g?unique=e78eb63"
"1784124888-804","https://koreanbeautypoint.com/page/product_brands","https://koreanbeautypoint.com/shop/brands?brand=46","Aqua Marine Jelly Mist 100ml","Rs 3,000","https://koreanbeautypoint.com/shop/dralthea-marine-jelly-mist-aqua-marine-jelly-mist-100ml-4585","https://koreanbeautypoint.com/web/image/product.product/8240/image_1024/%5Bdr.althea%20marine%20jelly%20mist%5D%20Aqua%20Marine%20Jelly%20Mist%20100ml?unique=20d33cd"
"1784124888-805","https://koreanbeautypoint.com/page/product_brands","https://koreanbeautypoint.com/shop/brands?brand=46","Aqua Glowing Sunscreen 45ml","Rs 2,300","https://koreanbeautypoint.com/shop/dralthea-aqua-spf-aqua-glowing-sunscreen-45ml-4581","https://koreanbeautypoint.com/web/image/product.product/8236/image_1024/%5Bdr.althea%20aqua%20spf%5D%20Aqua%20Glowing%20Sunscreen%2045ml?unique=78cc9af"
"1784124888-806","https://koreanbeautypoint.com/page/product_brands","https://koreanbeautypoint.com/shop/brands?brand=46","147 Barrier Cream 50ml","Rs 3,000","https://koreanbeautypoint.com/shop/dralthea-147-cream-147-barrier-cream-50ml-4578","https://koreanbeautypoint.com/web/image/product.product/8233/image_1024/%5Bdr.althea%20147%20cream%5D%20147%20Barrier%20Cream%2050ml?unique=339e199"
"1784124888-807","https://koreanbeautypoint.com/page/product_brands","https://koreanbeautypoint.com/shop/brands?brand=46","Marine Anti-Blemish Mask 27g","Rs 320","https://koreanbeautypoint.com/shop/dralthea-marine-sheetmask-marine-anti-blemish-mask-27g-7640","https://koreanbeautypoint.com/web/image/product.product/11658/image_1024/%5Bdr.althea%20marine%20sheetmask%5D%20Marine%20Anti-Blemish%20Mask%2027g?unique=e78eb63"
"1784124888-808","https://koreanbeautypoint.com/page/product_brands","https://koreanbeautypoint.com/shop/brands?brand=46","Aqua Marine Jelly Mist 100ml","Rs 3,000","https://koreanbeautypoint.com/shop/dralthea-marine-jelly-mist-aqua-marine-jelly-mist-100ml-4585","https://koreanbeautypoint.com/web/image/product.product/8240/image_1024/%5Bdr.althea%20marine%20jelly%20mist%5D%20Aqua%20Marine%20Jelly%20Mist%20100ml?unique=20d33cd"
"1784124888-809","https://koreanbeautypoint.com/page/product_brands","https://koreanbeautypoint.com/shop/brands?brand=46","Aqua Glowing Sunscreen 45ml","Rs 2,300","https://koreanbeautypoint.com/shop/dralthea-aqua-spf-aqua-glowing-sunscreen-45ml-4581","https://koreanbeautypoint.com/web/image/product.product/8236/image_1024/%5Bdr.althea%20aqua%20spf%5D%20Aqua%20Glowing%20Sunscreen%2045ml?unique=78cc9af"
"1784124888-810","https://koreanbeautypoint.com/page/product_brands","https://koreanbeautypoint.com/shop/brands?brand=46","147 Barrier Cream 50ml","Rs 3,000","https://koreanbeautypoint.com/shop/dralthea-147-cream-147-barrier-cream-50ml-4578","https://koreanbeautypoint.com/web/image/product.product/8233/image_1024/%5Bdr.althea%20147%20cream%5D%20147%20Barrier%20Cream%2050ml?unique=339e199"
"1784124897-811","https://koreanbeautypoint.com/page/product_brands","https://koreanbeautypoint.com/shop/brands?brand=74","Daily Moisture Body Oil 200ml Fresh Peach","Rs 2,500","https://koreanbeautypoint.com/shop/derma-b-peach-body-oil-daily-moisture-body-oil-200ml-fresh-peach-4572","https://koreanbeautypoint.com/web/image/product.product/8218/image_1024/%5Bderma%20b%20peach%20body%20oil%5D%20Daily%20Moisture%20Body%20Oil%20200ml%20Fresh%20Peach?unique=affe57f"
"1784124897-812","https://koreanbeautypoint.com/page/product_brands","https://koreanbeautypoint.com/shop/brands?brand=74","Daily Moisture Body Lotion 400ml","Rs 2,800","https://koreanbeautypoint.com/shop/derma-b-moisture-body-lotion-daily-moisture-body-lotion-400ml-4571","https://koreanbeautypoint.com/web/image/product.product/8217/image_1024/%5Bderma%20b%20moisture%20body%20lotion%5D%20Daily%20Moisture%20Body%20Lotion%20400ml?unique=affe57f"
"1784124897-813","https://koreanbeautypoint.com/page/product_brands","https://koreanbeautypoint.com/shop/brands?brand=74","Mild Moisture Body Lotion 400ml","Rs 2,800","https://koreanbeautypoint.com/shop/derma-b-mild-body-lotion-mild-moisture-body-lotion-400ml-4570","https://koreanbeautypoint.com/web/image/product.product/8216/image_1024/%5Bderma%20b%20mild%20body%20lotion%5D%20Mild%20Moisture%20Body%20Lotion%20400ml?unique=affe57f"
"1784124897-814","https://koreanbeautypoint.com/page/product_brands","https://koreanbeautypoint.com/shop/brands?brand=74","Everyday Sun Block Large Size Sunscreen SPF50+ PA++++ 200ml","Rs 2,600","https://koreanbeautypoint.com/shop/derma-b-everyday-spf-everyday-sun-block-large-size-sunscreen-spf50-pa-200ml-4569","https://koreanbeautypoint.com/web/image/product.product/8215/image_1024/%5Bderma%20b%20everyday%20spf%5D%20Everyday%20Sun%20Block%20Large%20Size%20Sunscreen%20SPF50%2B%20PA%2B%2B%2B%2B%20200ml?unique=7f6ba42"
"1784124905-815","https://koreanbeautypoint.com/page/product_brands","https://koreanbeautypoint.com/shop/brands?brand=73","Repair Machine Ginseng Cream 100g","Rs 3,300","https://koreanbeautypoint.com/shop/deoproce-ginseng-cream-repair-machine-ginseng-cream-100g-4568","https://koreanbeautypoint.com/web/image/product.product/8214/image_1024/%5Bdeoproce%20ginseng%20cream%5D%20Repair%20Machine%20Ginseng%20Cream%20100g?unique=742ca52"
"1784124914-816","https://koreanbeautypoint.com/page/product_brands","https://koreanbeautypoint.com/shop/brands?brand=24","Freshly Juiced Vitamin Drop 35ml","Rs 3,300","https://koreanbeautypoint.com/shop/klairs-vitamin-drop-freshly-juiced-vitamin-drop-35ml-4792","https://koreanbeautypoint.com/web/image/product.product/8565/image_1024/%5Bklairs%20vitamin%20drop%5D%20Freshly%20Juiced%20Vitamin%20Drop%2035ml?unique=d8a9f46"
"1784124914-817","https://koreanbeautypoint.com/page/product_brands","https://koreanbeautypoint.com/shop/brands?brand=24","Freshly Juiced Vitamin E Mask 90ml","Rs 3,400","https://koreanbeautypoint.com/shop/klairs-vita-e-mask-freshly-juiced-vitamin-e-mask-90ml-4790","https://koreanbeautypoint.com/web/image/product.product/8563/image_1024/%5Bklairs%20vita%20e%20mask%5D%20Freshly%20Juiced%20Vitamin%20E%20Mask%2090ml?unique=affe57f"
"1784124914-818","https://koreanbeautypoint.com/page/product_brands","https://koreanbeautypoint.com/shop/brands?brand=24","Rich Moist Soothing Cream Jumbo Renewal 80ml","Rs 3,200","https://koreanbeautypoint.com/shop/klairs-moist-soothing-cream-80ml-rich-moist-soothing-cream-jumbo-renewal-80ml-4788","https://koreanbeautypoint.com/web/image/product.product/8561/image_1024/%5Bklairs%20moist%20soothing%20cream%2080ml%5D%20Rich%20Moist%20Soothing%20Cream%20Jumbo%20Renewal%2080ml?unique=804500f"
"1784124914-819","https://koreanbeautypoint.com/page/product_brands","https://koreanbeautypoint.com/shop/brands?brand=24","Midnight Blue Calming Cream","Rs 3,400","https://koreanbeautypoint.com/shop/midnight-blue-calming-cream-4898","https://koreanbeautypoint.com/web/image/product.product/8769/image_1024/%5Bklairs%20midnight%20blue%20cream%2060ml%5D%20Midnight%20Blue%20Calming%20Cream%20%2860ml%29?unique=affe57f"
"1784124914-820","https://koreanbeautypoint.com/page/product_brands","https://koreanbeautypoint.com/shop/brands?brand=24","Freshly Juiced Vitamin Essence Toner Mini 30ml","Rs 500","https://koreanbeautypoint.com/shop/klairs-vitamin-toner-mini-freshly-juiced-vitamin-essence-toner-mini-30ml-4793","https://koreanbeautypoint.com/web/image/product.product/8566/image_1024/%5Bklairs%20vitamin%20toner%20mini%5D%20Freshly%20Juiced%20Vitamin%20Essence%20Toner%20Mini%2030ml?unique=09c42d4"
"1784124914-821","https://koreanbeautypoint.com/page/product_brands","https://koreanbeautypoint.com/shop/brands?brand=24","Supple Preparation Unscented Toner Mini 30ml","Rs 700","https://koreanbeautypoint.com/shop/klairs-unscented-toner-mini-supple-preparation-unscented-toner-mini-30ml-4789","https://koreanbeautypoint.com/web/image/product.product/8562/image_1024/%5Bklairs%20unscented%20toner%20mini%5D%20Supple%20Preparation%20Unscented%20Toner%20Mini%2030ml?unique=071a5b3"
"1784124914-822","https://koreanbeautypoint.com/page/product_brands","https://koreanbeautypoint.com/shop/brands?brand=24","Midnight Blue Youth Activating Drop 20ml","Rs 3,000","https://koreanbeautypoint.com/shop/klairs-midnight-blue-drop-midnight-blue-youth-activating-drop-20ml-4787","https://koreanbeautypoint.com/web/image/product.product/8560/image_1024/%5Bklairs%20midnight%20blue%20drop%5D%20Midnight%20Blue%20Youth%20Activating%20Drop%2020ml?unique=affe57f"
"1784124914-823","https://koreanbeautypoint.com/page/product_brands","https://koreanbeautypoint.com/shop/brands?brand=24","Gentle Black Facial Cleanser Mini 20ml","Rs 500","https://koreanbeautypoint.com/shop/klairs-black-cleanser-mini-gentle-black-facial-cleanser-mini-20ml-4786","https://koreanbeautypoint.com/web/image/product.product/8559/image_1024/%5Bklairs%20black%20cleanser%20mini%5D%20Gentle%20Black%20Facial%20Cleanser%20Mini%2020ml?unique=09c42d4"
"1784124914-824","https://koreanbeautypoint.com/page/product_brands","https://koreanbeautypoint.com/shop/brands?brand=24","Fundamental Ampule Mist 125ml","Rs 3,200","https://koreanbeautypoint.com/shop/klairs-ampule-mist-fundamental-ampule-mist-125ml-4785","https://koreanbeautypoint.com/web/image/product.product/8558/image_1024/%5Bklairs%20ampule%20mist%5D%20Fundamental%20Ampule%20Mist%20125ml?unique=affe57f"
"1784124914-825","https://koreanbeautypoint.com/page/product_brands","https://koreanbeautypoint.com/shop/brands?brand=24","Gentle Black Fresh Cleansing Oil","Rs 500","https://koreanbeautypoint.com/shop/gentle-black-fresh-cleansing-oil-4650","https://koreanbeautypoint.com/web/image/product.product/8324/image_1024/%5Bklairs%20gentle%20black%20co%5D%20Gentle%20Black%20Fresh%20Cleansing%20Oil%20%28150ml%29?unique=479aff2"
"1784124914-826","https://koreanbeautypoint.com/page/product_brands","https://koreanbeautypoint.com/shop/brands?brand=24","Freshly Juiced Vitamin Mask Cleanser Mini 20ml","Rs 500","https://koreanbeautypoint.com/shop/dear-klairs-mask-cleanser-mini-freshly-juiced-vitamin-mask-cleanser-mini-20ml-7650","https://koreanbeautypoint.com/web/image/product.product/11668/image_1024/%5Bdear%20klairs%20mask%20cleanser%20mini%5D%20Freshly%20Juiced%20Vitamin%20Mask%20Cleanser%20Mini%2020ml?unique=b3270e4"
"1784124927-827","https://koreanbeautypoint.com/page/product_brands","https://koreanbeautypoint.com/shop/brands?brand=72","Blending Mood Cheek Berry Smoothie Edition -06 Berry Smoothie","Rs 3,000","https://koreanbeautypoint.com/shop/dasique-cheek-06-blending-mood-cheek-berry-smoothie-edition-06-berry-smoothie-4566","https://koreanbeautypoint.com/web/image/product.product/8208/image_1024/%5Bdasique%20cheek%2006%5D%20Blending%20Mood%20Cheek%20Berry%20Smoothie%20Edition%20-06%20Berry%20Smoothie?unique=affe57f"
"1784124935-828","https://koreanbeautypoint.com/page/product_brands","https://koreanbeautypoint.com/shop/brands?brand=44","Intensive Volufiline Spray Ampoule 50ml","Rs 6,500","https://koreanbeautypoint.com/shop/dalba-volufiline-spray-50ml-intensive-volufiline-spray-ampoule-50ml-4562","https://koreanbeautypoint.com/web/image/product.product/8203/image_1024/%5Bdalba%20volufiline%20spray%2050ml%5D%20Intensive%20Volufiline%20Spray%20Ampoule%2050ml?unique=6691173"
"1784124935-829","https://koreanbeautypoint.com/page/product_brands","https://koreanbeautypoint.com/shop/brands?brand=44","Waterfull Essence Suncream SPF50+ PA++++ 50ml","Rs 3,000","https://koreanbeautypoint.com/shop/dalba-essence-spf-waterfull-essence-suncream-spf50-pa-50ml-4559","https://koreanbeautypoint.com/web/image/product.product/8200/image_1024/%5Bdalba%20essence%20spf%5D%20Waterfull%20Essence%20Suncream%20SPF50%2B%20PA%2B%2B%2B%2B%2050ml?unique=211231d"
"1784124935-830","https://koreanbeautypoint.com/page/product_brands","https://koreanbeautypoint.com/shop/brands?brand=44","White Truffle Double Layer Revitalizing Serum 30ml","Rs 5,000","https://koreanbeautypoint.com/shop/dalba-double-layer-serum-30ml-white-truffle-double-layer-revitalizing-serum-30ml-7625","https://koreanbeautypoint.com/web/image/product.product/11643/image_1024/%5Bdalba%20double%20layer%20serum%2030ml%5D%20White%20Truffle%20Double%20Layer%20Revitalizing%20Serum%2030ml?unique=71aa905"
"1784124935-831","https://koreanbeautypoint.com/page/product_brands","https://koreanbeautypoint.com/shop/brands?brand=44","White Truffle Nourishing Treatment Mask","Rs 500","https://koreanbeautypoint.com/shop/dalba-white-truffle-sheetmask-white-truffle-nourishing-treatment-mask-4564","https://koreanbeautypoint.com/web/image/product.product/8205/image_1024/%5Bdalba%20white%20truffle%20sheetmask%5D%20White%20Truffle%20Nourishing%20Treatment%20Mask?unique=affe57f"
"1784124935-832","https://koreanbeautypoint.com/page/product_brands","https://koreanbeautypoint.com/shop/brands?brand=44","Waterfull Tone-Up Sun Cream Pink 50ml","Rs 3,000","https://koreanbeautypoint.com/shop/dalba-waterfull-toneup-spf-waterfull-tone-up-sun-cream-pink-50ml-4563","https://koreanbeautypoint.com/web/image/product.product/8204/image_1024/%5Bdalba%20waterfull%20toneup%20spf%5D%20Waterfull%20Tone-Up%20Sun%20Cream%20Pink%2050ml?unique=affe57f"
"1784124935-833","https://koreanbeautypoint.com/page/product_brands","https://koreanbeautypoint.com/shop/brands?brand=44","Intensive Volufiline Grinding Cream 45g","Rs 6,000","https://koreanbeautypoint.com/shop/dalba-volufiline-cream-intensive-volufiline-grinding-cream-45g-4561","https://koreanbeautypoint.com/web/image/product.product/8202/image_1024/%5Bdalba%20volufiline%20cream%5D%20Intensive%20Volufiline%20Grinding%20Cream%2045g?unique=6691173"
"1784124935-834","https://koreanbeautypoint.com/page/product_brands","https://koreanbeautypoint.com/shop/brands?brand=44","Professional Reparing Hair Perfume Serum 50ml","Rs 2,200","https://koreanbeautypoint.com/shop/dalba-repairing-hair-perfume-professional-reparing-hair-perfume-serum-50ml-4560","https://koreanbeautypoint.com/web/image/product.product/8201/image_1024/%5Bdalba%20repairing%20hair%20perfume%5D%20Professional%20Reparing%20Hair%20Perfume%20Serum%2050ml?unique=affe57f"
"1784124935-835","https://koreanbeautypoint.com/page/product_brands","https://koreanbeautypoint.com/shop/brands?brand=44","White Truffle First Spray Serum","Rs 2,200","https://koreanbeautypoint.com/shop/white-truffle-first-spray-serum-5222","https://koreanbeautypoint.com/web/image/product.product/9209/image_1024/%5Bdalba%20first%20spray%20serum%20100ml%5D%20White%20Truffle%20First%20Spray%20Serum%20%28100ml%29?unique=affe57f"
"1784124935-836","https://koreanbeautypoint.com/page/product_brands","https://koreanbeautypoint.com/shop/brands?brand=44","White Truffle Vital Spray Serum 100ml","Rs 4,200","https://koreanbeautypoint.com/shop/dalba-vital-spray-serum-white-truffle-vital-spray-serum-100ml-7611","https://koreanbeautypoint.com/web/image/product.product/11629/image_1024/%5Bdalba%20vital%20spray%20serum%5D%20White%20Truffle%20Vital%20Spray%20Serum%20100ml?unique=bf4fb6f"
"1784124944-837","https://koreanbeautypoint.com/page/product_brands","https://koreanbeautypoint.com/shop/brands?brand=71","Brown Rice Ceramide Sunscreen 50ml","Rs 2,300","https://koreanbeautypoint.com/shop/coxir-brown-rice-spf-brown-rice-ceramide-sunscreen-50ml-4556","https://koreanbeautypoint.com/web/image/product.product/8194/image_1024/%5Bcoxir%20brown%20rice%20spf%5D%20Brown%20Rice%20Ceramide%20Sunscreen%2050ml?unique=affe57f"
"1784124965-838","https://koreanbeautypoint.com/page/product_brands","https://koreanbeautypoint.com/shop/brands?brand=5","The Vitamin C 23 Serum 20g","Rs 3,000","https://koreanbeautypoint.com/shop/cosrx-vita-c23-serum-the-vitamin-c-23-serum-20g-4552","https://koreanbeautypoint.com/web/image/product.product/8181/image_1024/%5Bcosrx%20vita%20C23%20serum%5D%20The%20Vitamin%20C%2023%20Serum%2020g?unique=453a53e"
"1784124965-839","https://koreanbeautypoint.com/page/product_brands","https://koreanbeautypoint.com/shop/brands?brand=5","The Vitamin C 13 Serum 20ml","Rs 2,800","https://koreanbeautypoint.com/shop/cosrx-vita-c13-serum-the-vitamin-c-13-serum-20ml-4551","https://koreanbeautypoint.com/web/image/product.product/8180/image_1024/%5Bcosrx%20vita%20C13%20serum%5D%20The%20Vitamin%20C%2013%20Serum%2020ml?unique=cc44cfa"
"1784124965-840","https://koreanbeautypoint.com/page/product_brands","https://koreanbeautypoint.com/shop/brands?brand=5","Ultra Light Invisible Sunscreen 50ml","Rs 2,300","https://koreanbeautypoint.com/shop/cosrx-ultra-light-spf-ultra-light-invisible-sunscreen-50ml-4550","https://koreanbeautypoint.com/web/image/product.product/8179/image_1024/%5Bcosrx%20ultra%20light%20spf%5D%20Ultra%20Light%20Invisible%20Sunscreen%2050ml?unique=eec2c60"
"1784124965-841","https://koreanbeautypoint.com/page/product_brands","https://koreanbeautypoint.com/shop/brands?brand=5","Advanced Snail Peptide Eye Cream 25ml","Rs 4,300","https://koreanbeautypoint.com/shop/cosrx-snail-eye-cream-advanced-snail-peptide-eye-cream-25ml-4548","https://koreanbeautypoint.com/web/image/product.product/8177/image_1024/%5Bcosrx%20snail%20eye%20cream%5D%20Advanced%20Snail%20Peptide%20Eye%20Cream%2025ml?unique=affe57f"
"1784124965-842","https://koreanbeautypoint.com/page/product_brands","https://koreanbeautypoint.com/shop/brands?brand=5","Advanced Snail 96 Mucin Power Essence 100ml","Rs 2,800","https://koreanbeautypoint.com/shop/cosrx-snail-essence-advanced-snail-96-mucin-power-essence-100ml-4547","https://koreanbeautypoint.com/web/image/product.product/8176/image_1024/%5Bcosrx%20snail%20essence%5D%20Advanced%20Snail%2096%20Mucin%20Power%20Essence%20100ml?unique=5eb66aa"
"1784124965-843","https://koreanbeautypoint.com/page/product_brands","https://koreanbeautypoint.com/shop/brands?brand=5","Advanced Snail Radiance Dual Essence 80ml","Rs 4,600","https://koreanbeautypoint.com/shop/cosrx-snail-dual-essence-advanced-snail-radiance-dual-essence-80ml-4546","https://koreanbeautypoint.com/web/image/product.product/8175/image_1024/%5Bcosrx%20snail%20dual%20essence%5D%20Advanced%20Snail%20Radiance%20Dual%20Essence%2080ml?unique=421290d"
"1784124965-844","https://koreanbeautypoint.com/page/product_brands","https://koreanbeautypoint.com/shop/brands?brand=5","Advanced Snail Mucin Gel Cleanser 150ml","Rs 2,600","https://koreanbeautypoint.com/shop/cosrx-snail-cleanser-advanced-snail-mucin-gel-cleanser-150ml-4545","https://koreanbeautypoint.com/web/image/product.product/8174/image_1024/%5Bcosrx%20snail%20cleanser%5D%20Advanced%20Snail%20Mucin%20Gel%20Cleanser%20150ml?unique=022f163"
"1784124965-845","https://koreanbeautypoint.com/page/product_brands","https://koreanbeautypoint.com/shop/brands?brand=5","The Retinol 0.5 Oil 20ml","Rs 2,800","https://koreanbeautypoint.com/shop/cosrx-retinol-05-oil-the-retinol-05-oil-20ml-4543","https://koreanbeautypoint.com/web/image/product.product/8172/image_1024/%5Bcosrx%20retinol%200.5%20oil%5D%20The%20Retinol%200.5%20Oil%2020ml?unique=3814b2f"
"1784124965-846","https://koreanbeautypoint.com/page/product_brands","https://koreanbeautypoint.com/shop/brands?brand=5","Acne Pimple Master Patch 24ea","Rs 600","https://koreanbeautypoint.com/shop/cosrx-red-pimple-patch-acne-pimple-master-patch-24ea-4540","https://koreanbeautypoint.com/web/image/product.product/8169/image_1024/%5Bcosrx%20red%20pimple%20patch%5D%20Acne%20Pimple%20Master%20Patch%2024ea?unique=1fa3a8f"
"1784124965-847","https://koreanbeautypoint.com/page/product_brands","https://koreanbeautypoint.com/shop/brands?brand=5","Full Fit Propolis Light Cream 100ml","Rs 4,000","https://koreanbeautypoint.com/shop/cosrx-propolis-cream-full-fit-propolis-light-cream-100ml-4537","https://koreanbeautypoint.com/web/image/product.product/8166/image_1024/%5Bcosrx%20propolis%20cream%5D%20Full%20Fit%20Propolis%20Light%20Cream%20100ml?unique=affe57f"
"1784124965-848","https://koreanbeautypoint.com/page/product_brands","https://koreanbeautypoint.com/shop/brands?brand=5","The 6 Peptide Skin Booster 150ml","Rs 3,600","https://koreanbeautypoint.com/shop/cosrx-peptide-skin-booster-the-6-peptide-skin-booster-150ml-4535","https://koreanbeautypoint.com/web/image/product.product/8164/image_1024/%5Bcosrx%20peptide%20skin%20booster%5D%20The%206%20Peptide%20Skin%20Booster%20150ml?unique=bac3cbf"
"1784124965-849","https://koreanbeautypoint.com/page/product_brands","https://koreanbeautypoint.com/shop/brands?brand=5","Oil Free Ultra Moisturizing Lotion With Birch Sap 100ml","Rs 2,900","https://koreanbeautypoint.com/shop/cosrx-oil-free-lotion-oil-free-ultra-moisturizing-lotion-with-birch-sap-100ml-4533","https://koreanbeautypoint.com/web/image/product.product/8162/image_1024/%5Bcosrx%20oil%20free%20lotion%5D%20Oil%20Free%20Ultra%20Moisturizing%20Lotion%20With%20Birch%20Sap%20100ml?unique=3814b2f"
"1784124965-850","https://koreanbeautypoint.com/page/product_brands","https://koreanbeautypoint.com/shop/brands?brand=5","The Niacinamide 15 Serum 20ml","Rs 3,000","https://koreanbeautypoint.com/shop/cosrx-niacin-serum-the-niacinamide-15-serum-20ml-4532","https://koreanbeautypoint.com/web/image/product.product/8161/image_1024/%5Bcosrx%20niacin%20serum%5D%20The%20Niacinamide%2015%20Serum%2020ml?unique=affe57f"
"1784124965-851","https://koreanbeautypoint.com/page/product_brands","https://koreanbeautypoint.com/shop/brands?brand=5","Master Patch Intensive 36 Patches","Rs 1,300","https://koreanbeautypoint.com/shop/cosrx-intensive-pimple-patch-master-patch-intensive-36-patches-4530","https://koreanbeautypoint.com/web/image/product.product/8159/image_1024/%5Bcosrx%20intensive%20pimple%20patch%5D%20Master%20Patch%20Intensive%2036%20Patches?unique=f3b8e5e"
"1784124965-852","https://koreanbeautypoint.com/page/product_brands","https://koreanbeautypoint.com/shop/brands?brand=5","Hyaluronic Acid Intensive Cream 100ml","Rs 3,000","https://koreanbeautypoint.com/shop/cosrx-ha-intensive-cream-hyaluronic-acid-intensive-cream-100ml-4527","https://koreanbeautypoint.com/web/image/product.product/8156/image_1024/%5Bcosrx%20ha%20intensive%20cream%5D%20Hyaluronic%20Acid%20Intensive%20Cream%20100ml?unique=52f75a0"
"1784124965-853","https://koreanbeautypoint.com/page/product_brands","https://koreanbeautypoint.com/shop/brands?brand=5","The Ceramide Skin Barrier Moisturizer 80ml","Rs 3,600","https://koreanbeautypoint.com/shop/cosrx-ceramide-cream-the-ceramide-skin-barrier-moisturizer-80ml-4525","https://koreanbeautypoint.com/web/image/product.product/8154/image_1024/%5Bcosrx%20ceramide%20cream%5D%20The%20Ceramide%20Skin%20Barrier%20Moisturizer%2080ml?unique=320408b"
"1784124965-854","https://koreanbeautypoint.com/page/product_brands","https://koreanbeautypoint.com/shop/brands?brand=5","Clear Fit Master Patch 18ea","Rs 650","https://koreanbeautypoint.com/shop/cosrx-black-pimple-patch-clear-fit-master-patch-18ea-4522","https://koreanbeautypoint.com/web/image/product.product/8151/image_1024/%5Bcosrx%20black%20pimple%20patch%5D%20Clear%20Fit%20Master%20Patch%2018ea?unique=67cb696"
"1784124965-855","https://koreanbeautypoint.com/page/product_brands","https://koreanbeautypoint.com/shop/brands?brand=5","The Alpha-Arbutin 2 Discoloration Care Serum 50ml","Rs 3,300","https://koreanbeautypoint.com/shop/cosrx-arbutin-serum-the-alpha-arbutin-2-discoloration-care-serum-50ml-4519","https://koreanbeautypoint.com/web/image/product.product/8148/image_1024/%5Bcosrx%20arbutin%20serum%5D%20The%20Alpha-Arbutin%202%20Discoloration%20Care%20Serum%2050ml?unique=167d666"
"1784124965-856","https://koreanbeautypoint.com/page/product_brands","https://koreanbeautypoint.com/shop/brands?brand=5","Aloe 54.2 Aqua Tone-Up Sunscreen","Rs 2,000","https://koreanbeautypoint.com/shop/cosrx-aloe-toneup-spf-aloe-542-aqua-tone-up-sunscreen-4518","https://koreanbeautypoint.com/web/image/product.product/8147/image_1024/%5Bcosrx%20aloe%20toneup%20spf%5D%20Aloe%2054.2%20Aqua%20Tone-Up%20Sunscreen?unique=b37d7ca"
"1784124965-857","https://koreanbeautypoint.com/page/product_brands","https://koreanbeautypoint.com/shop/brands?brand=5","Aloe Soothing Sun Cream 50ml","Rs 2,000","https://koreanbeautypoint.com/shop/cosrx-aloe-spf-aloe-soothing-sun-cream-50ml-4517","https://koreanbeautypoint.com/web/image/product.product/8146/image_1024/%5Bcosrx%20aloe%20spf%5D%20Aloe%20Soothing%20Sun%20Cream%2050ml?unique=affe57f"
"1784124965-858","https://koreanbeautypoint.com/page/product_brands","https://koreanbeautypoint.com/shop/brands?brand=5","Clear Fit Master Patch 18ea","Rs 650","https://koreanbeautypoint.com/shop/cosrx-black-pimple-patch-clear-fit-master-patch-18ea-4522","https://koreanbeautypoint.com/web/image/product.product/8151/image_1024/%5Bcosrx%20black%20pimple%20patch%5D%20Clear%20Fit%20Master%20Patch%2018ea?unique=67cb696"
"1784124965-859","https://koreanbeautypoint.com/page/product_brands","https://koreanbeautypoint.com/shop/brands?brand=5","The Alpha-Arbutin 2 Discoloration Care Serum 50ml","Rs 3,300","https://koreanbeautypoint.com/shop/cosrx-arbutin-serum-the-alpha-arbutin-2-discoloration-care-serum-50ml-4519","https://koreanbeautypoint.com/web/image/product.product/8148/image_1024/%5Bcosrx%20arbutin%20serum%5D%20The%20Alpha-Arbutin%202%20Discoloration%20Care%20Serum%2050ml?unique=167d666"
"1784124965-860","https://koreanbeautypoint.com/page/product_brands","https://koreanbeautypoint.com/shop/brands?brand=5","Aloe 54.2 Aqua Tone-Up Sunscreen","Rs 2,000","https://koreanbeautypoint.com/shop/cosrx-aloe-toneup-spf-aloe-542-aqua-tone-up-sunscreen-4518","https://koreanbeautypoint.com/web/image/product.product/8147/image_1024/%5Bcosrx%20aloe%20toneup%20spf%5D%20Aloe%2054.2%20Aqua%20Tone-Up%20Sunscreen?unique=b37d7ca"
"1784124965-861","https://koreanbeautypoint.com/page/product_brands","https://koreanbeautypoint.com/shop/brands?brand=5","Aloe Soothing Sun Cream 50ml","Rs 2,000","https://koreanbeautypoint.com/shop/cosrx-aloe-spf-aloe-soothing-sun-cream-50ml-4517","https://koreanbeautypoint.com/web/image/product.product/8146/image_1024/%5Bcosrx%20aloe%20spf%5D%20Aloe%20Soothing%20Sun%20Cream%2050ml?unique=affe57f"
"1784124965-862","https://koreanbeautypoint.com/page/product_brands","https://koreanbeautypoint.com/shop/brands?brand=5","AHA 7 Whitehead Power Liquid 100ml","Rs 2,600","https://koreanbeautypoint.com/shop/cosrx-aha-liquid-aha-7-whitehead-power-liquid-100ml-4516","https://koreanbeautypoint.com/web/image/product.product/8145/image_1024/%5Bcosrx%20AHA%20liquid%5D%20AHA%207%20Whitehead%20Power%20Liquid%20100ml?unique=433b209"
"1784124965-863","https://koreanbeautypoint.com/page/product_brands","https://koreanbeautypoint.com/shop/brands?brand=5","Aha/Bha Clarifying Treatment Toner","Rs 1,000","https://koreanbeautypoint.com/shop/ahabha-clarifying-treatment-toner-4358","https://koreanbeautypoint.com/web/image/product.product/7948/image_1024/%5Bcosrx%20AHA%20BHA%20toner%5D%20Aha-Bha%20Clarifying%20Treatment%20Toner%20%28150ml%29?unique=433b209"
"1784124965-864","https://koreanbeautypoint.com/page/product_brands","https://koreanbeautypoint.com/shop/brands?brand=5","Advanced Snail 92 All In One Cream","Rs 3,000","https://koreanbeautypoint.com/shop/advanced-snail-92-all-in-one-cream-4355","https://koreanbeautypoint.com/web/image/product.product/7944/image_1024/%5Bcosrx%20snail%20cream%5D%20Advanced%20Snail%2092%20All%20In%20One%20Cream%20%28Tub%29?unique=6de78fe"
"1784124965-865","https://koreanbeautypoint.com/page/product_brands","https://koreanbeautypoint.com/shop/brands?brand=5","Low Ph Good Morning Gel Cleanser","Rs 750","https://koreanbeautypoint.com/shop/low-ph-good-morning-gel-cleanser-4806","https://koreanbeautypoint.com/web/image/product.product/8602/image_1024/%5Bcosrx%20low%20ph%20cleanser%5D%20Low%20Ph%20Good%20Morning%20Gel%20Cleanser%20%28150ml%29?unique=ddf1213"
"1784124965-866","https://koreanbeautypoint.com/page/product_brands","https://koreanbeautypoint.com/shop/brands?brand=5","Salicylic Acid Daily Gentle Cleanser","Rs 800","https://koreanbeautypoint.com/shop/salicylic-acid-daily-gentle-cleanser-5049","https://koreanbeautypoint.com/web/image/product.product/8975/image_1024/%5Bcosrx%20salicylic%20cleanser%5D%20Salicylic%20Acid%20Daily%20Gentle%20Cleanser%20%28150ml%29?unique=9349abc"
"1784124965-867","https://koreanbeautypoint.com/page/product_brands","https://koreanbeautypoint.com/shop/brands?brand=5","Vitamin E Vitalizing Sunscreen","Rs 2,800","https://koreanbeautypoint.com/shop/cosrx-vita-e-spf-vitamin-e-vitalizing-sunscreen-8735","https://koreanbeautypoint.com/web/image/product.product/15493/image_1024/%5Bcosrx%20vita%20e%20spf%5D%20Vitamin%20E%20Vitalizing%20Sunscreen?unique=55d672c"
"1784124965-868","https://koreanbeautypoint.com/page/product_brands","https://koreanbeautypoint.com/shop/brands?brand=5","Master Patch X-Large 10 Patch","Rs 1,300","https://koreanbeautypoint.com/shop/cosrx-x-large-pimple-patch-master-patch-x-large-10-patch-4553","https://koreanbeautypoint.com/web/image/product.product/8182/image_1024/%5Bcosrx%20X-large%20pimple%20patch%5D%20Master%20Patch%20X-Large%2010%20Patch?unique=affe57f"
"1784124965-869","https://koreanbeautypoint.com/page/product_brands","https://koreanbeautypoint.com/shop/brands?brand=5","Advanced Snail Hydrogel Eye Patch 60 Patches","Rs 3,400","https://koreanbeautypoint.com/shop/cosrx-snail-eye-patch-advanced-snail-hydrogel-eye-patch-60-patches-4549","https://koreanbeautypoint.com/web/image/product.product/8178/image_1024/%5Bcosrx%20snail%20eye%20patch%5D%20Advanced%20Snail%20Hydrogel%20Eye%20Patch%2060%20Patches?unique=affe57f"
"1784124965-870","https://koreanbeautypoint.com/page/product_brands","https://koreanbeautypoint.com/shop/brands?brand=5","Ultimate Nourishing Rice Overnight Spa Mask 60ml","Rs 2,600","https://koreanbeautypoint.com/shop/cosrx-rice-spa-mask-ultimate-nourishing-rice-overnight-spa-mask-60ml-4544","https://koreanbeautypoint.com/web/image/product.product/8173/image_1024/%5Bcosrx%20rice%20spa%20mask%5D%20Ultimate%20Nourishing%20Rice%20Overnight%20Spa%20Mask%2060ml?unique=affe57f"
"1784124965-871","https://koreanbeautypoint.com/page/product_brands","https://koreanbeautypoint.com/shop/brands?brand=5","The Retinol 0.3 Cream 20ml","Rs 2,800","https://koreanbeautypoint.com/shop/cosrx-retinol-03-cream-the-retinol-03-cream-20ml-4542","https://koreanbeautypoint.com/web/image/product.product/8171/image_1024/%5Bcosrx%20retinol%200.3%20cream%5D%20The%20Retinol%200.3%20Cream%2020ml?unique=affe57f"
"1784124965-872","https://koreanbeautypoint.com/page/product_brands","https://koreanbeautypoint.com/shop/brands?brand=5","The Retinol 0.1 Cream 20ml","Rs 2,600","https://koreanbeautypoint.com/shop/cosrx-retinol-01-cream-the-retinol-01-cream-20ml-4541","https://koreanbeautypoint.com/web/image/product.product/8170/image_1024/%5Bcosrx%20retinol%200.1%20cream%5D%20The%20Retinol%200.1%20Cream%2020ml?unique=339e199"
"1784124965-873","https://koreanbeautypoint.com/page/product_brands","https://koreanbeautypoint.com/shop/brands?brand=5","Pure Fit Cica Cleanser 150ml","Rs 2,000","https://koreanbeautypoint.com/shop/cosrx-pure-fit-cica-cleanser-pure-fit-cica-cleanser-150ml-4539","https://koreanbeautypoint.com/web/image/product.product/8168/image_1024/%5Bcosrx%20pure%20fit%20cica%20cleanser%5D%20Pure%20Fit%20Cica%20Cleanser%20150ml?unique=affe57f"
"1784124965-874","https://koreanbeautypoint.com/page/product_brands","https://koreanbeautypoint.com/shop/brands?brand=5","Full Fit Propolis Synergy Toner 150ml","Rs 2,700","https://koreanbeautypoint.com/shop/cosrx-propolis-toner-full-fit-propolis-synergy-toner-150ml-4538","https://koreanbeautypoint.com/web/image/product.product/8167/image_1024/%5Bcosrx%20propolis%20toner%5D%20Full%20Fit%20Propolis%20Synergy%20Toner%20150ml?unique=6917635"
"1784124965-875","https://koreanbeautypoint.com/page/product_brands","https://koreanbeautypoint.com/shop/brands?brand=5","Full Fit Propolis Light Ampoule - 30ml","Rs 3,600","https://koreanbeautypoint.com/shop/cosrx-propolis-ampoule-full-fit-propolis-light-ampoule-30ml-4536","https://koreanbeautypoint.com/web/image/product.product/8165/image_1024/%5Bcosrx%20propolis%20ampoule%5D%20Full%20Fit%20Propolis%20Light%20Ampoule%20-%2030ml?unique=affe57f"
"1784124965-876","https://koreanbeautypoint.com/page/product_brands","https://koreanbeautypoint.com/shop/brands?brand=5","Peptide 132 Ultra Perfect Hair Bonding Oil Serum 28ml","Rs 2,300","https://koreanbeautypoint.com/shop/cosrx-peptide-hair-serum-peptide-132-ultra-perfect-hair-bonding-oil-serum-28ml-4534","https://koreanbeautypoint.com/web/image/product.product/8163/image_1024/%5Bcosrx%20peptide%20hair%20serum%5D%20Peptide%20132%20Ultra%20Perfect%20Hair%20Bonding%20Oil%20Serum%2028ml?unique=affe57f"
"1784124965-877","https://koreanbeautypoint.com/page/product_brands","https://koreanbeautypoint.com/shop/brands?brand=5","Low pH Good Night Soft Peeling Gel 120ml","Rs 2,600","https://koreanbeautypoint.com/shop/cosrx-low-ph-peeling-gel-low-ph-good-night-soft-peeling-gel-120ml-4531","https://koreanbeautypoint.com/web/image/product.product/8160/image_1024/%5Bcosrx%20low%20ph%20peeling%20gel%5D%20Low%20pH%20Good%20Night%20Soft%20Peeling%20Gel%20120ml?unique=affe57f"
"1784124965-878","https://koreanbeautypoint.com/page/product_brands","https://koreanbeautypoint.com/shop/brands?brand=5","Full Fit Propolis Honey Overnight Mask 60ml","Rs 2,600","https://koreanbeautypoint.com/shop/cosrx-honey-overnight-mask-full-fit-propolis-honey-overnight-mask-60ml-4529","https://koreanbeautypoint.com/web/image/product.product/8158/image_1024/%5Bcosrx%20honey%20overnight%20mask%5D%20Full%20Fit%20Propolis%20Honey%20Overnight%20Mask%2060ml?unique=affe57f"
"1784124965-879","https://koreanbeautypoint.com/page/product_brands","https://koreanbeautypoint.com/shop/brands?brand=5","Hyaluronic Acid Hydra Power Essence 100ml","Rs 2,800","https://koreanbeautypoint.com/shop/cosrx-ha-power-essence-hyaluronic-acid-hydra-power-essence-100ml-4528","https://koreanbeautypoint.com/web/image/product.product/8157/image_1024/%5Bcosrx%20ha%20power%20essence%5D%20Hyaluronic%20Acid%20Hydra%20Power%20Essence%20100ml?unique=affe57f"
"1784124965-880","https://koreanbeautypoint.com/page/product_brands","https://koreanbeautypoint.com/shop/brands?brand=5","Cica Cleanser 150ml","Rs 2,000","https://koreanbeautypoint.com/shop/cosrx-cica-cleanser-cica-cleanser-150ml-4526","https://koreanbeautypoint.com/web/image/product.product/8155/image_1024/%5Bcosrx%20cica%20cleanser%5D%20Cica%20Cleanser%20150ml?unique=affe57f"
"1784124965-881","https://koreanbeautypoint.com/page/product_brands","https://koreanbeautypoint.com/shop/brands?brand=5","Centella Water Alcohol Free Toner 150ml","Rs 2,300","https://koreanbeautypoint.com/shop/cosrx-centella-toner-centella-water-alcohol-free-toner-150ml-4524","https://koreanbeautypoint.com/web/image/product.product/8153/image_1024/%5Bcosrx%20centella%20toner%5D%20Centella%20Water%20Alcohol%20Free%20Toner%20150ml?unique=affe57f"
"1784124965-882","https://koreanbeautypoint.com/page/product_brands","https://koreanbeautypoint.com/shop/brands?brand=5","Centella Blemish Cream 30g","Rs 2,800","https://koreanbeautypoint.com/shop/cosrx-centella-blemish-cream-centella-blemish-cream-30g-4523","https://koreanbeautypoint.com/web/image/product.product/8152/image_1024/%5Bcosrx%20centella%20blemish%20cream%5D%20Centella%20Blemish%20Cream%2030g?unique=affe57f"
"1784124965-883","https://koreanbeautypoint.com/page/product_brands","https://koreanbeautypoint.com/shop/brands?brand=5","BHA Blackhead Power Liquid 100ml","Rs 2,800","https://koreanbeautypoint.com/shop/cosrx-bha-liquid-bha-blackhead-power-liquid-100ml-4521","https://koreanbeautypoint.com/web/image/product.product/8150/image_1024/%5Bcosrx%20BHA%20liquid%5D%20BHA%20Blackhead%20Power%20Liquid%20100ml?unique=d06996b"
"1784124965-884","https://koreanbeautypoint.com/page/product_brands","https://koreanbeautypoint.com/shop/brands?brand=5","Balancium Comfort Ceramide Cream 80g","Rs 2,800","https://koreanbeautypoint.com/shop/cosrx-balancium-ceramide-cream-balancium-comfort-ceramide-cream-80g-4520","https://koreanbeautypoint.com/web/image/product.product/8149/image_1024/%5Bcosrx%20balancium%20ceramide%20cream%5D%20Balancium%20Comfort%20Ceramide%20Cream%2080g?unique=affe57f"
"1784124965-885","https://koreanbeautypoint.com/page/product_brands","https://koreanbeautypoint.com/shop/brands?brand=5","AC Collection Lightweight Soothing Moisturizer 80ml","Rs 2,800","https://koreanbeautypoint.com/shop/cosrx-ac-soothing-cream-ac-collection-lightweight-soothing-moisturizer-80ml-4515","https://koreanbeautypoint.com/web/image/product.product/8144/image_1024/%5Bcosrx%20AC%20soothing%20cream%5D%20AC%20Collection%20Lightweight%20Soothing%20Moisturizer%2080ml?unique=cb36fc5"
"1784124965-886","https://koreanbeautypoint.com/page/product_brands","https://koreanbeautypoint.com/shop/brands?brand=5","The AHA BHA PHA LHA 35 Peel 30ml","Rs 2,600","https://koreanbeautypoint.com/shop/cosrx-35-peel-the-aha-bha-pha-lha-35-peel-30ml-4514","https://koreanbeautypoint.com/web/image/product.product/8143/image_1024/%5Bcosrx%2035%20peel%5D%20The%20AHA%20BHA%20PHA%20LHA%2035%20Peel%2030ml?unique=affe57f"
"1784124974-887","https://koreanbeautypoint.com/page/product_brands","https://koreanbeautypoint.com/shop/brands?brand=70","Retinol 2.5 Serum 60ml","Rs 2,900","https://koreanbeautypoint.com/shop/cos-de-baha-retinol-25-retinol-25-serum-60ml-4512","https://koreanbeautypoint.com/web/image/product.product/8141/image_1024/%5Bcos%20de%20baha%20retinol%202.5%5D%20Retinol%202.5%20Serum%2060ml?unique=affe57f"
"1784124974-888","https://koreanbeautypoint.com/page/product_brands","https://koreanbeautypoint.com/shop/brands?brand=70","AZ Azelaic Acid 10 Serum 30ml","Rs 2,400","https://koreanbeautypoint.com/shop/cos-de-baha-az-serum-az-azelaic-acid-10-serum-30ml-4511","https://koreanbeautypoint.com/web/image/product.product/8140/image_1024/%5Bcos%20de%20baha%20az%20serum%5D%20AZ%20Azelaic%20Acid%2010%20Serum%2030ml?unique=433b209"
"1784124974-889","https://koreanbeautypoint.com/page/product_brands","https://koreanbeautypoint.com/shop/brands?brand=70","AC Azelaic Acid Hinokitiol Clear Serum 30ml","Rs 2,500","https://koreanbeautypoint.com/shop/cos-de-baha-ac-serum-ac-azelaic-acid-hinokitiol-clear-serum-30ml-4510","https://koreanbeautypoint.com/web/image/product.product/8139/image_1024/%5Bcos%20de%20baha%20AC%20serum%5D%20AC%20Azelaic%20Acid%20Hinokitiol%20Clear%20Serum%2030ml?unique=affe57f"
"1784124974-890","https://koreanbeautypoint.com/page/product_brands","https://koreanbeautypoint.com/shop/brands?brand=70","TN Tranexamic Acid Niacinamide Serum 30ml","Rs 2,400","https://koreanbeautypoint.com/shop/cos-de-baha-txa-serum-tn-tranexamic-acid-niacinamide-serum-30ml-4513","https://koreanbeautypoint.com/web/image/product.product/8142/image_1024/%5Bcos%20de%20baha%20TXA%20serum%5D%20TN%20Tranexamic%20Acid%20Niacinamide%20Serum%2030ml?unique=339e199"
"1784124983-891","https://koreanbeautypoint.com/page/product_brands","https://koreanbeautypoint.com/shop/brands?brand=69","Love Eau De Parfum 30ml","Rs 7,500","https://koreanbeautypoint.com/shop/coach-love-parfum-30ml-love-eau-de-parfum-30ml-4508","https://koreanbeautypoint.com/web/image/product.product/8136/image_1024/%5Bcoach%20love%20parfum%2030ml%5D%20Love%20Eau%20De%20Parfum%2030ml?unique=a32673a"
"1784124983-892","https://koreanbeautypoint.com/page/product_brands","https://koreanbeautypoint.com/shop/brands?brand=69","Floral Eau De Parfum 90ml","Rs 12,000","https://koreanbeautypoint.com/shop/coach-floral-parfum-90ml-floral-eau-de-parfum-90ml-4507","https://koreanbeautypoint.com/web/image/product.product/8135/image_1024/%5Bcoach%20floral%20parfum%2090ml%5D%20Floral%20Eau%20De%20Parfum%2090ml?unique=affe57f"
"1784124992-893","https://koreanbeautypoint.com/page/product_brands","https://koreanbeautypoint.com/shop/brands?brand=23","Extreme Gelpresso Pencil Liner - 6 Colors","Rs 1,200","https://koreanbeautypoint.com/shop/extreme-gelpresso-pencil-liner-6-colors-4621","https://koreanbeautypoint.com/web/image/product.product/8278/image_1024/%5Bclio%20gelpresso%2001%5D%20Extreme%20Gelpresso%20Pencil%20Liner%20-%206%20Colors%20%28Black%20brown%29?unique=affe57f"
"1784124992-894","https://koreanbeautypoint.com/page/product_brands","https://koreanbeautypoint.com/shop/brands?brand=23","Kill Lash Superproof Mascara","Rs 1,850","https://koreanbeautypoint.com/shop/kill-lash-superproof-mascara-4784","https://koreanbeautypoint.com/web/image/product.product/8555/image_1024/%5Bclio%20mascara%2004%5D%20Kill%20Lash%20Superproof%20Mascara%20%28Extreme%20Volume%29?unique=b123cbc"
"1784124992-895","https://koreanbeautypoint.com/page/product_brands","https://koreanbeautypoint.com/shop/brands?brand=23","Kill Cover High Glow Cushion Set","Rs 4,000","https://koreanbeautypoint.com/shop/kill-cover-high-glow-cushion-set-4783","https://koreanbeautypoint.com/web/image/product.product/8553/image_1024/%5Bclio%20high%20glow%20cushion%2004%5D%20Kill%20Cover%20High%20Glow%20Cushion%20Set%20%28Ginger%29?unique=affe57f"
"1784124992-896","https://koreanbeautypoint.com/page/product_brands","https://koreanbeautypoint.com/shop/brands?brand=23","Kill Cover Founwear Concealer","Rs 2,000","https://koreanbeautypoint.com/shop/kill-cover-founwear-concealer-4781","https://koreanbeautypoint.com/web/image/product.product/8547/image_1024/%5Bclio%20concealer%2004%5D%20Kill%20Cover%20Founwear%20Concealer%20%28Ginger%29?unique=affe57f"
"1784124992-897","https://koreanbeautypoint.com/page/product_brands","https://koreanbeautypoint.com/shop/brands?brand=23","Kill Cover Founwear Foundation Mini","Rs 2,500","https://koreanbeautypoint.com/shop/kill-cover-founwear-foundation-mini-4782","https://koreanbeautypoint.com/web/image/product.product/8550/image_1024/%5Bclio%20foundation%20mini%2004%5D%20Kill%20Cover%20Founwear%20Foundation%20Mini%20%28Ginger%29?unique=affe57f"
"1784125003-898","https://koreanbeautypoint.com/page/product_brands","https://koreanbeautypoint.com/shop/brands?brand=68","Mucin Collagen Voluming Cream Ampoule 4ml X 5pcs","Rs 4,500","https://koreanbeautypoint.com/shop/cleardea-mucin-collagen-amp-mucin-collagen-voluming-cream-ampoule-4ml-x-5pcs-4505","https://koreanbeautypoint.com/web/image/product.product/8132/image_1024/%5Bcleardea%20mucin%20collagen%20amp%5D%20Mucin%20Collagen%20Voluming%20Cream%20Ampoule%204ml%20X%205pcs?unique=affe57f"
"1784125013-899","https://koreanbeautypoint.com/page/product_brands","https://koreanbeautypoint.com/shop/brands?brand=33","Miss Dior Eau De Parfum 50ml","Rs 20,000","https://koreanbeautypoint.com/shop/miss-dior-parfum-50ml-miss-dior-eau-de-parfum-50ml-4901","https://koreanbeautypoint.com/web/image/product.product/8773/image_1024/%5Bmiss%20dior%20parfum%2050ml%5D%20Miss%20Dior%20Eau%20De%20Parfum%2050ml?unique=affe57f"
"1784125013-900","https://koreanbeautypoint.com/page/product_brands","https://koreanbeautypoint.com/shop/brands?brand=33","Miss Dior Blooming Bouquet Eau De Toilette","Rs 2,500","https://koreanbeautypoint.com/shop/miss-dior-blooming-bouquet-eau-de-toilette-4900","https://koreanbeautypoint.com/web/image/product.product/8771/image_1024/%5Bdior%20blooming%2050ml%5D%20Miss%20Dior%20Blooming%20Bouquet%20Eau%20De%20Toilette%20%2850ml%29?unique=affe57f"
"1784125022-901","https://koreanbeautypoint.com/page/product_brands","https://koreanbeautypoint.com/shop/brands?brand=67","Gabrielle Chanel Eau De Parfum Spray 50ml","Rs 30,000","https://koreanbeautypoint.com/shop/chanel-gabrielle-parfum-50ml-gabrielle-chanel-eau-de-parfum-spray-50ml-4500","https://koreanbeautypoint.com/web/image/product.product/8120/image_1024/%5Bchanel%20gabrielle%20parfum%2050ml%5D%20Gabrielle%20Chanel%20Eau%20De%20Parfum%20Spray%2050ml?unique=affe57f"
"1784125031-902","https://koreanbeautypoint.com/page/product_brands","https://koreanbeautypoint.com/shop/brands?brand=66","Madeca Cream Time Reverse 50ml","Rs 2,600","https://koreanbeautypoint.com/shop/centellian24-madeca-cream-madeca-cream-time-reverse-50ml-4498","https://koreanbeautypoint.com/web/image/product.product/8113/image_1024/%5Bcentellian24%20madeca%20cream%5D%20Madeca%20Cream%20Time%20Reverse%2050ml?unique=339e199"
"1784125031-903","https://koreanbeautypoint.com/page/product_brands","https://koreanbeautypoint.com/shop/brands?brand=66","Madeca Cream Time Reverse Zero 80ml","Rs 3,300","https://koreanbeautypoint.com/shop/centellian24-madeca-cream-zero-madeca-cream-time-reverse-zero-80ml-7649","https://koreanbeautypoint.com/web/image/product.product/11667/image_1024/%5Bcentellian24%20madeca%20cream%20zero%5D%20Madeca%20Cream%20Time%20Reverse%20Zero%2080ml?unique=339e199"
"1784125040-904","https://koreanbeautypoint.com/page/product_brands","https://koreanbeautypoint.com/shop/brands?brand=171","Skin Blemish Balm Intensive","Rs 2,600","https://koreanbeautypoint.com/shop/skin-blemish-balm-intensive-8734","https://koreanbeautypoint.com/web/image/product.product/15529/image_1024/%5Bfusion%20hazel%20balm%5D%20Skin%20Blemish%20Balm%20Intensive%20%28Hazel%29?unique=55d672c"
"1784125048-905","https://koreanbeautypoint.com/page/product_brands","https://koreanbeautypoint.com/shop/brands?brand=65","The Vita-A Retinol Shot Tightening Serum 30ml","Rs 3,000","https://koreanbeautypoint.com/shop/celimax-retinol-serum-the-vita-a-retinol-shot-tightening-serum-30ml-4496","https://koreanbeautypoint.com/web/image/product.product/8110/image_1024/%5Bcelimax%20retinol%20serum%5D%20The%20Vita-A%20Retinol%20Shot%20Tightening%20Serum%2030ml?unique=93d169d"
"1784125048-906","https://koreanbeautypoint.com/page/product_brands","https://koreanbeautypoint.com/shop/brands?brand=65","The Vita-A Retinal Shot Tightening Booster 15ml","Rs 2,000","https://koreanbeautypoint.com/shop/celimax-retinal-booster-the-vita-a-retinal-shot-tightening-booster-15ml-4495","https://koreanbeautypoint.com/web/image/product.product/8109/image_1024/%5Bcelimax%20retinal%20booster%5D%20The%20Vita-A%20Retinal%20Shot%20Tightening%20Booster%2015ml?unique=9fb4be5"
"1784125048-907","https://koreanbeautypoint.com/page/product_brands","https://koreanbeautypoint.com/shop/brands?brand=65","The Real Noni Energy Ampoule – Calming + Radiance","Rs 3,300","https://koreanbeautypoint.com/shop/celimax-noni-amp-the-real-noni-energy-ampoule-calming-radiance-4494","https://koreanbeautypoint.com/web/image/product.product/8108/image_1024/%5Bcelimax%20noni%20amp%5D%20The%20Real%20Noni%20Energy%20Ampoule%20%E2%80%93%20Calming%20%2B%20Radiance?unique=339e199"
"1784125048-908","https://koreanbeautypoint.com/page/product_brands","https://koreanbeautypoint.com/shop/brands?brand=65","Dual Barrier Creamy Toner","Rs 3,300","https://koreanbeautypoint.com/shop/celimax-barrier-toner-dual-barrier-creamy-toner-8733","https://koreanbeautypoint.com/web/image/product.product/15491/image_1024/%5Bcelimax%20barrier%20toner%5D%20Dual%20Barrier%20Creamy%20Toner?unique=2a55ba0"
"1784125058-909","https://koreanbeautypoint.com/page/product_brands","https://koreanbeautypoint.com/shop/brands?brand=64","Perfect Power Magnesium 1200mg X 100 Capsule","Rs 3,500","https://koreanbeautypoint.com/shop/calobye-magnesium-capsule-perfect-power-magnesium-1200mg-x-100-capsule-4493","https://koreanbeautypoint.com/web/image/product.product/8107/image_1024/%5Bcalobye%20magnesium%20capsule%5D%20Perfect%20Power%20Magnesium%201200mg%20X%20100%20Capsule?unique=affe57f"
"1784125067-910","https://koreanbeautypoint.com/page/product_brands","https://koreanbeautypoint.com/shop/brands?brand=136","Mandelic Acid Gentle Exfoliating Toner150ml","Rs 4,000","https://koreanbeautypoint.com/shop/wishtrend-mandelic-toner-mandelic-acid-gentle-exfoliating-toner150ml-5223","https://koreanbeautypoint.com/web/image/product.product/9211/image_1024/%5Bwishtrend%20mandelic%20toner%5D%20Mandelic%20Acid%20Gentle%20Exfoliating%20Toner150ml?unique=affe57f"
"1784125076-911","https://koreanbeautypoint.com/page/product_brands","https://koreanbeautypoint.com/shop/brands?brand=63","Brit Sheer Eau De Toilette 100ml","Rs 25,000","https://koreanbeautypoint.com/shop/burberry-brit-sheer-100ml-brit-sheer-eau-de-toilette-100ml-4491","https://koreanbeautypoint.com/web/image/product.product/8102/image_1024/%5Bburberry%20brit%20sheer%20100ml%5D%20Brit%20Sheer%20Eau%20De%20Toilette%20100ml?unique=a32673a"
"1784125085-912","https://koreanbeautypoint.com/page/product_brands","https://koreanbeautypoint.com/shop/brands?brand=61","Zinc Teca Blemish Serum 25ml","Rs 3,000","https://koreanbeautypoint.com/shop/bring-green-zinc-serum-zinc-teca-blemish-serum-25ml-4485","https://koreanbeautypoint.com/web/image/product.product/8096/image_1024/%5Bbring%20green%20zinc%20serum%5D%20Zinc%20Teca%20Blemish%20Serum%2025ml?unique=affe57f"
"1784125093-913","https://koreanbeautypoint.com/page/product_brands","https://koreanbeautypoint.com/shop/brands?brand=60","Beauty Secret Pomegranate Collagen 15sticks","Rs 2,500","https://koreanbeautypoint.com/shop/boto-pomegranate-collagen-stick-beauty-secret-pomegranate-collagen-15sticks-4483","https://koreanbeautypoint.com/web/image/product.product/8094/image_1024/%5Bboto%20pomegranate%20collagen%20stick%5D%20Beauty%20Secret%20Pomegranate%20Collagen%2015sticks?unique=67cb696"
"1784125093-914","https://koreanbeautypoint.com/page/product_brands","https://koreanbeautypoint.com/shop/brands?brand=60","Korean Red Ginseng Extract Pure Stick Gold 10g X 30 Sticks","Rs 4,000","https://koreanbeautypoint.com/shop/boto-ginseng-stick-gold-korean-red-ginseng-extract-pure-stick-gold-10g-x-30-sticks-4482","https://koreanbeautypoint.com/web/image/product.product/8093/image_1024/%5Bboto%20ginseng%20stick%20gold%5D%20Korean%20Red%20Ginseng%20Extract%20Pure%20Stick%20Gold%2010g%20X%2030%20Sticks?unique=affe57f"
"1784125102-915","https://koreanbeautypoint.com/page/product_brands","https://koreanbeautypoint.com/shop/brands?brand=57","Bio Collagen Real Deep Mask 34g X 1ea","Rs 1,020","https://koreanbeautypoint.com/shop/biodance-collagen-mask-bio-collagen-real-deep-mask-34g-x-1ea-4456","https://koreanbeautypoint.com/web/image/product.product/8066/image_1024/%5Bbiodance%20collagen%20mask%5D%20Bio%20Collagen%20Real%20Deep%20Mask%2034g%20X%201ea?unique=1fa3a8f"
"1784125102-916","https://koreanbeautypoint.com/page/product_brands","https://koreanbeautypoint.com/shop/brands?brand=57","Hydro Cera-Nol Real Deep Mask","Rs 1,020","https://koreanbeautypoint.com/shop/biodance-cera-nol-mask-hydro-cera-nol-real-deep-mask-4455","https://koreanbeautypoint.com/web/image/product.product/8065/image_1024/%5Bbiodance%20cera-nol%20mask%5D%20Hydro%20Cera-Nol%20Real%20Deep%20Mask?unique=affe57f"
"1784125113-917","https://koreanbeautypoint.com/page/product_brands","https://koreanbeautypoint.com/shop/brands?brand=56","Mung Bean Cleansing Oil Jumbo 200ml","Rs 3,300","https://koreanbeautypoint.com/shop/beplain-mung-bean-co-mung-bean-cleansing-oil-jumbo-200ml-4448","https://koreanbeautypoint.com/web/image/product.product/8052/image_1024/%5Bbeplain%20mung%20bean%20co%5D%20Mung%20Bean%20Cleansing%20Oil%20Jumbo%20200ml?unique=433b209"
"1784125113-918","https://koreanbeautypoint.com/page/product_brands","https://koreanbeautypoint.com/shop/brands?brand=56","Sunmuse Moisture Sunscreen","Rs 2,600","https://koreanbeautypoint.com/shop/beplain-sunmuse-spf-sunmuse-moisture-sunscreen-8732","https://koreanbeautypoint.com/web/image/product.product/15490/image_1024/%5Bbeplain%20sunmuse%20spf%5D%20Sunmuse%20Moisture%20Sunscreen?unique=585fce8"
"1784125113-919","https://koreanbeautypoint.com/page/product_brands","https://koreanbeautypoint.com/shop/brands?brand=56","Mung Bean pH-Balanced Cleansing Foam 80ml","Rs 2,000","https://koreanbeautypoint.com/shop/beplain-mung-bean-foam-mung-bean-ph-balanced-cleansing-foam-80ml-4449","https://koreanbeautypoint.com/web/image/product.product/8053/image_1024/%5Bbeplain%20mung%20bean%20foam%5D%20Mung%20Bean%20pH-Balanced%20Cleansing%20Foam%2080ml?unique=339e199"
"1784125122-920","https://koreanbeautypoint.com/page/product_brands","https://koreanbeautypoint.com/shop/brands?brand=62","Honest Eyelash Serum 10ml","Rs 2,000","https://koreanbeautypoint.com/shop/bt-honest-lash-serum-honest-eyelash-serum-10ml-4489","https://koreanbeautypoint.com/web/image/product.product/8100/image_1024/%5Bbt%20honest%20lash%20serum%5D%20Honest%20Eyelash%20Serum%2010ml?unique=9349abc"
"1784125122-921","https://koreanbeautypoint.com/page/product_brands","https://koreanbeautypoint.com/shop/brands?brand=62","Fermentation Eye Cream","Rs 1,000","https://koreanbeautypoint.com/shop/fermentation-eye-cream-4488","https://koreanbeautypoint.com/web/image/product.product/10587/image_1024/%5Bbt%20ferment%20eye%20cream%20mini%5D%20Fermentation%20Eye%20Cream%20%2810g%29?unique=affe57f"
"1784125122-922","https://koreanbeautypoint.com/page/product_brands","https://koreanbeautypoint.com/shop/brands?brand=62","Centella Cica Mask Pack 23g","Rs 320","https://koreanbeautypoint.com/shop/bt-cica-mask-centella-cica-mask-pack-23g-4487","https://koreanbeautypoint.com/web/image/product.product/8098/image_1024/%5Bbt%20cica%20mask%5D%20Centella%20Cica%20Mask%20Pack%2023g?unique=433b209"
"1784125122-923","https://koreanbeautypoint.com/page/product_brands","https://koreanbeautypoint.com/shop/brands?brand=62","Snail Bee Ultimate Hydrogel Eye Patch 60 Patches","Rs 2,600","https://koreanbeautypoint.com/shop/bt-snail-eye-patch-snail-bee-ultimate-hydrogel-eye-patch-60-patches-4490","https://koreanbeautypoint.com/web/image/product.product/8101/image_1024/%5Bbt%20snail%20eye%20patch%5D%20Snail%20Bee%20Ultimate%20Hydrogel%20Eye%20Patch%2060%20Patches?unique=affe57f"
"1784125122-924","https://koreanbeautypoint.com/page/product_brands","https://koreanbeautypoint.com/shop/brands?brand=62","Bakuchiol Serum 35ml","Rs 3,000","https://koreanbeautypoint.com/shop/bt-bakuchiol-serum-bakuchiol-serum-35ml-4486","https://koreanbeautypoint.com/web/image/product.product/8097/image_1024/%5Bbt%20bakuchiol%20serum%5D%20Bakuchiol%20Serum%2035ml?unique=affe57f"
"1784125133-925","https://koreanbeautypoint.com/page/product_brands","https://koreanbeautypoint.com/shop/brands?brand=22","Relief Sun : Rice + Probiotics Spf","Rs 500","https://koreanbeautypoint.com/shop/relief-sun-rice-probiotics-spf-5023","https://koreanbeautypoint.com/web/image/product.product/8938/image_1024/%5Bboj%20rice%20spf%20mini%5D%20Relief%20Sun%20:%20Rice%20%2B%20Probiotics%20Spf%20%2810ml%29?unique=339e199"
"1784125133-926","https://koreanbeautypoint.com/page/product_brands","https://koreanbeautypoint.com/shop/brands?brand=22","Dynasty Cream","Rs 2,800","https://koreanbeautypoint.com/shop/dynasty-cream-4600","https://koreanbeautypoint.com/web/image/product.product/8255/image_1024/%5Bboj%20dynasty%20cream%20jumbo%5D%20Dynasty%20Cream%20%28100ml%29?unique=433b209"
"1784125133-927","https://koreanbeautypoint.com/page/product_brands","https://koreanbeautypoint.com/shop/brands?brand=22","Glow Replenishing Rice Milk 150ml","Rs 3,300","https://koreanbeautypoint.com/shop/boj-rice-milk-toner-glow-replenishing-rice-milk-150ml-4480","https://koreanbeautypoint.com/web/image/product.product/8091/image_1024/%5Bboj%20rice%20milk%20toner%5D%20Glow%20Replenishing%20Rice%20Milk%20150ml?unique=be3a7a7"
"1784125133-928","https://koreanbeautypoint.com/page/product_brands","https://koreanbeautypoint.com/shop/brands?brand=22","Ground Rice And Honey Glow Mask 150ml","Rs 3,000","https://koreanbeautypoint.com/shop/boj-rice-honey-mask-ground-rice-and-honey-glow-mask-150ml-4478","https://koreanbeautypoint.com/web/image/product.product/8089/image_1024/%5Bboj%20rice%20%26%20honey%20mask%5D%20Ground%20Rice%20And%20Honey%20Glow%20Mask%20150ml?unique=079a445"
"1784125133-929","https://koreanbeautypoint.com/page/product_brands","https://koreanbeautypoint.com/shop/brands?brand=22","Revive Eye Serum: Ginseng + Retinal 30ml","Rs 2,800","https://koreanbeautypoint.com/shop/boj-revive-eye-serum-revive-eye-serum-ginseng-retinal-30ml-4477","https://koreanbeautypoint.com/web/image/product.product/8088/image_1024/%5Bboj%20revive%20eye%20serum%5D%20Revive%20Eye%20Serum:%20Ginseng%20%2B%20Retinal%2030ml?unique=433b209"
"1784125133-930","https://koreanbeautypoint.com/page/product_brands","https://koreanbeautypoint.com/shop/brands?brand=22","Repair Serum 30ml","Rs 2,600","https://koreanbeautypoint.com/shop/boj-repair-serum-repair-serum-30ml-4476","https://koreanbeautypoint.com/web/image/product.product/8087/image_1024/%5Bboj%20repair%20serum%5D%20Repair%20Serum%2030ml?unique=affe57f"
"1784125133-931","https://koreanbeautypoint.com/page/product_brands","https://koreanbeautypoint.com/shop/brands?brand=22","Red Bean Refreshing Pore Mask 140ml","Rs 3,000","https://koreanbeautypoint.com/shop/boj-red-bean-mask-red-bean-refreshing-pore-mask-140ml-4475","https://koreanbeautypoint.com/web/image/product.product/8086/image_1024/%5Bboj%20red%20bean%20mask%5D%20Red%20Bean%20Refreshing%20Pore%20Mask%20140ml?unique=a084e4e"
"1784125133-932","https://koreanbeautypoint.com/page/product_brands","https://koreanbeautypoint.com/shop/brands?brand=22","Radiance Cleansing Balm 100ml","Rs 2,500","https://koreanbeautypoint.com/shop/boj-radiance-cleansing-balm-radiance-cleansing-balm-100ml-4473","https://koreanbeautypoint.com/web/image/product.product/8084/image_1024/%5Bboj%20radiance%20cleansing%20balm%5D%20Radiance%20Cleansing%20Balm%20100ml?unique=06a6d1e"
"1784125133-933","https://koreanbeautypoint.com/page/product_brands","https://koreanbeautypoint.com/shop/brands?brand=22","Green Plum Refreshing Cleanser 100ml","Rs 2,000","https://koreanbeautypoint.com/shop/boj-plum-cleanser-green-plum-refreshing-cleanser-100ml-4472","https://koreanbeautypoint.com/web/image/product.product/8083/image_1024/%5Bboj%20plum%20cleanser%5D%20Green%20Plum%20Refreshing%20Cleanser%20100ml?unique=552997a"
"1784125133-934","https://koreanbeautypoint.com/page/product_brands","https://koreanbeautypoint.com/shop/brands?brand=22","Green Plum Refreshing Toner : AHA + BHA 150ml","Rs 3,000","https://koreanbeautypoint.com/shop/boj-plum-aha-bha-toner-green-plum-refreshing-toner-aha-bha-150ml-4471","https://koreanbeautypoint.com/web/image/product.product/8082/image_1024/%5Bboj%20plum%20AHA%20BHA%20toner%5D%20Green%20Plum%20Refreshing%20Toner%20:%20AHA%20%2B%20BHA%20150ml?unique=a74e28b"
"1784125133-935","https://koreanbeautypoint.com/page/product_brands","https://koreanbeautypoint.com/shop/brands?brand=22","Jello Skin Massage Cream 200ml","Rs 3,800","https://koreanbeautypoint.com/shop/boj-jello-massage-cream-jello-skin-massage-cream-200ml-4470","https://koreanbeautypoint.com/web/image/product.product/8081/image_1024/%5Bboj%20jello%20massage%20cream%5D%20Jello%20Skin%20Massage%20Cream%20200ml?unique=68d4114"
"1784125133-936","https://koreanbeautypoint.com/page/product_brands","https://koreanbeautypoint.com/shop/brands?brand=22","Glow Deep Serum 30ml","Rs 2,600","https://koreanbeautypoint.com/shop/boj-glow-deep-serum-glow-deep-serum-30ml-4468","https://koreanbeautypoint.com/web/image/product.product/8079/image_1024/%5Bboj%20glow%20deep%20serum%5D%20Glow%20Deep%20Serum%2030ml?unique=804b562"
"1784125133-937","https://koreanbeautypoint.com/page/product_brands","https://koreanbeautypoint.com/shop/brands?brand=22","Revive Ginseng Eye Patch 60 Patches","Rs 2,800","https://koreanbeautypoint.com/shop/boj-ginseng-eye-patch-revive-ginseng-eye-patch-60-patches-4467","https://koreanbeautypoint.com/web/image/product.product/8078/image_1024/%5Bboj%20ginseng%20eye%20patch%5D%20Revive%20Ginseng%20Eye%20Patch%2060%20Patches?unique=9349abc"
"1784125133-938","https://koreanbeautypoint.com/page/product_brands","https://koreanbeautypoint.com/shop/brands?brand=22","Ginseng Cleansing Oil 210ml","Rs 2,800","https://koreanbeautypoint.com/shop/boj-ginseng-co-ginseng-cleansing-oil-210ml-4465","https://koreanbeautypoint.com/web/image/product.product/8076/image_1024/%5Bboj%20ginseng%20co%5D%20Ginseng%20Cleansing%20Oil%20210ml?unique=9349abc"
"1784125133-939","https://koreanbeautypoint.com/page/product_brands","https://koreanbeautypoint.com/shop/brands?brand=22","Centella Asiatica Calming Mask 25ml X 1 Pcs","Rs 300","https://koreanbeautypoint.com/shop/boj-centella-sheetmask-centella-asiatica-calming-mask-25ml-x-1-pcs-4464","https://koreanbeautypoint.com/web/image/product.product/8075/image_1024/%5Bboj%20centella%20sheetmask%5D%20Centella%20Asiatica%20Calming%20Mask%2025ml%20X%201%20Pcs?unique=a460b6e"
"1784125133-940","https://koreanbeautypoint.com/page/product_brands","https://koreanbeautypoint.com/shop/brands?brand=22","Calming Serum 30ml","Rs 2,600","https://koreanbeautypoint.com/shop/boj-calming-serum-calming-serum-30ml-4463","https://koreanbeautypoint.com/web/image/product.product/8074/image_1024/%5Bboj%20calming%20serum%5D%20Calming%20Serum%2030ml?unique=0292ec2"
"1784125133-941","https://koreanbeautypoint.com/page/product_brands","https://koreanbeautypoint.com/shop/brands?brand=22","Apricot Blossom Peeling Gel 100ml","Rs 1,900","https://koreanbeautypoint.com/shop/boj-apricot-peeling-gel-apricot-blossom-peeling-gel-100ml-4461","https://koreanbeautypoint.com/web/image/product.product/8072/image_1024/%5Bboj%20apricot%20peeling%20gel%5D%20Apricot%20Blossom%20Peeling%20Gel%20100ml?unique=5869f3a"
"1784125133-942","https://koreanbeautypoint.com/page/product_brands","https://koreanbeautypoint.com/shop/brands?brand=22","Matte Sun Stick","Rs 2,600","https://koreanbeautypoint.com/shop/matte-sun-stick-4844","https://koreanbeautypoint.com/web/image/product.product/8713/image_1024/%5Bboj%20matte%20sunstick%5D%20Matte%20Sun%20Stick%20%2818g%29?unique=195a5a7"
"1784125133-943","https://koreanbeautypoint.com/page/product_brands","https://koreanbeautypoint.com/shop/brands?brand=22","Relief Sun Aqua-Fresh","Rs 500","https://koreanbeautypoint.com/shop/relief-sun-aqua-fresh-5024","https://koreanbeautypoint.com/web/image/product.product/8941/image_1024/%5Bboj%20aqua%20spf%20mini%5D%20Relief%20Sun%20Aqua-Fresh%20%2810ml%29?unique=d686557"
"1784125133-944","https://koreanbeautypoint.com/page/product_brands","https://koreanbeautypoint.com/shop/brands?brand=22","Light On Serum Centella + Vita C 30ml","Rs 2,800","https://koreanbeautypoint.com/shop/boj-vit-c-light-on-serum-centella-vita-c-30ml-7645","https://koreanbeautypoint.com/web/image/product.product/11663/image_1024/%5Bboj%20vit%20c%5D%20Light%20On%20Serum%20Centella%20%2B%20Vita%20C%2030ml?unique=433b209"
"1784125133-945","https://koreanbeautypoint.com/page/product_brands","https://koreanbeautypoint.com/shop/brands?brand=22","Apricot Blossom Peeling Gel 100ml","Rs 1,900","https://koreanbeautypoint.com/shop/boj-apricot-peeling-gel-apricot-blossom-peeling-gel-100ml-4461","https://koreanbeautypoint.com/web/image/product.product/8072/image_1024/%5Bboj%20apricot%20peeling%20gel%5D%20Apricot%20Blossom%20Peeling%20Gel%20100ml?unique=5869f3a"
"1784125133-946","https://koreanbeautypoint.com/page/product_brands","https://koreanbeautypoint.com/shop/brands?brand=22","Matte Sun Stick","Rs 2,600","https://koreanbeautypoint.com/shop/matte-sun-stick-4844","https://koreanbeautypoint.com/web/image/product.product/8713/image_1024/%5Bboj%20matte%20sunstick%5D%20Matte%20Sun%20Stick%20%2818g%29?unique=195a5a7"
"1784125133-947","https://koreanbeautypoint.com/page/product_brands","https://koreanbeautypoint.com/shop/brands?brand=22","Relief Sun Aqua-Fresh","Rs 500","https://koreanbeautypoint.com/shop/relief-sun-aqua-fresh-5024","https://koreanbeautypoint.com/web/image/product.product/8941/image_1024/%5Bboj%20aqua%20spf%20mini%5D%20Relief%20Sun%20Aqua-Fresh%20%2810ml%29?unique=d686557"
"1784125133-948","https://koreanbeautypoint.com/page/product_brands","https://koreanbeautypoint.com/shop/brands?brand=22","Light On Serum Centella + Vita C 30ml","Rs 2,800","https://koreanbeautypoint.com/shop/boj-vit-c-light-on-serum-centella-vita-c-30ml-7645","https://koreanbeautypoint.com/web/image/product.product/11663/image_1024/%5Bboj%20vit%20c%5D%20Light%20On%20Serum%20Centella%20%2B%20Vita%20C%2030ml?unique=433b209"
"1784125133-949","https://koreanbeautypoint.com/page/product_brands","https://koreanbeautypoint.com/shop/brands?brand=22","Revive Firming Moisturizer 60ml","Rs 3,300","https://koreanbeautypoint.com/shop/boj-revive-cream-60ml-revive-firming-moisturizer-60ml-7639","https://koreanbeautypoint.com/web/image/product.product/11657/image_1024/%5Bboj%20revive%20cream%2060ml%5D%20Revive%20Firming%20Moisturizer%2060ml?unique=eef937f"
"1784125133-950","https://koreanbeautypoint.com/page/product_brands","https://koreanbeautypoint.com/shop/brands?brand=22","Rice Wonderland Set 5pcs","Rs 9,000","https://koreanbeautypoint.com/shop/boj-rice-wonderland-rice-wonderland-set-5pcs-4481","https://koreanbeautypoint.com/web/image/product.product/8092/image_1024/%5Bboj%20rice%20wonderland%5D%20Rice%20Wonderland%20Set%205pcs?unique=affe57f"
"1784125133-951","https://koreanbeautypoint.com/page/product_brands","https://koreanbeautypoint.com/shop/brands?brand=22","Glow Charging Rice Duo Set","Rs 5,000","https://koreanbeautypoint.com/shop/boj-rice-glow-set-glow-charging-rice-duo-set-4479","https://koreanbeautypoint.com/web/image/product.product/8090/image_1024/%5Bboj%20rice%20glow%20set%5D%20Glow%20Charging%20Rice%20Duo%20Set?unique=3cf67e5"
"1784125133-952","https://koreanbeautypoint.com/page/product_brands","https://koreanbeautypoint.com/shop/brands?brand=22","Red Bean Water Gel 100ml","Rs 2,800","https://koreanbeautypoint.com/shop/boj-red-bean-gel-red-bean-water-gel-100ml-4474","https://koreanbeautypoint.com/web/image/product.product/8085/image_1024/%5Bboj%20red%20bean%20gel%5D%20Red%20Bean%20Water%20Gel%20100ml?unique=a87bc81"
"1784125133-953","https://koreanbeautypoint.com/page/product_brands","https://koreanbeautypoint.com/shop/brands?brand=22","Glow Serum 30ml","Rs 2,600","https://koreanbeautypoint.com/shop/boj-glow-serum-glow-serum-30ml-4469","https://koreanbeautypoint.com/web/image/product.product/8080/image_1024/%5Bboj%20glow%20serum%5D%20Glow%20Serum%2030ml?unique=4f4da3b"
"1784125133-954","https://koreanbeautypoint.com/page/product_brands","https://koreanbeautypoint.com/shop/brands?brand=22","Ginseng Essence Water 150ml","Rs 2,800","https://koreanbeautypoint.com/shop/boj-ginseng-essence-ginseng-essence-water-150ml-4466","https://koreanbeautypoint.com/web/image/product.product/8077/image_1024/%5Bboj%20ginseng%20essence%5D%20Ginseng%20Essence%20Water%20150ml?unique=c6625db"
"1784125133-955","https://koreanbeautypoint.com/page/product_brands","https://koreanbeautypoint.com/shop/brands?brand=22","Relief Sun Aqua-Fresh Kit","Rs 4,500","https://koreanbeautypoint.com/shop/boj-aqua-spf-kit-relief-sun-aqua-fresh-kit-4462","https://koreanbeautypoint.com/web/image/product.product/8073/image_1024/%5Bboj%20aqua%20spf%20kit%5D%20Relief%20Sun%20Aqua-Fresh%20Kit?unique=affe57f"
"1784125143-956","https://koreanbeautypoint.com/page/product_brands","https://koreanbeautypoint.com/shop/brands?brand=54","Clean It Zero Cleansing Balm Original 100ml","Rs 3,000","https://koreanbeautypoint.com/shop/banilla-clean-it-zero-balm-clean-it-zero-cleansing-balm-original-100ml-4443","https://koreanbeautypoint.com/web/image/product.product/8047/image_1024/%5Bbanilla%20clean%20it%20zero%20balm%5D%20Clean%20It%20Zero%20Cleansing%20Balm%20Original%20100ml?unique=affe57f"
"1784125152-957","https://koreanbeautypoint.com/page/product_brands","https://koreanbeautypoint.com/shop/brands?brand=59","Matcha Hydrating Foam Cleanser 120ml","Rs 1,600","https://koreanbeautypoint.com/shop/blab-matcha-foam-matcha-hydrating-foam-cleanser-120ml-4459","https://koreanbeautypoint.com/web/image/product.product/8069/image_1024/%5Bblab%20matcha%20foam%5D%20Matcha%20Hydrating%20Foam%20Cleanser%20120ml?unique=affe57f"
"1784125164-958","https://koreanbeautypoint.com/page/product_brands","https://koreanbeautypoint.com/shop/brands?brand=19","Dark Spot Correcting Glow Serum","Rs 500","https://koreanbeautypoint.com/shop/dark-spot-correcting-glow-serum-4565","https://koreanbeautypoint.com/web/image/product.product/8206/image_1024/%5Bay%20dark%20spot%20serum%5D%20Dark%20Spot%20Correcting%20Glow%20Serum%20%2850ml%29?unique=339e199"
"1784125164-959","https://koreanbeautypoint.com/page/product_brands","https://koreanbeautypoint.com/shop/brands?brand=19","Spot The Difference Blemish Treatment 15ml","Rs 2,100","https://koreanbeautypoint.com/shop/ay-spot-treatment-spot-the-difference-blemish-treatment-15ml-4439","https://koreanbeautypoint.com/web/image/product.product/8042/image_1024/%5Bay%20spot%20treatment%5D%20Spot%20The%20Difference%20Blemish%20Treatment%2015ml?unique=d514c1d"
"1784125164-960","https://koreanbeautypoint.com/page/product_brands","https://koreanbeautypoint.com/shop/brands?brand=19","New Skin Resolution Gel Mask 100ml","Rs 2,800","https://koreanbeautypoint.com/shop/ay-resolution-gel-mask-new-skin-resolution-gel-mask-100ml-4438","https://koreanbeautypoint.com/web/image/product.product/8041/image_1024/%5Bay%20resolution%20gel%20mask%5D%20New%20Skin%20Resolution%20Gel%20Mask%20100ml?unique=affe57f"
"1784125164-961","https://koreanbeautypoint.com/page/product_brands","https://koreanbeautypoint.com/shop/brands?brand=19","Panthenol 10 Skin Smoothing Shield Cream 50ml","Rs 2,400","https://koreanbeautypoint.com/shop/ay-panthenol-cream-panthenol-10-skin-smoothing-shield-cream-50ml-4433","https://koreanbeautypoint.com/web/image/product.product/8036/image_1024/%5Bay%20panthenol%20cream%5D%20Panthenol%2010%20Skin%20Smoothing%20Shield%20Cream%2050ml?unique=f3b8e5e"
"1784125164-962","https://koreanbeautypoint.com/page/product_brands","https://koreanbeautypoint.com/shop/brands?brand=19","Heartleaf My Type Calming Cream 60ml","Rs 2,600","https://koreanbeautypoint.com/shop/ay-heartleaf-my-type-cream-heartleaf-my-type-calming-cream-60ml-4430","https://koreanbeautypoint.com/web/image/product.product/8033/image_1024/%5Bay%20heartleaf%20my%20type%20cream%5D%20Heartleaf%20My%20Type%20Calming%20Cream%2060ml?unique=320408b"
"1784125164-963","https://koreanbeautypoint.com/page/product_brands","https://koreanbeautypoint.com/shop/brands?brand=19","Glow Your Own Way Limited Edition Set","Rs 8,000","https://koreanbeautypoint.com/shop/ay-glow-set-glow-your-own-way-limited-edition-set-4428","https://koreanbeautypoint.com/web/image/product.product/8031/image_1024/%5Bay%20glow%20set%5D%20Glow%20Your%20Own%20Way%20Limited%20Edition%20Set?unique=1134e3a"
"1784125164-964","https://koreanbeautypoint.com/page/product_brands","https://koreanbeautypoint.com/shop/brands?brand=19","Dark Spot Correcting Glow Cream 50ml","Rs 3,300","https://koreanbeautypoint.com/shop/ay-dark-spot-cream-dark-spot-correcting-glow-cream-50ml-4423","https://koreanbeautypoint.com/web/image/product.product/8026/image_1024/%5Bay%20dark%20spot%20cream%5D%20Dark%20Spot%20Correcting%20Glow%20Cream%2050ml?unique=3814b2f"
"1784125164-965","https://koreanbeautypoint.com/page/product_brands","https://koreanbeautypoint.com/shop/brands?brand=19","Vegan Collagen Eye Serum","Rs 2,600","https://koreanbeautypoint.com/shop/vegan-collagen-eye-serum-4422","https://koreanbeautypoint.com/web/image/product.product/8025/image_1024/%5Bay%20collagen%20eye%20serum%2010ml%5D%20Vegan%20Collagen%20Eye%20Serum%20%2810ml%29?unique=0c6a6eb"
"1784125164-966","https://koreanbeautypoint.com/page/product_brands","https://koreanbeautypoint.com/shop/brands?brand=19","Vita Glow Lip Oil","Rs 1,900","https://koreanbeautypoint.com/shop/vita-glow-lip-oil-5198","https://koreanbeautypoint.com/web/image/product.product/9173/image_1024/%5Bay%20lip%20oil%20chilled%20berry%5D%20Vita%20Glow%20Lip%20Oil%20%28Chilled%20berry%29?unique=affe57f"
"1784125164-967","https://koreanbeautypoint.com/page/product_brands","https://koreanbeautypoint.com/shop/brands?brand=19","TXA 2.5% Intensive Brightening Cream 50ml","Rs 3,300","https://koreanbeautypoint.com/shop/ay-txa-cream-txa-25-intensive-brightening-cream-50ml-4441","https://koreanbeautypoint.com/web/image/product.product/8044/image_1024/%5Bay%20TXA%20cream%5D%20TXA%202.5%25%20Intensive%20Brightening%20Cream%2050ml?unique=339e199"
"1784125164-968","https://koreanbeautypoint.com/page/product_brands","https://koreanbeautypoint.com/shop/brands?brand=19","Sunday Morning Refreshing Cleansing Foam 120ml","Rs 1,600","https://koreanbeautypoint.com/shop/ay-sunday-morning-foam-sunday-morning-refreshing-cleansing-foam-120ml-4440","https://koreanbeautypoint.com/web/image/product.product/8043/image_1024/%5Bay%20sunday%20morning%20foam%5D%20Sunday%20Morning%20Refreshing%20Cleansing%20Foam%20120ml?unique=2e6be29"
"1784125164-969","https://koreanbeautypoint.com/page/product_brands","https://koreanbeautypoint.com/shop/brands?brand=19","Quinoa One Step Balanced Gel Cleanser 180ml","Rs 1,800","https://koreanbeautypoint.com/shop/ay-quinoa-cleanser-quinoa-one-step-balanced-gel-cleanser-180ml-4437","https://koreanbeautypoint.com/web/image/product.product/8040/image_1024/%5Bay%20quinoa%20cleanser%5D%20Quinoa%20One%20Step%20Balanced%20Gel%20Cleanser%20180ml?unique=affe57f"
"1784125164-970","https://koreanbeautypoint.com/page/product_brands","https://koreanbeautypoint.com/shop/brands?brand=19","Daily Purifying Treatment Toner 200ml","Rs 2,600","https://koreanbeautypoint.com/shop/ay-purifying-toner-daily-purifying-treatment-toner-200ml-4436","https://koreanbeautypoint.com/web/image/product.product/8039/image_1024/%5Bay%20purifying%20toner%5D%20Daily%20Purifying%20Treatment%20Toner%20200ml?unique=affe57f"
"1784125164-971","https://koreanbeautypoint.com/page/product_brands","https://koreanbeautypoint.com/shop/brands?brand=19","PHA Resurfacing Glow Peel 50ml","Rs 2,600","https://koreanbeautypoint.com/shop/ay-pha-peel-pha-resurfacing-glow-peel-50ml-4435","https://koreanbeautypoint.com/web/image/product.product/8038/image_1024/%5Bay%20PHA%20peel%5D%20PHA%20Resurfacing%20Glow%20Peel%2050ml?unique=affe57f"
"1784125164-972","https://koreanbeautypoint.com/page/product_brands","https://koreanbeautypoint.com/shop/brands?brand=19","LHA Peel & Fill Pore Balancing Cream 50ml","Rs 2,400","https://koreanbeautypoint.com/shop/ay-peel-fill-cream-lha-peel-fill-pore-balancing-cream-50ml-4434","https://koreanbeautypoint.com/web/image/product.product/8037/image_1024/%5Bay%20peel%20%26%20fill%20cream%5D%20LHA%20Peel%20%26%20Fill%20Pore%20Balancing%20Cream%2050ml?unique=affe57f"
"1784125164-973","https://koreanbeautypoint.com/page/product_brands","https://koreanbeautypoint.com/shop/brands?brand=19","Complete No-Stress Physical Sunscreen V.3 50ml","Rs 2,600","https://koreanbeautypoint.com/shop/ay-no-stress-physical-spf-complete-no-stress-physical-sunscreen-v3-50ml-4432","https://koreanbeautypoint.com/web/image/product.product/8035/image_1024/%5Bay%20no%20stress%20physical%20spf%5D%20Complete%20No-Stress%20Physical%20Sunscreen%20V.3%2050ml?unique=affe57f"
"1784125164-974","https://koreanbeautypoint.com/page/product_brands","https://koreanbeautypoint.com/shop/brands?brand=19","Mugwort Pore Clarifying Wash Off Pack 100ml","Rs 2,600","https://koreanbeautypoint.com/shop/ay-mugwort-pore-wash-off-mugwort-pore-clarifying-wash-off-pack-100ml-4431","https://koreanbeautypoint.com/web/image/product.product/8034/image_1024/%5Bay%20mugwort%20pore%20wash%20off%5D%20Mugwort%20Pore%20Clarifying%20Wash%20Off%20Pack%20100ml?unique=9fe66fe"
"1784125164-975","https://koreanbeautypoint.com/page/product_brands","https://koreanbeautypoint.com/shop/brands?brand=19","Green Vital Energy Complex Mask 27ml","Rs 300","https://koreanbeautypoint.com/shop/ay-green-vital-sheetmask-green-vital-energy-complex-mask-27ml-4429","https://koreanbeautypoint.com/web/image/product.product/8032/image_1024/%5Bay%20green%20vital%20sheetmask%5D%20Green%20Vital%20Energy%20Complex%20Mask%2027ml?unique=affe57f"
"1784125164-976","https://koreanbeautypoint.com/page/product_brands","https://koreanbeautypoint.com/shop/brands?brand=19","Dark Spot Correcting Glow Toner 125ml","Rs 3,300","https://koreanbeautypoint.com/shop/ay-dark-spot-glow-toner-dark-spot-correcting-glow-toner-125ml-4424","https://koreanbeautypoint.com/web/image/product.product/8027/image_1024/%5Bay%20dark%20spot%20glow%20toner%5D%20Dark%20Spot%20Correcting%20Glow%20Toner%20125ml?unique=affe57f"
"1784125164-977","https://koreanbeautypoint.com/page/product_brands","https://koreanbeautypoint.com/shop/brands?brand=19","Cera-Heart My Type Duo Cream 50ml","Rs 2,600","https://koreanbeautypoint.com/shop/ay-cera-heart-duo-cream-cera-heart-my-type-duo-cream-50ml-4421","https://koreanbeautypoint.com/web/image/product.product/8024/image_1024/%5Bay%20cera%20heart%20duo%20cream%5D%20Cera-Heart%20My%20Type%20Duo%20Cream%2050ml?unique=affe57f"
"1784125164-978","https://koreanbeautypoint.com/page/product_brands","https://koreanbeautypoint.com/shop/brands?brand=19","Mugwort Pore Clarifying Wash Off Pack 100ml","Rs 2,600","https://koreanbeautypoint.com/shop/ay-mugwort-pore-wash-off-mugwort-pore-clarifying-wash-off-pack-100ml-4431","https://koreanbeautypoint.com/web/image/product.product/8034/image_1024/%5Bay%20mugwort%20pore%20wash%20off%5D%20Mugwort%20Pore%20Clarifying%20Wash%20Off%20Pack%20100ml?unique=9fe66fe"
"1784125164-979","https://koreanbeautypoint.com/page/product_brands","https://koreanbeautypoint.com/shop/brands?brand=19","Green Vital Energy Complex Mask 27ml","Rs 300","https://koreanbeautypoint.com/shop/ay-green-vital-sheetmask-green-vital-energy-complex-mask-27ml-4429","https://koreanbeautypoint.com/web/image/product.product/8032/image_1024/%5Bay%20green%20vital%20sheetmask%5D%20Green%20Vital%20Energy%20Complex%20Mask%2027ml?unique=affe57f"
"1784125164-980","https://koreanbeautypoint.com/page/product_brands","https://koreanbeautypoint.com/shop/brands?brand=19","Dark Spot Correcting Glow Toner 125ml","Rs 3,300","https://koreanbeautypoint.com/shop/ay-dark-spot-glow-toner-dark-spot-correcting-glow-toner-125ml-4424","https://koreanbeautypoint.com/web/image/product.product/8027/image_1024/%5Bay%20dark%20spot%20glow%20toner%5D%20Dark%20Spot%20Correcting%20Glow%20Toner%20125ml?unique=affe57f"
"1784125164-981","https://koreanbeautypoint.com/page/product_brands","https://koreanbeautypoint.com/shop/brands?brand=19","Cera-Heart My Type Duo Cream 50ml","Rs 2,600","https://koreanbeautypoint.com/shop/ay-cera-heart-duo-cream-cera-heart-my-type-duo-cream-50ml-4421","https://koreanbeautypoint.com/web/image/product.product/8024/image_1024/%5Bay%20cera%20heart%20duo%20cream%5D%20Cera-Heart%20My%20Type%20Duo%20Cream%2050ml?unique=affe57f"
"1784125164-982","https://koreanbeautypoint.com/page/product_brands","https://koreanbeautypoint.com/shop/brands?brand=19","Calamine Pore Control Capsule Serum 50ml","Rs 2,400","https://koreanbeautypoint.com/shop/ay-calamine-serum-calamine-pore-control-capsule-serum-50ml-4420","https://koreanbeautypoint.com/web/image/product.product/8023/image_1024/%5Bay%20calamine%20serum%5D%20Calamine%20Pore%20Control%20Capsule%20Serum%2050ml?unique=affe57f"
"1784125164-983","https://koreanbeautypoint.com/page/product_brands","https://koreanbeautypoint.com/shop/brands?brand=19","Biome Comforting Infused Toner 200ml","Rs 3,000","https://koreanbeautypoint.com/shop/ay-biome-toner-biome-comforting-infused-toner-200ml-4419","https://koreanbeautypoint.com/web/image/product.product/8022/image_1024/%5Bay%20biome%20toner%5D%20Biome%20Comforting%20Infused%20Toner%20200ml?unique=affe57f"
"1784125164-984","https://koreanbeautypoint.com/page/product_brands","https://koreanbeautypoint.com/shop/brands?brand=19","Biome Double Defense Sunscreen 50ml","Rs 2,000","https://koreanbeautypoint.com/shop/ay-biome-spf-biome-double-defense-sunscreen-50ml-4418","https://koreanbeautypoint.com/web/image/product.product/8021/image_1024/%5Bay%20biome%20spf%5D%20Biome%20Double%20Defense%20Sunscreen%2050ml?unique=affe57f"
"1784125164-985","https://koreanbeautypoint.com/page/product_brands","https://koreanbeautypoint.com/shop/brands?brand=19","Biome Recharging Night Renewal Set Skin Barrier Cream + Panthenol Concentrate 80+8ml","Rs 3,600","https://koreanbeautypoint.com/shop/ay-biome-set-biome-recharging-night-renewal-set-skin-barrier-cream-panthenol-concentrate-808ml-4417","https://koreanbeautypoint.com/web/image/product.product/8020/image_1024/%5Bay%20biome%20set%5D%20Biome%20Recharging%20Night%20Renewal%20Set%20Skin%20Barrier%20Cream%20%2B%20Panthenol%20Concentrate%2080%2B8ml?unique=affe57f"
"1784125164-986","https://koreanbeautypoint.com/page/product_brands","https://koreanbeautypoint.com/shop/brands?brand=19","Biome Resetting Moringa Cleansing Oil 200ml","Rs 2,800","https://koreanbeautypoint.com/shop/ay-biome-moringa-co-biome-resetting-moringa-cleansing-oil-200ml-4416","https://koreanbeautypoint.com/web/image/product.product/8019/image_1024/%5Bay%20biome%20moringa%20co%5D%20Biome%20Resetting%20Moringa%20Cleansing%20Oil%20200ml?unique=affe57f"
"1784125164-987","https://koreanbeautypoint.com/page/product_brands","https://koreanbeautypoint.com/shop/brands?brand=19","Artichoke Intensive Skin Barrier Ampoule 30ml","Rs 2,600","https://koreanbeautypoint.com/shop/ay-artichoke-ampoule-artichoke-intensive-skin-barrier-ampoule-30ml-4415","https://koreanbeautypoint.com/web/image/product.product/8018/image_1024/%5Bay%20artichoke%20ampoule%5D%20Artichoke%20Intensive%20Skin%20Barrier%20Ampoule%2030ml?unique=affe57f"
"1784125172-988","https://koreanbeautypoint.com/page/product_brands","https://koreanbeautypoint.com/shop/brands?brand=37","Rosemary Scalp Scaling Shampoo","Rs 2,350","https://koreanbeautypoint.com/shop/rosemary-scalp-scaling-shampoo-5034","https://koreanbeautypoint.com/web/image/product.product/8959/image_1024/%5Baro%20rosemary%20shampoo%20180ml%5D%20Rosemary%20Scalp%20Scaling%20Shampoo%20%28180ml%29?unique=3e8d725"
"1784125172-989","https://koreanbeautypoint.com/page/product_brands","https://koreanbeautypoint.com/shop/brands?brand=37","Rosemary Scalp Scrub 165g","Rs 2,600","https://koreanbeautypoint.com/shop/aro-rosemary-scalp-scrub-rosemary-scalp-scrub-165g-4414","https://koreanbeautypoint.com/web/image/product.product/8017/image_1024/%5Baro%20rosemary%20scalp%20scrub%5D%20Rosemary%20Scalp%20Scrub%20165g?unique=433b209"
"1784125172-990","https://koreanbeautypoint.com/page/product_brands","https://koreanbeautypoint.com/shop/brands?brand=37","Rosemary Root Enhancer 100ml","Rs 2,350","https://koreanbeautypoint.com/shop/aro-rosemary-root-enhancer-rosemary-root-enhancer-100ml-4413","https://koreanbeautypoint.com/web/image/product.product/8016/image_1024/%5Baro%20rosemary%20root%20enhancer%5D%20Rosemary%20Root%20Enhancer%20100ml?unique=7ff873f"
"1784125172-991","https://koreanbeautypoint.com/page/product_brands","https://koreanbeautypoint.com/shop/brands?brand=37","Rosemary Hair Thickening Conditioner","Rs 2,500","https://koreanbeautypoint.com/shop/rosemary-hair-thickening-conditioner-4412","https://koreanbeautypoint.com/web/image/product.product/10596/image_1024/%5Baromatica%20hair%20conditioner%20mini%5D%20Rosemary%20Hair%20Thickening%20Conditioner%20%28180ml%29?unique=712c3ae"
"1784125172-992","https://koreanbeautypoint.com/page/product_brands","https://koreanbeautypoint.com/shop/brands?brand=37","Reviving Rosehip Cold Press Organic Face Oil 30ml","Rs 3,300","https://koreanbeautypoint.com/shop/aro-rosehip-oil-reviving-rosehip-cold-press-organic-face-oil-30ml-4411","https://koreanbeautypoint.com/web/image/product.product/8014/image_1024/%5Baro%20rosehip%20oil%5D%20Reviving%20Rosehip%20Cold%20Press%20Organic%20Face%20Oil%2030ml?unique=affe57f"
"1784125172-993","https://koreanbeautypoint.com/page/product_brands","https://koreanbeautypoint.com/shop/brands?brand=37","Ritual Hair Oil 50ml","Rs 3,000","https://koreanbeautypoint.com/shop/aro-ritual-hair-oil-ritual-hair-oil-50ml-4410","https://koreanbeautypoint.com/web/image/product.product/8013/image_1024/%5Baro%20ritual%20hair%20oil%5D%20Ritual%20Hair%20Oil%2050ml?unique=affe57f"
"1784125172-994","https://koreanbeautypoint.com/page/product_brands","https://koreanbeautypoint.com/shop/brands?brand=37","Pure & Soft Feminine Wash 170ml","Rs 1,800","https://koreanbeautypoint.com/shop/aro-feminine-wash-pure-soft-feminine-wash-170ml-4409","https://koreanbeautypoint.com/web/image/product.product/8012/image_1024/%5Baro%20feminine%20wash%5D%20Pure%20%26%20Soft%20Feminine%20Wash%20170ml?unique=affe57f"
"1784125172-995","https://koreanbeautypoint.com/page/product_brands","https://koreanbeautypoint.com/shop/brands?brand=37","Rosemary Root Volumizing Scalp Ampoule [20ml]","Rs 9,000","https://koreanbeautypoint.com/shop/aro-rosemary-scalp-ampoule-rosemary-root-volumizing-scalp-ampoule-20ml-7615","https://koreanbeautypoint.com/web/image/product.product/11633/image_1024/%5Baro%20rosemary%20scalp%20ampoule%5D%20Rosemary%20Root%20Volumizing%20Scalp%20Ampoule%20%5B20ml%5D?unique=affe57f"
"1784125184-996","https://koreanbeautypoint.com/page/product_brands","https://koreanbeautypoint.com/shop/brands?brand=53","Fresh Red Smoothie Serum 30 50g","Rs 3,200","https://koreanbeautypoint.com/shop/arencia-red-smoothie-serum-fresh-red-smoothie-serum-30-50g-4408","https://koreanbeautypoint.com/web/image/product.product/8011/image_1024/%5Barencia%20red%20smoothie%20serum%5D%20Fresh%20Red%20Smoothie%20Serum%2030%2050g?unique=affe57f"
"1784125184-997","https://koreanbeautypoint.com/page/product_brands","https://koreanbeautypoint.com/shop/brands?brand=53","Holy Hyssop Serum 30 50g","Rs 3,200","https://koreanbeautypoint.com/shop/arencia-hyssop-serum-holy-hyssop-serum-30-50g-4407","https://koreanbeautypoint.com/web/image/product.product/8010/image_1024/%5Barencia%20hyssop%20serum%5D%20Holy%20Hyssop%20Serum%2030%2050g?unique=affe57f"
"1784125184-998","https://koreanbeautypoint.com/page/product_brands","https://koreanbeautypoint.com/shop/brands?brand=53","Green Artisan's Skin Boosting Cleanser 120g","Rs 3,000","https://koreanbeautypoint.com/shop/arencia-green-cleanser-green-artisans-skin-boosting-cleanser-120g-4406","https://koreanbeautypoint.com/web/image/product.product/8009/image_1024/%5Barencia%20green%20cleanser%5D%20Green%20Artisan%27s%20Skin%20Boosting%20Cleanser%20120g?unique=affe57f"
"1784125184-999","https://koreanbeautypoint.com/page/product_brands","https://koreanbeautypoint.com/shop/brands?brand=53","Vitamin C Booster Shot 30ml","Rs 2,600","https://koreanbeautypoint.com/shop/arencia-vit-c-booster-vitamin-c-booster-shot-30ml-7648","https://koreanbeautypoint.com/web/image/product.product/11666/image_1024/%5Barencia%20vit%20c%20booster%5D%20Vitamin%20C%20Booster%20Shot%2030ml?unique=d840f7e"
"1784125184-1000","https://koreanbeautypoint.com/page/product_brands","https://koreanbeautypoint.com/shop/brands?brand=53","Retinal Booster Shot 30ml","Rs 2,600","https://koreanbeautypoint.com/shop/arencia-retinal-booster-retinal-booster-shot-30ml-7647","https://koreanbeautypoint.com/web/image/product.product/11665/image_1024/%5Barencia%20retinal%20booster%5D%20Retinal%20Booster%20Shot%2030ml?unique=6e4f4bb"
"1784125184-1001","https://koreanbeautypoint.com/page/product_brands","https://koreanbeautypoint.com/shop/brands?brand=53","Fresh Green Rice Mochi Cleanser 120g","Rs 2,600","https://koreanbeautypoint.com/shop/arencia-mochi-cleanser-fresh-green-rice-mochi-cleanser-120g-7646","https://koreanbeautypoint.com/web/image/product.product/11664/image_1024/%5Barencia%20mochi%20cleanser%5D%20Fresh%20Green%20Rice%20Mochi%20Cleanser%20120g?unique=bac3cbf"
"1784125192-1002","https://koreanbeautypoint.com/page/product_brands","https://koreanbeautypoint.com/shop/brands?brand=52","Real Calendula Peel Off Pack 100g","Rs 2,200","https://koreanbeautypoint.com/shop/aprilskin-calendula-peel-real-calendula-peel-off-pack-100g-4404","https://koreanbeautypoint.com/web/image/product.product/8006/image_1024/%5Baprilskin%20calendula%20peel%5D%20Real%20Calendula%20Peel%20Off%20Pack%20100g?unique=affe57f"
"1784125201-1003","https://koreanbeautypoint.com/page/product_brands","https://koreanbeautypoint.com/shop/brands?brand=51","Glutathione Niacinamide Ampoule Serum 40ml","Rs 3,000","https://koreanbeautypoint.com/shop/aplb-gluta-niacin-serum-glutathione-niacinamide-ampoule-serum-40ml-4403","https://koreanbeautypoint.com/web/image/product.product/8005/image_1024/%5Baplb%20gluta%20niacin%20serum%5D%20Glutathione%20Niacinamide%20Ampoule%20Serum%2040ml?unique=affe57f"
"1784125201-1004","https://koreanbeautypoint.com/page/product_brands","https://koreanbeautypoint.com/shop/brands?brand=51","Glutathione Niacinamide Eye Cream 20ml","Rs 2,200","https://koreanbeautypoint.com/shop/aplb-gluta-niacin-eye-cream-glutathione-niacinamide-eye-cream-20ml-4402","https://koreanbeautypoint.com/web/image/product.product/8004/image_1024/%5Baplb%20gluta%20niacin%20eye%20cream%5D%20Glutathione%20Niacinamide%20Eye%20Cream%2020ml?unique=affe57f"
"1784125201-1005","https://koreanbeautypoint.com/page/product_brands","https://koreanbeautypoint.com/shop/brands?brand=51","Glutathione Niacinamide Facial Cream 55ml","Rs 2,600","https://koreanbeautypoint.com/shop/aplb-gluta-niacin-cream-glutathione-niacinamide-facial-cream-55ml-4401","https://koreanbeautypoint.com/web/image/product.product/8003/image_1024/%5Baplb%20gluta%20niacin%20cream%5D%20Glutathione%20Niacinamide%20Facial%20Cream%2055ml?unique=affe57f"
"1784125215-1006","https://koreanbeautypoint.com/page/product_brands","https://koreanbeautypoint.com/shop/brands?brand=9","Niacinamide 10 + TXA 4 Serum","Rs 1,200","https://koreanbeautypoint.com/shop/niacinamide-10-txa-4-serum-4929","https://koreanbeautypoint.com/web/image/product.product/8818/image_1024/%5Banua%20TXA%20serum%20mini%5D%20Niacinamide%2010%20%2B%20TXA%204%20Serum%20%2810ml%29?unique=affe57f"
"1784125215-1007","https://koreanbeautypoint.com/page/product_brands","https://koreanbeautypoint.com/shop/brands?brand=9","Collagen Mask","Rs 1,020","https://koreanbeautypoint.com/shop/collagen-mask-4509","https://koreanbeautypoint.com/web/image/product.product/8137/image_1024/%5Banua%20peach%20collagen%20mask%5D%20Collagen%20Mask%20%28Peach%29?unique=affe57f"
"1784125215-1008","https://koreanbeautypoint.com/page/product_brands","https://koreanbeautypoint.com/shop/brands?brand=9","Zero-Cast Moisturizing Finish Sunscreen 50ml","Rs 2,300","https://koreanbeautypoint.com/shop/anua-zero-cast-spf-zero-cast-moisturizing-finish-sunscreen-50ml-4396","https://koreanbeautypoint.com/web/image/product.product/7998/image_1024/%5Banua%20zero%20cast%20spf%5D%20Zero-Cast%20Moisturizing%20Finish%20Sunscreen%2050ml?unique=727bcf8"
"1784125215-1009","https://koreanbeautypoint.com/page/product_brands","https://koreanbeautypoint.com/shop/brands?brand=9","Niacinamide 5 TXA Brightening Pad 60 Pads","Rs 4,000","https://koreanbeautypoint.com/shop/anua-txa-pad-niacinamide-5-txa-brightening-pad-60-pads-4393","https://koreanbeautypoint.com/web/image/product.product/7995/image_1024/%5Banua%20TXA%20pad%5D%20Niacinamide%205%20TXA%20Brightening%20Pad%2060%20Pads?unique=ddf1213"
"1784125215-1010","https://koreanbeautypoint.com/page/product_brands","https://koreanbeautypoint.com/shop/brands?brand=9","7 Rice Ceramide Hydrating Barrier Serum 50ml","Rs 3,300","https://koreanbeautypoint.com/shop/anua-rice-serum-7-rice-ceramide-hydrating-barrier-serum-50ml-4392","https://koreanbeautypoint.com/web/image/product.product/7994/image_1024/%5Banua%20rice%20serum%5D%207%20Rice%20Ceramide%20Hydrating%20Barrier%20Serum%2050ml?unique=a8255f8"
"1784125215-1011","https://koreanbeautypoint.com/page/product_brands","https://koreanbeautypoint.com/shop/brands?brand=9","Rice Enzyme Brightening Cleansing Powder 40g","Rs 2,200","https://koreanbeautypoint.com/shop/anua-rice-cleansing-powder-rice-enzyme-brightening-cleansing-powder-40g-4391","https://koreanbeautypoint.com/web/image/product.product/7993/image_1024/%5Banua%20rice%20cleansing%20powder%5D%20Rice%20Enzyme%20Brightening%20Cleansing%20Powder%2040g?unique=d6d0c2c"
"1784125215-1012","https://koreanbeautypoint.com/page/product_brands","https://koreanbeautypoint.com/shop/brands?brand=9","Nano Retinol 0.3% Niacin Renewing Serum 30ml","Rs 3,300","https://koreanbeautypoint.com/shop/anua-retinol-03-serum-nano-retinol-03-niacin-renewing-serum-30ml-4389","https://koreanbeautypoint.com/web/image/product.product/7991/image_1024/%5Banua%20retinol%200.3%20serum%5D%20Nano%20Retinol%200.3%25%20Niacin%20Renewing%20Serum%2030ml?unique=0ebd090"
"1784125215-1013","https://koreanbeautypoint.com/page/product_brands","https://koreanbeautypoint.com/shop/brands?brand=9","PDRN Hyaluronic Acid 100 Moisturizing Cream","Rs 3,000","https://koreanbeautypoint.com/shop/anua-pdrn-cream-pdrn-hyaluronic-acid-100-moisturizing-cream-4384","https://koreanbeautypoint.com/web/image/product.product/7986/image_1024/%5Banua%20PDRN%20cream%5D%20PDRN%20Hyaluronic%20Acid%20100%20Moisturizing%20Cream?unique=255e876"
"1784125215-1014","https://koreanbeautypoint.com/page/product_brands","https://koreanbeautypoint.com/shop/brands?brand=9","Matt But Glow Cover Beige 50ml","Rs 2,600","https://koreanbeautypoint.com/shop/anua-matt-but-glow-spf-matt-but-glow-cover-beige-50ml-4380","https://koreanbeautypoint.com/web/image/product.product/7982/image_1024/%5Banua%20matt%20but%20glow%20spf%5D%20Matt%20But%20Glow%20Cover%20Beige%2050ml?unique=f49dfe7"
"1784125215-1015","https://koreanbeautypoint.com/page/product_brands","https://koreanbeautypoint.com/shop/brands?brand=9","Heartleaf LHA Moisture Peeling Gel 120ml","Rs 2,000","https://koreanbeautypoint.com/shop/anua-heartleaf-peeling-gel-heartleaf-lha-moisture-peeling-gel-120ml-4378","https://koreanbeautypoint.com/web/image/product.product/7980/image_1024/%5Banua%20heartleaf%20peeling%20gel%5D%20Heartleaf%20LHA%20Moisture%20Peeling%20Gel%20120ml?unique=affe57f"
"1784125215-1016","https://koreanbeautypoint.com/page/product_brands","https://koreanbeautypoint.com/shop/brands?brand=9","Heartleaf Pore Control Cleansing Oil Mild 200ml","Rs 3,200","https://koreanbeautypoint.com/shop/anua-heartleaf-mild-co-heartleaf-pore-control-cleansing-oil-mild-200ml-4377","https://koreanbeautypoint.com/web/image/product.product/7979/image_1024/%5Banua%20heartleaf%20mild%20co%5D%20Heartleaf%20Pore%20Control%20Cleansing%20Oil%20Mild%20200ml?unique=60d38a7"
"1784125215-1017","https://koreanbeautypoint.com/page/product_brands","https://koreanbeautypoint.com/shop/brands?brand=9","Heartleaf Pore Clay Pack 100ml","Rs 2,600","https://koreanbeautypoint.com/shop/anua-heartleaf-clay-pack-heartleaf-pore-clay-pack-100ml-4375","https://koreanbeautypoint.com/web/image/product.product/7977/image_1024/%5Banua%20heartleaf%20clay%20pack%5D%20Heartleaf%20Pore%20Clay%20Pack%20100ml?unique=62cace9"
"1784125215-1018","https://koreanbeautypoint.com/page/product_brands","https://koreanbeautypoint.com/shop/brands?brand=9","Hyaluronic Acid 8 Catechin Cool Slim Mask 24ml X 1 Sheet","Rs 320","https://koreanbeautypoint.com/shop/anua-ha-slim-mask-hyaluronic-acid-8-catechin-cool-slim-mask-24ml-x-1-sheet-4371","https://koreanbeautypoint.com/web/image/product.product/7973/image_1024/%5Banua%20ha%20slim%20mask%5D%20Hyaluronic%20Acid%208%20Catechin%20Cool%20Slim%20Mask%2024ml%20X%201%20Sheet?unique=433b209"
"1784125215-1019","https://koreanbeautypoint.com/page/product_brands","https://koreanbeautypoint.com/shop/brands?brand=9","Hyaluronic Acid Hydrating Gentle Foaming Cleanser 150ml","Rs 2,000","https://koreanbeautypoint.com/shop/anua-ha-foam-cleanser-hyaluronic-acid-hydrating-gentle-foaming-cleanser-150ml-4368","https://koreanbeautypoint.com/web/image/product.product/7970/image_1024/%5Banua%20ha%20foam%20cleanser%5D%20Hyaluronic%20Acid%20Hydrating%20Gentle%20Foaming%20Cleanser%20150ml?unique=85bcbf0"
"1784125215-1020","https://koreanbeautypoint.com/page/product_brands","https://koreanbeautypoint.com/shop/brands?brand=9","3 Ceramide Panthenol Moisture Barrier Cream 100ml","Rs 3,300","https://koreanbeautypoint.com/shop/anua-ceramide-barrier-cream-3-ceramide-panthenol-moisture-barrier-cream-100ml-4366","https://koreanbeautypoint.com/web/image/product.product/7968/image_1024/%5Banua%20ceramide%20barrier%20cream%5D%203%20Ceramide%20Panthenol%20Moisture%20Barrier%20Cream%20100ml?unique=002d505"
"1784125215-1021","https://koreanbeautypoint.com/page/product_brands","https://koreanbeautypoint.com/shop/brands?brand=9","BHA 2% Gentle Exfoliating Toner 150ml","Rs 3,000","https://koreanbeautypoint.com/shop/anua-bha-2-toner-bha-2-gentle-exfoliating-toner-150ml-4365","https://koreanbeautypoint.com/web/image/product.product/7967/image_1024/%5Banua%20BHA%202%25%20toner%5D%20BHA%202%25%20Gentle%20Exfoliating%20Toner%20150ml?unique=e006f97"
"1784125215-1022","https://koreanbeautypoint.com/page/product_brands","https://koreanbeautypoint.com/shop/brands?brand=9","Azelaic Acid 3 Cica Skin Clarifying Toner 250ml","Rs 3,300","https://koreanbeautypoint.com/shop/anua-azelaic-toner-azelaic-acid-3-cica-skin-clarifying-toner-250ml-4364","https://koreanbeautypoint.com/web/image/product.product/7966/image_1024/%5Banua%20azelaic%20toner%5D%20Azelaic%20Acid%203%20Cica%20Skin%20Clarifying%20Toner%20250ml?unique=433b209"
"1784125215-1023","https://koreanbeautypoint.com/page/product_brands","https://koreanbeautypoint.com/shop/brands?brand=9","Azelaic 10 Hyaluron Redness Soothing Pad 90 Pad","Rs 4,000","https://koreanbeautypoint.com/shop/anua-azelaic-pad-azelaic-10-hyaluron-redness-soothing-pad-90-pad-4363","https://koreanbeautypoint.com/web/image/product.product/7965/image_1024/%5Banua%20azelaic%20pad%5D%20Azelaic%2010%20Hyaluron%20Redness%20Soothing%20Pad%2090%20Pad?unique=f5acfed"
"1784125215-1024","https://koreanbeautypoint.com/page/product_brands","https://koreanbeautypoint.com/shop/brands?brand=9","Heartleaf Succinic Moisture Cleansing Foam","Rs 600","https://koreanbeautypoint.com/shop/heartleaf-succinic-moisture-cleansing-foam-4696","https://koreanbeautypoint.com/web/image/product.product/8410/image_1024/%5Banua%20succinic%20foam%5D%20Heartleaf%20Succinic%20Moisture%20Cleansing%20Foam%20%28150ml%29?unique=339e199"
"1784125215-1025","https://koreanbeautypoint.com/page/product_brands","https://koreanbeautypoint.com/shop/brands?brand=9","Heartleaf Quercetinol Pore Deep Cleansing Foam","Rs 600","https://koreanbeautypoint.com/shop/heartleaf-quercetinol-pore-deep-cleansing-foam-4694","https://koreanbeautypoint.com/web/image/product.product/8406/image_1024/%5Banua%20quercetinol%20foam%5D%20Heartleaf%20Quercetinol%20Pore%20Deep%20Cleansing%20Foam%20%28150ml%29?unique=433b209"
"1784125215-1026","https://koreanbeautypoint.com/page/product_brands","https://koreanbeautypoint.com/shop/brands?brand=9","Azelaic Acid 3 Cica Skin Clarifying Toner 250ml","Rs 3,300","https://koreanbeautypoint.com/shop/anua-azelaic-toner-azelaic-acid-3-cica-skin-clarifying-toner-250ml-4364","https://koreanbeautypoint.com/web/image/product.product/7966/image_1024/%5Banua%20azelaic%20toner%5D%20Azelaic%20Acid%203%20Cica%20Skin%20Clarifying%20Toner%20250ml?unique=433b209"
"1784125215-1027","https://koreanbeautypoint.com/page/product_brands","https://koreanbeautypoint.com/shop/brands?brand=9","Azelaic 10 Hyaluron Redness Soothing Pad 90 Pad","Rs 4,000","https://koreanbeautypoint.com/shop/anua-azelaic-pad-azelaic-10-hyaluron-redness-soothing-pad-90-pad-4363","https://koreanbeautypoint.com/web/image/product.product/7965/image_1024/%5Banua%20azelaic%20pad%5D%20Azelaic%2010%20Hyaluron%20Redness%20Soothing%20Pad%2090%20Pad?unique=f5acfed"
"1784125215-1028","https://koreanbeautypoint.com/page/product_brands","https://koreanbeautypoint.com/shop/brands?brand=9","Heartleaf Succinic Moisture Cleansing Foam","Rs 600","https://koreanbeautypoint.com/shop/heartleaf-succinic-moisture-cleansing-foam-4696","https://koreanbeautypoint.com/web/image/product.product/8410/image_1024/%5Banua%20succinic%20foam%5D%20Heartleaf%20Succinic%20Moisture%20Cleansing%20Foam%20%28150ml%29?unique=339e199"
"1784125215-1029","https://koreanbeautypoint.com/page/product_brands","https://koreanbeautypoint.com/shop/brands?brand=9","Heartleaf Quercetinol Pore Deep Cleansing Foam","Rs 600","https://koreanbeautypoint.com/shop/heartleaf-quercetinol-pore-deep-cleansing-foam-4694","https://koreanbeautypoint.com/web/image/product.product/8406/image_1024/%5Banua%20quercetinol%20foam%5D%20Heartleaf%20Quercetinol%20Pore%20Deep%20Cleansing%20Foam%20%28150ml%29?unique=433b209"
"1784125215-1030","https://koreanbeautypoint.com/page/product_brands","https://koreanbeautypoint.com/shop/brands?brand=9","Heartleaf Pore Control Cleansing Oil","Rs 1,000","https://koreanbeautypoint.com/shop/heartleaf-pore-control-cleansing-oil-4693","https://koreanbeautypoint.com/web/image/product.product/8404/image_1024/%5Banua%20heartleaf%20co%5D%20Heartleaf%20Pore%20Control%20Cleansing%20Oil%20%28200ml%29?unique=691a5c7"
"1784125215-1031","https://koreanbeautypoint.com/page/product_brands","https://koreanbeautypoint.com/shop/brands?brand=9","Heartleaf 80% Soothing Ampoule","Rs 1,000","https://koreanbeautypoint.com/shop/heartleaf-80-soothing-ampoule-4692","https://koreanbeautypoint.com/web/image/product.product/8402/image_1024/%5Banua%20heartleaf%2080%25%20amp%20mini%5D%20Heartleaf%2080%25%20Soothing%20Ampoule%20%2810ml%29?unique=affe57f"
"1784125215-1032","https://koreanbeautypoint.com/page/product_brands","https://koreanbeautypoint.com/shop/brands?brand=9","Heartleaf 77% Soothing Toner","Rs 1,000","https://koreanbeautypoint.com/shop/heartleaf-77-soothing-toner-4691","https://koreanbeautypoint.com/web/image/product.product/10548/image_1024/%5Banua%20heartleaf%2077%20toner%20150ml%5D%20Heartleaf%2077%25%20Soothing%20Toner%20%28150ml%29?unique=433b209"
"1784125215-1033","https://koreanbeautypoint.com/page/product_brands","https://koreanbeautypoint.com/shop/brands?brand=9","Heartleaf 70 Daily Lotion","Rs 600","https://koreanbeautypoint.com/shop/heartleaf-70-daily-lotion-4689","https://koreanbeautypoint.com/web/image/product.product/8395/image_1024/%5Banua%20heartleaf%2070%20lotion%5D%20Heartleaf%2070%20Daily%20Lotion%20%28200ml%29?unique=3814b2f"
"1784125215-1034","https://koreanbeautypoint.com/page/product_brands","https://koreanbeautypoint.com/shop/brands?brand=9","Rice 70 Glow Milky Toner","Rs 600","https://koreanbeautypoint.com/shop/rice-70-glow-milky-toner-5025","https://koreanbeautypoint.com/web/image/product.product/8943/image_1024/%5Banua%20rice%20milky%20toner%5D%20Rice%2070%20Glow%20Milky%20Toner%20%28250ml%29?unique=002d505"
"1784125215-1035","https://koreanbeautypoint.com/page/product_brands","https://koreanbeautypoint.com/shop/brands?brand=9","Pdrn Hyaluronic Acid Capsule","Rs 1,200","https://koreanbeautypoint.com/shop/pdrn-hyaluronic-acid-capsule-4978","https://koreanbeautypoint.com/web/image/product.product/8878/image_1024/%5Banua%20PDRN%20serum%20mini%5D%20Pdrn%20Hyaluronic%20Acid%20Capsule%20%2810ml%29?unique=a661a36"
"1784125215-1036","https://koreanbeautypoint.com/page/product_brands","https://koreanbeautypoint.com/shop/brands?brand=9","Niacinamide TXA Brightening Booster Toner 250ml","Rs 3,300","https://koreanbeautypoint.com/shop/anua-txa-toner-250ml-niacinamide-txa-brightening-booster-toner-250ml-7638","https://koreanbeautypoint.com/web/image/product.product/11656/image_1024/%5Banua%20txa%20toner%20250ml%5D%20Niacinamide%20TXA%20Brightening%20Booster%20Toner%20250ml?unique=35c2642"
"1784125215-1037","https://koreanbeautypoint.com/page/product_brands","https://koreanbeautypoint.com/shop/brands?brand=9","Collagen Retinol Refining Gua Sha Cream","Rs 3,900","https://koreanbeautypoint.com/shop/anua-gua-sha-cream-collagen-retinol-refining-gua-sha-cream-8759","https://koreanbeautypoint.com/web/image/product.product/15517/image_1024/%5Banua%20gua%20sha%20cream%5D%20Collagen%20Retinol%20Refining%20Gua%20Sha%20Cream?unique=92d675a"
"1784125215-1038","https://koreanbeautypoint.com/page/product_brands","https://koreanbeautypoint.com/shop/brands?brand=9","Azelaic Acid 10 Hyaluron Redness Soothing Serum","Rs 1,200","https://koreanbeautypoint.com/shop/azelaic-acid-10-hyaluron-redness-soothing-serum-4442","https://koreanbeautypoint.com/web/image/product.product/8045/image_1024/%5Banua%20azelaic%20serum%20mini%5D%20Azelaic%20Acid%2010%20Hyaluron%20Redness%20Soothing%20Serum%20%2810ml%29?unique=6c201ac"
"1784125215-1039","https://koreanbeautypoint.com/page/product_brands","https://koreanbeautypoint.com/shop/brands?brand=9","Airy Sun Cream 50ml","Rs 2,300","https://koreanbeautypoint.com/shop/anua-heartleaf-airy-spf-airy-sun-cream-50ml-4374","https://koreanbeautypoint.com/web/image/product.product/7976/image_1024/%5Banua%20heartleaf%20airy%20spf%5D%20Airy%20Sun%20Cream%2050ml?unique=affe57f"
"1784125215-1040","https://koreanbeautypoint.com/page/product_brands","https://koreanbeautypoint.com/shop/brands?brand=9","Vitamin C Niacin Tone Up Blemish Pad 60pads","Rs 3,500","https://koreanbeautypoint.com/shop/anua-vita-c-pad-vitamin-c-niacin-tone-up-blemish-pad-60pads-4395","https://koreanbeautypoint.com/web/image/product.product/7997/image_1024/%5Banua%20vita%20c%20pad%5D%20Vitamin%20C%20Niacin%20Tone%20Up%20Blemish%20Pad%2060pads?unique=affe57f"
"1784125215-1041","https://koreanbeautypoint.com/page/product_brands","https://koreanbeautypoint.com/shop/brands?brand=9","Ultra Thin Spot Cover Patch 75pcs","Rs 1,500","https://koreanbeautypoint.com/shop/anua-ultra-thin-spot-patch-ultra-thin-spot-cover-patch-75pcs-4394","https://koreanbeautypoint.com/web/image/product.product/7996/image_1024/%5Banua%20ultra%20thin%20spot%20patch%5D%20Ultra%20Thin%20Spot%20Cover%20Patch%2075pcs?unique=affe57f"
"1784125215-1042","https://koreanbeautypoint.com/page/product_brands","https://koreanbeautypoint.com/shop/brands?brand=9","Rice 70 Intensive Moisturizing Milk 150ml","Rs 3,300","https://koreanbeautypoint.com/shop/anua-rice-70-milk-rice-70-intensive-moisturizing-milk-150ml-4390","https://koreanbeautypoint.com/web/image/product.product/7992/image_1024/%5Banua%20rice%2070%20milk%5D%20Rice%2070%20Intensive%20Moisturizing%20Milk%20150ml?unique=affe57f"
"1784125215-1043","https://koreanbeautypoint.com/page/product_brands","https://koreanbeautypoint.com/shop/brands?brand=9","Peach 77 Niacin Essence Toner 250ml","Rs 3,300","https://koreanbeautypoint.com/shop/anua-peach-77-toner-peach-77-niacin-essence-toner-250ml-4388","https://koreanbeautypoint.com/web/image/product.product/7990/image_1024/%5Banua%20peach%2077%20toner%5D%20Peach%2077%20Niacin%20Essence%20Toner%20250ml?unique=d473a35"
"1784125215-1044","https://koreanbeautypoint.com/page/product_brands","https://koreanbeautypoint.com/shop/brands?brand=9","Peach 77 Niacin Conditioning Milk 150ml","Rs 3,200","https://koreanbeautypoint.com/shop/anua-peach-77-milk-peach-77-niacin-conditioning-milk-150ml-4387","https://koreanbeautypoint.com/web/image/product.product/7989/image_1024/%5Banua%20peach%2077%20milk%5D%20Peach%2077%20Niacin%20Conditioning%20Milk%20150ml?unique=affe57f"
"1784125215-1045","https://koreanbeautypoint.com/page/product_brands","https://koreanbeautypoint.com/shop/brands?brand=9","Peach 70 Niacin Serum 30ml","Rs 3,000","https://koreanbeautypoint.com/shop/anua-peach-70-serum-peach-70-niacin-serum-30ml-4386","https://koreanbeautypoint.com/web/image/product.product/7988/image_1024/%5Banua%20peach%2070%20serum%5D%20Peach%2070%20Niacin%20Serum%2030ml?unique=affe57f"
"1784125215-1046","https://koreanbeautypoint.com/page/product_brands","https://koreanbeautypoint.com/shop/brands?brand=9","PDRN 100 Hyaluronic Acid Glow Pad 60 Pad","Rs 3,600","https://koreanbeautypoint.com/shop/anua-pdrn-pad-pdrn-100-hyaluronic-acid-glow-pad-60-pad-4385","https://koreanbeautypoint.com/web/image/product.product/7987/image_1024/%5Banua%20PDRN%20pad%5D%20PDRN%20100%20Hyaluronic%20Acid%20Glow%20Pad%2060%20Pad?unique=affe57f"
"1784125215-1047","https://koreanbeautypoint.com/page/product_brands","https://koreanbeautypoint.com/shop/brands?brand=9","Heartleaf Cream Mask Night Solution","Rs 300","https://koreanbeautypoint.com/shop/anua-night-solution-sheetmask-heartleaf-cream-mask-night-solution-4383","https://koreanbeautypoint.com/web/image/product.product/7985/image_1024/%5Banua%20night%20solution%20sheetmask%5D%20Heartleaf%20Cream%20Mask%20Night%20Solution?unique=affe57f"
"1784125215-1048","https://koreanbeautypoint.com/page/product_brands","https://koreanbeautypoint.com/shop/brands?brand=9","Triple Acid Spot Care Microdart Patch","Rs 600","https://koreanbeautypoint.com/shop/anua-microdart-patch-triple-acid-spot-care-microdart-patch-4382","https://koreanbeautypoint.com/web/image/product.product/7984/image_1024/%5Banua%20microdart%20patch%5D%20Triple%20Acid%20Spot%20Care%20Microdart%20Patch?unique=affe57f"
"1784125215-1049","https://koreanbeautypoint.com/page/product_brands","https://koreanbeautypoint.com/shop/brands?brand=9","Peach Niacin UV Tone Up Protection 01 Melting Peach 50ml","Rs 2,600","https://koreanbeautypoint.com/shop/anua-melting-peach-spf-peach-niacin-uv-tone-up-protection-01-melting-peach-50ml-4381","https://koreanbeautypoint.com/web/image/product.product/7983/image_1024/%5Banua%20melting%20peach%20spf%5D%20Peach%20Niacin%20UV%20Tone%20Up%20Protection%2001%20Melting%20Peach%2050ml?unique=affe57f"
"1784125215-1050","https://koreanbeautypoint.com/page/product_brands","https://koreanbeautypoint.com/shop/brands?brand=9","Green Lemon Vita C Blemish Serum 20g","Rs 3,000","https://koreanbeautypoint.com/shop/anua-lemon-vita-c-serum-green-lemon-vita-c-blemish-serum-20g-4379","https://koreanbeautypoint.com/web/image/product.product/7981/image_1024/%5Banua%20lemon%20vita%20c%20serum%5D%20Green%20Lemon%20Vita%20C%20Blemish%20Serum%2020g?unique=affe57f"
"1784125215-1051","https://koreanbeautypoint.com/page/product_brands","https://koreanbeautypoint.com/shop/brands?brand=9","Heartleaf 87 Low pH Deep Cleansing Water 500g","Rs 3,000","https://koreanbeautypoint.com/shop/anua-heartleaf-cw-heartleaf-87-low-ph-deep-cleansing-water-500g-4376","https://koreanbeautypoint.com/web/image/product.product/7978/image_1024/%5Banua%20heartleaf%20cw%5D%20Heartleaf%2087%20Low%20pH%20Deep%20Cleansing%20Water%20500g?unique=affe57f"
"1784125215-1052","https://koreanbeautypoint.com/page/product_brands","https://koreanbeautypoint.com/shop/brands?brand=9","Heartleaf 80 Moisture Soothing Ampoule Mask","Rs 300","https://koreanbeautypoint.com/shop/anua-heartleaf-80-sheetmask-heartleaf-80-moisture-soothing-ampoule-mask-4373","https://koreanbeautypoint.com/web/image/product.product/7975/image_1024/%5Banua%20heartleaf%2080%20sheetmask%5D%20Heartleaf%2080%20Moisture%20Soothing%20Ampoule%20Mask?unique=affe57f"
"1784125215-1053","https://koreanbeautypoint.com/page/product_brands","https://koreanbeautypoint.com/shop/brands?brand=9","Heartleaf 77 Clear Pad 70 Pads","Rs 3,500","https://koreanbeautypoint.com/shop/anua-heartleaf-77-pad-heartleaf-77-clear-pad-70-pads-4372","https://koreanbeautypoint.com/web/image/product.product/7974/image_1024/%5Banua%20heartleaf%2077%20pad%5D%20Heartleaf%2077%20Clear%20Pad%2070%20Pads?unique=affe57f"
"1784125215-1054","https://koreanbeautypoint.com/page/product_brands","https://koreanbeautypoint.com/shop/brands?brand=9","8 Hyaluronic Acid Liposome Skin Booster 150ml","Rs 3,500","https://koreanbeautypoint.com/shop/anua-ha-skin-booster-8-hyaluronic-acid-liposome-skin-booster-150ml-4370","https://koreanbeautypoint.com/web/image/product.product/7972/image_1024/%5Banua%20ha%20skin%20booster%5D%208%20Hyaluronic%20Acid%20Liposome%20Skin%20Booster%20150ml?unique=affe57f"
"1784125215-1055","https://koreanbeautypoint.com/page/product_brands","https://koreanbeautypoint.com/shop/brands?brand=9","Hyaluronic Acid Hydrating Gentle Gel Cleanser 150ml","Rs 2,000","https://koreanbeautypoint.com/shop/anua-ha-gel-cleanser-hyaluronic-acid-hydrating-gentle-gel-cleanser-150ml-4369","https://koreanbeautypoint.com/web/image/product.product/7971/image_1024/%5Banua%20ha%20gel%20cleanser%5D%20Hyaluronic%20Acid%20Hydrating%20Gentle%20Gel%20Cleanser%20150ml?unique=98ce9ac"
"1784125215-1056","https://koreanbeautypoint.com/page/product_brands","https://koreanbeautypoint.com/shop/brands?brand=9","Cotton Pad For Toner 60pcs","Rs 600","https://koreanbeautypoint.com/shop/anua-cotton-pad-cotton-pad-for-toner-60pcs-4367","https://koreanbeautypoint.com/web/image/product.product/7969/image_1024/%5Banua%20cotton%20pad%5D%20Cotton%20Pad%20For%20Toner%2060pcs?unique=affe57f"
"1784125215-1057","https://koreanbeautypoint.com/page/product_brands","https://koreanbeautypoint.com/shop/brands?brand=9","Azelaic Acid Cica Skin Soothing Moisturizer 100ml","Rs 3,300","https://koreanbeautypoint.com/shop/anua-azelaic-cream-azelaic-acid-cica-skin-soothing-moisturizer-100ml-4362","https://koreanbeautypoint.com/web/image/product.product/7964/image_1024/%5Banua%20azelaic%20cream%5D%20Azelaic%20Acid%20Cica%20Skin%20Soothing%20Moisturizer%20100ml?unique=9abae60"
"1784125215-1058","https://koreanbeautypoint.com/page/product_brands","https://koreanbeautypoint.com/shop/brands?brand=9","Heartleaf Silky Moisture Sun Cream","Rs 500","https://koreanbeautypoint.com/shop/heartleaf-silky-moisture-sun-cream-4695","https://koreanbeautypoint.com/web/image/product.product/8408/image_1024/%5Banua%20heartleaf%20spf%20mini%5D%20Heartleaf%20Silky%20Moisture%20Sun%20Cream%20%2810ml%29?unique=affe57f"
"1784125215-1059","https://koreanbeautypoint.com/page/product_brands","https://koreanbeautypoint.com/shop/brands?brand=9","PDRN Hyaluronic Acid Hydrating Capsule Mist 100ml","Rs 3,500","https://koreanbeautypoint.com/shop/anua-pdrn-mist-pdrn-hyaluronic-acid-hydrating-capsule-mist-100ml-7644","https://koreanbeautypoint.com/web/image/product.product/11662/image_1024/%5Banua%20pdrn%20mist%5D%20PDRN%20Hyaluronic%20Acid%20Hydrating%20Capsule%20Mist%20100ml?unique=cbd2267"
"1784125215-1060","https://koreanbeautypoint.com/page/product_brands","https://koreanbeautypoint.com/shop/brands?brand=9","PDRN Hyaluronic Acid Moisturizing Cleansing Foam 150ml","Rs 2,000","https://koreanbeautypoint.com/shop/anua-pdrn-foam-pdrn-hyaluronic-acid-moisturizing-cleansing-foam-150ml-7637","https://koreanbeautypoint.com/web/image/product.product/11655/image_1024/%5Banua%20pdrn%20foam%5D%20PDRN%20Hyaluronic%20Acid%20Moisturizing%20Cleansing%20Foam%20150ml?unique=04aa7c8"
"1784125215-1061","https://koreanbeautypoint.com/page/product_brands","https://koreanbeautypoint.com/shop/brands?brand=9","Heartleaf 70% Soothing Cream","Rs 3,200","https://koreanbeautypoint.com/shop/anua-heartleaf-70-cream-heartleaf-70-soothing-cream-7614","https://koreanbeautypoint.com/web/image/product.product/11632/image_1024/%5Banua%20heartleaf%2070%25%20cream%5D%20Heartleaf%2070%25%20Soothing%20Cream?unique=affe57f"
"1784125215-1062","https://koreanbeautypoint.com/page/product_brands","https://koreanbeautypoint.com/shop/brands?brand=9","Heartleaf 70 Intense Calming Cream","Rs 600","https://koreanbeautypoint.com/shop/anua-intense-cream-mini-heartleaf-70-intense-calming-cream-7613","https://koreanbeautypoint.com/web/image/product.product/11631/image_1024/%5Banua%20intense%20cream%20mini%5D%20Heartleaf%2070%20Intense%20Calming%20Cream?unique=affe57f"
"1784125224-1063","https://koreanbeautypoint.com/page/product_brands","https://koreanbeautypoint.com/shop/brands?brand=48","Ato Barrier 365 Hydro Soothing Cream 80ml","Rs 3,600","https://koreanbeautypoint.com/shop/aestura-ato-hydro-cream-ato-barrier-365-hydro-soothing-cream-80ml-4357","https://koreanbeautypoint.com/web/image/product.product/7947/image_1024/%5Baestura%20ato%20hydro%20cream%5D%20Ato%20Barrier%20365%20Hydro%20Soothing%20Cream%2080ml?unique=affe57f"
"1784125224-1064","https://koreanbeautypoint.com/page/product_brands","https://koreanbeautypoint.com/shop/brands?brand=48","Ato Barrier 365 Cream 80ml","Rs 3,500","https://koreanbeautypoint.com/shop/aestura-ato-cream-ato-barrier-365-cream-80ml-4356","https://koreanbeautypoint.com/web/image/product.product/7946/image_1024/%5Baestura%20ato%20cream%5D%20Ato%20Barrier%20365%20Cream%2080ml?unique=affe57f"
"1784125233-1065","https://koreanbeautypoint.com/page/product_brands","https://koreanbeautypoint.com/shop/brands?brand=47","Quick Sunstick Protection Bar 22g","Rs 2,600","https://koreanbeautypoint.com/shop/abib-quick-sunstick-quick-sunstick-protection-bar-22g-4353","https://koreanbeautypoint.com/web/image/product.product/7941/image_1024/%5Babib%20quick%20sunstick%5D%20Quick%20Sunstick%20Protection%20Bar%2022g?unique=d84ee9f"
"1784125233-1066","https://koreanbeautypoint.com/page/product_brands","https://koreanbeautypoint.com/shop/brands?brand=47","PDRN Collagen Lip Mask Glazed Jelly 11g","Rs 2,100","https://koreanbeautypoint.com/shop/abib-pdrn-lip-mask-pdrn-collagen-lip-mask-glazed-jelly-11g-4351","https://koreanbeautypoint.com/web/image/product.product/7939/image_1024/%5Babib%20PDRN%20lip%20mask%5D%20PDRN%20Collagen%20Lip%20Mask%20Glazed%20Jelly%2011g?unique=67cb696"
"1784125233-1067","https://koreanbeautypoint.com/page/product_brands","https://koreanbeautypoint.com/shop/brands?brand=47","Acne Foam Cleanser Heartleaf Foam 150ml","Rs 2,000","https://koreanbeautypoint.com/shop/abib-acne-foam-acne-foam-cleanser-heartleaf-foam-150ml-4345","https://koreanbeautypoint.com/web/image/product.product/7933/image_1024/%5Babib%20acne%20foam%5D%20Acne%20Foam%20Cleanser%20Heartleaf%20Foam%20150ml?unique=8274230"
"1784125233-1068","https://koreanbeautypoint.com/page/product_brands","https://koreanbeautypoint.com/shop/brands?brand=47","Protective Lip Balm SPF15 3.3g","Rs 1,200","https://koreanbeautypoint.com/shop/abib-protective-lip-balm-protective-lip-balm-spf15-33g-4352","https://koreanbeautypoint.com/web/image/product.product/7940/image_1024/%5Babib%20protective%20lip%20balm%5D%20Protective%20Lip%20Balm%20SPF15%203.3g?unique=affe57f"
"1784125233-1069","https://koreanbeautypoint.com/page/product_brands","https://koreanbeautypoint.com/shop/brands?brand=47","PDRN Retinal Eye Patch Glow Jelly 84g","Rs 2,600","https://koreanbeautypoint.com/shop/abib-pdrn-eye-patch-pdrn-retinal-eye-patch-glow-jelly-84g-4350","https://koreanbeautypoint.com/web/image/product.product/7938/image_1024/%5Babib%20PDRN%20eye%20patch%5D%20PDRN%20Retinal%20Eye%20Patch%20Glow%20Jelly%2084g?unique=e24ce81"
"1784125233-1070","https://koreanbeautypoint.com/page/product_brands","https://koreanbeautypoint.com/shop/brands?brand=47","Heartleaf Spot Pad Calming Touch 150ml/80 Pads","Rs 3,500","https://koreanbeautypoint.com/shop/abib-heartleaf-tonerpad-heartleaf-spot-pad-calming-touch-150ml80-pads-4349","https://koreanbeautypoint.com/web/image/product.product/7937/image_1024/%5Babib%20heartleaf%20tonerpad%5D%20Heartleaf%20Spot%20Pad%20Calming%20Touch%20150ml-80%20Pads?unique=affe57f"
"1784125233-1071","https://koreanbeautypoint.com/page/product_brands","https://koreanbeautypoint.com/shop/brands?brand=47","Heartleaf Teca Capsule Serum Calming Drop 50ml","Rs 3,300","https://koreanbeautypoint.com/shop/abib-heartleaf-teca-serum-heartleaf-teca-capsule-serum-calming-drop-50ml-4348","https://koreanbeautypoint.com/web/image/product.product/7936/image_1024/%5Babib%20heartleaf%20teca%20serum%5D%20Heartleaf%20Teca%20Capsule%20Serum%20Calming%20Drop%2050ml?unique=4e8b6cf"
"1784125233-1072","https://koreanbeautypoint.com/page/product_brands","https://koreanbeautypoint.com/shop/brands?brand=47","Glutathiosome Dark Spot Serum Vita Drop 50ml","Rs 3,600","https://koreanbeautypoint.com/shop/abib-glutathiosome-serum-glutathiosome-dark-spot-serum-vita-drop-50ml-4347","https://koreanbeautypoint.com/web/image/product.product/7935/image_1024/%5Babib%20glutathiosome%20serum%5D%20Glutathiosome%20Dark%20Spot%20Serum%20Vita%20Drop%2050ml?unique=638f78a"
"1784125233-1073","https://koreanbeautypoint.com/page/product_brands","https://koreanbeautypoint.com/shop/brands?brand=47","Airy Sunstick Smoothing Bar 23g","Rs 2,600","https://koreanbeautypoint.com/shop/abib-airy-sunstick-airy-sunstick-smoothing-bar-23g-4346","https://koreanbeautypoint.com/web/image/product.product/7934/image_1024/%5Babib%20airy%20sunstick%5D%20Airy%20Sunstick%20Smoothing%20Bar%2023g?unique=16ba00c"
"1784125242-1074","https://koreanbeautypoint.com/page/product_brands","https://koreanbeautypoint.com/shop/brands?brand=50","Honey & Milk Lip Oil 5g","Rs 1,000","https://koreanbeautypoint.com/shop/apieu-honey-lip-oil-honey-milk-lip-oil-5g-4399","https://koreanbeautypoint.com/web/image/product.product/8001/image_1024/%5Bapieu%20honey%20lip%20oil%5D%20Honey%20%26%20Milk%20Lip%20Oil%205g?unique=0ebd090"
"1784125242-1075","https://koreanbeautypoint.com/page/product_brands","https://koreanbeautypoint.com/shop/brands?brand=50","Raspberry Vinegar Hair Mist 105ml","Rs 2,300","https://koreanbeautypoint.com/shop/apieu-hair-vinegar-mist-raspberry-vinegar-hair-mist-105ml-4398","https://koreanbeautypoint.com/web/image/product.product/8000/image_1024/%5Bapieu%20hair%20vinegar%20mist%5D%20Raspberry%20Vinegar%20Hair%20Mist%20105ml?unique=affe57f"
"1784125242-1076","https://koreanbeautypoint.com/page/product_brands","https://koreanbeautypoint.com/shop/brands?brand=50","Honey & Milk Lip Scrub 8ml","Rs 1,000","https://koreanbeautypoint.com/shop/apieu-honey-lip-scrub-honey-milk-lip-scrub-8ml-7624","https://koreanbeautypoint.com/web/image/product.product/11642/image_1024/%5Bapieu%20honey%20lip%20scrub%5D%20Honey%20%26%20Milk%20Lip%20Scrub%208ml?unique=80c63fe"
"1784125242-1077","https://koreanbeautypoint.com/page/product_brands","https://koreanbeautypoint.com/shop/brands?brand=50","Pure Block Tone-Up Sun Base SPF50+ PA+++ 50ml","Rs 1,700","https://koreanbeautypoint.com/shop/apieu-toneup-spf-pure-block-tone-up-sun-base-spf50-pa-50ml-4400","https://koreanbeautypoint.com/web/image/product.product/8002/image_1024/%5Bapieu%20toneup%20spf%5D%20Pure%20Block%20Tone-Up%20Sun%20Base%20SPF50%2B%20PA%2B%2B%2B%2050ml?unique=affe57f"
"1784125242-1078","https://koreanbeautypoint.com/page/product_brands","https://koreanbeautypoint.com/shop/brands?brand=50","Raspberry Hair Vinegar 200ml","Rs 1,800","https://koreanbeautypoint.com/shop/apieu-hair-vinegar-raspberry-hair-vinegar-200ml-4397","https://koreanbeautypoint.com/web/image/product.product/7999/image_1024/%5Bapieu%20hair%20vinegar%5D%20Raspberry%20Hair%20Vinegar%20200ml?unique=affe57f"
